match_id,match_date,competition,season,home_team,away_team,snapshot_minute,home_goals,away_goals,goal_difference,home_xg,away_xg,xg_difference,home_shots,away_shots,shot_difference,home_passes,away_passes,pass_difference,home_pass_completion,away_pass_completion,home_pressures,away_pressures,pressure_difference,home_carries,away_carries,home_recoveries,away_recoveries,home_interceptions,away_interceptions,home_recent_xg,away_recent_xg,home_recent_shots,away_recent_shots,home_recent_pressures,away_recent_pressures,home_momentum,away_momentum,momentum_difference,final_home_goals,final_away_goals,target
303731,2020-02-22,La Liga,2019/2020,Barcelona,Eibar,15,1,0,1,0.3874,0.1267,0.2607,1,2,-1,160,51,109,85.62,76.47,25,34,-9,118,51,10,14,0,4,0.3874,0.0094,1,1,15,26,56.69,43.31,13.38,5,0,Home Win
303731,2020-02-22,La Liga,2019/2020,Barcelona,Eibar,30,1,0,1,0.5426,0.1984,0.3442,4,4,0,290,108,182,86.21,75.0,53,70,-17,218,100,24,22,2,12,0.0,0.058,0,1,24,23,50.36,49.64,0.72,5,0,Home Win
303731,2020-02-22,La Liga,2019/2020,Barcelona,Eibar,45,3,0,3,1.8191,0.1984,1.6207,8,4,4,394,174,220,85.79,71.84,74,88,-14,292,147,31,29,7,16,1.2765,0.0,4,0,10,13,81.85,18.15,63.71,5,0,Home Win
303731,2020-02-22,La Liga,2019/2020,Barcelona,Eibar,60,3,0,3,1.9591,0.4087,1.5503,9,7,2,544,209,335,86.76,68.9,90,112,-22,400,174,38,37,7,19,0.0,0.0978,0,2,12,15,43.93,56.07,-12.13,5,0,Home Win
303731,2020-02-22,La Liga,2019/2020,Barcelona,Eibar,75,3,0,3,1.9591,0.6324,1.3267,9,11,-2,615,279,336,85.85,71.33,105,125,-20,451,241,43,48,9,22,0.0,0.1544,0,2,8,9,30.37,69.63,-39.26,5,0,Home Win
303731,2020-02-22,La Liga,2019/2020,Barcelona,Eibar,85,3,0,3,2.0027,0.671,1.3316,10,12,-2,693,303,390,85.14,71.62,111,139,-28,506,263,47,51,10,26,0.0436,0.0387,1,1,6,14,53.23,46.77,6.47,5,0,Home Win
303532,2020-06-16,La Liga,2019/2020,Barcelona,Leganés,15,0,0,0,0.0,0.4438,-0.4438,0,2,-2,180,55,125,91.67,70.91,21,42,-21,161,37,5,6,2,2,0.0,0.4438,0,2,14,16,40.08,59.92,-19.84,2,0,Home Win
303532,2020-06-16,La Liga,2019/2020,Barcelona,Leganés,30,0,0,0,0.1188,0.4438,-0.3251,1,2,-1,359,93,266,91.36,66.67,36,72,-36,324,57,12,10,2,7,0.1188,0.0,1,0,10,17,69.43,30.57,38.85,2,0,Home Win
303532,2020-06-16,La Liga,2019/2020,Barcelona,Leganés,45,1,0,1,0.2807,0.4438,-0.1631,4,2,2,525,122,403,92.57,68.03,50,101,-51,485,78,17,12,2,7,0.162,0.0,3,0,6,25,75.74,24.26,51.47,2,0,Home Win
303532,2020-06-16,La Liga,2019/2020,Barcelona,Leganés,60,1,0,1,0.2993,0.4768,-0.1776,5,3,2,663,190,473,92.76,74.74,73,139,-66,614,133,24,15,3,8,0.0,0.033,0,1,15,15,39.29,60.71,-21.42,2,0,Home Win
303532,2020-06-16,La Liga,2019/2020,Barcelona,Leganés,75,2,0,2,1.0828,0.5796,0.5031,6,5,1,754,227,527,92.44,75.33,83,167,-84,697,164,29,19,3,9,0.7835,0.1028,1,2,10,15,52.5,47.5,5.01,2,0,Home Win
303532,2020-06-16,La Liga,2019/2020,Barcelona,Leganés,85,2,0,2,1.1153,0.757,0.3584,8,6,2,816,270,546,91.54,74.81,105,191,-86,751,202,36,25,6,10,0.0326,0.1773,2,1,22,24,54.51,45.49,9.01,2,0,Home Win
3773593,2020-09-27,La Liga,2020/2021,Barcelona,Villarreal,15,1,0,1,0.1241,0.0,0.1241,2,0,2,165,87,78,87.88,78.16,18,21,-3,143,62,7,8,2,1,0.083,0.0,1,0,13,13,62.42,37.58,24.84,4,0,Home Win
3773593,2020-09-27,La Liga,2020/2021,Barcelona,Villarreal,30,2,0,2,0.8329,0.0,0.8329,6,0,6,276,186,90,88.04,81.72,41,36,5,244,143,16,14,5,5,0.2156,0.0,2,0,14,11,69.66,30.34,39.33,4,0,Home Win
3773593,2020-09-27,La Liga,2020/2021,Barcelona,Villarreal,45,4,0,4,1.7994,0.1112,1.6881,8,2,6,395,260,135,88.61,80.38,56,57,-1,347,204,19,23,5,5,0.183,0.1112,1,2,12,15,46.19,53.81,-7.62,4,0,Home Win
3773593,2020-09-27,La Liga,2020/2021,Barcelona,Villarreal,60,4,0,4,1.9532,0.1459,1.8073,10,3,7,527,367,160,89.18,81.74,73,83,-10,473,290,24,32,6,6,0.1062,0.0346,1,1,14,15,51.82,48.18,3.65,4,0,Home Win
3773593,2020-09-27,La Liga,2020/2021,Barcelona,Villarreal,75,4,0,4,2.394,0.1459,2.2481,12,3,9,636,442,194,89.47,82.13,89,98,-9,568,354,27,39,6,6,0.386,0.0,1,0,11,12,64.16,35.84,28.32,4,0,Home Win
3773593,2020-09-27,La Liga,2020/2021,Barcelona,Villarreal,85,4,0,4,2.6279,0.1569,2.471,15,4,11,688,536,152,88.66,83.58,108,112,-4,617,436,31,46,8,8,0.234,0.0111,3,1,19,14,57.95,42.05,15.89,4,0,Home Win
3773466,2020-10-01,La Liga,2020/2021,Celta Vigo,Barcelona,15,0,1,-1,0.0,0.2022,-0.2022,0,2,-2,66,162,-96,69.7,85.8,47,22,25,39,135,13,12,2,2,0.0,0.2022,0,2,30,15,36.76,63.24,-26.47,0,3,Away Win
3773466,2020-10-01,La Liga,2020/2021,Celta Vigo,Barcelona,30,0,1,-1,0.0576,0.2022,-0.1446,2,2,0,137,300,-163,70.8,87.67,71,52,19,98,245,23,20,5,4,0.0461,0.0,1,0,16,18,47.55,52.45,-4.89,0,3,Away Win
3773466,2020-10-01,La Liga,2020/2021,Celta Vigo,Barcelona,45,0,1,-1,0.0576,0.2022,-0.1446,2,2,0,207,394,-187,74.4,87.06,95,72,23,151,316,28,25,6,5,0.0,0.0,0,0,12,10,49.62,50.38,-0.75,0,3,Away Win
3773466,2020-10-01,La Liga,2020/2021,Celta Vigo,Barcelona,60,0,2,-2,0.1297,0.3803,-0.2506,3,4,-1,267,491,-224,77.15,86.56,126,84,42,201,396,34,28,7,5,0.0722,0.1781,1,2,15,4,49.4,50.6,-1.21,0,3,Away Win
3773466,2020-10-01,La Liga,2020/2021,Celta Vigo,Barcelona,75,0,2,-2,0.3006,0.422,-0.1214,6,5,1,333,535,-202,79.58,86.17,145,100,45,255,438,39,31,7,6,0.1708,0.0417,3,1,17,14,64.35,35.65,28.7,0,3,Away Win
3773466,2020-10-01,La Liga,2020/2021,Celta Vigo,Barcelona,85,0,2,-2,0.37,0.422,-0.052,8,5,3,386,567,-181,80.31,84.3,153,113,40,307,456,46,36,9,6,0.0694,0.0,2,0,8,13,70.11,29.89,40.21,0,3,Away Win
3773672,2020-10-04,La Liga,2020/2021,Barcelona,Sevilla,15,1,1,0,0.5838,0.2566,0.3271,1,3,-2,79,131,-52,86.08,93.13,25,24,1,57,119,1,8,0,0,0.5838,0.1019,1,1,12,19,46.82,53.18,-6.37,1,1,Draw
3773672,2020-10-04,La Liga,2020/2021,Barcelona,Sevilla,30,1,1,0,0.9125,0.2566,0.6559,4,3,1,203,232,-29,86.7,88.36,42,55,-13,153,202,14,11,0,2,0.0596,0.0,1,0,12,25,53.75,46.25,7.49,1,1,Draw
3773672,2020-10-04,La Liga,2020/2021,Barcelona,Sevilla,45,1,1,0,1.0195,0.2773,0.7423,6,4,2,317,349,-32,87.7,87.97,56,82,-26,241,307,19,18,0,3,0.107,0.0,2,0,7,12,58.33,41.67,16.65,1,1,Draw
3773672,2020-10-04,La Liga,2020/2021,Barcelona,Sevilla,60,1,1,0,1.0195,0.2925,0.727,6,5,1,453,412,41,88.08,86.41,63,119,-56,351,358,28,26,0,3,0.0,0.0153,0,1,5,29,43.22,56.78,-13.56,1,1,Draw
3773672,2020-10-04,La Liga,2020/2021,Barcelona,Sevilla,75,1,1,0,1.0195,0.6628,0.3567,6,9,-3,534,483,51,87.64,86.34,76,152,-76,413,414,31,30,0,4,0.0,0.3248,0,3,5,19,17.27,82.73,-65.45,1,1,Draw
3773672,2020-10-04,La Liga,2020/2021,Barcelona,Sevilla,85,1,1,0,1.4019,0.688,0.7139,8,10,-2,598,533,65,87.63,86.68,85,180,-95,458,466,35,37,0,4,0.3824,0.0252,2,1,9,28,50.21,49.79,0.43,1,1,Draw
3773587,2020-10-17,La Liga,2020/2021,Getafe,Barcelona,15,0,0,0,0.0,0.0,0.0,0,0,0,66,125,-59,63.64,85.6,24,19,5,46,94,7,8,2,0,0.0,0.0,0,0,6,11,50.31,49.69,0.63,1,0,Home Win
3773587,2020-10-17,La Liga,2020/2021,Getafe,Barcelona,30,0,0,0,0.2291,0.4652,-0.236,4,2,2,116,230,-114,66.38,86.09,47,35,12,87,184,16,16,3,1,0.1712,0.4127,3,1,16,9,57.21,42.79,14.43,1,0,Home Win
3773587,2020-10-17,La Liga,2020/2021,Getafe,Barcelona,45,0,0,0,0.2291,0.532,-0.3028,4,3,1,147,337,-190,65.31,86.65,67,44,23,111,272,23,21,3,2,0.0,0.0668,0,1,15,8,38.81,61.19,-22.38,1,0,Home Win
3773587,2020-10-17,La Liga,2020/2021,Getafe,Barcelona,60,1,0,1,1.0126,0.532,0.4807,5,3,2,185,426,-241,64.32,87.32,93,58,35,137,352,28,25,5,2,0.7835,0.0,1,0,11,11,71.04,28.96,42.07,1,0,Home Win
3773587,2020-10-17,La Liga,2020/2021,Getafe,Barcelona,75,1,0,1,1.0126,0.6189,0.3937,5,5,0,210,517,-307,61.43,87.04,120,66,54,155,439,37,35,6,2,0.0,0.0096,0,1,17,4,35.72,64.28,-28.55,1,0,Home Win
3773587,2020-10-17,La Liga,2020/2021,Getafe,Barcelona,85,1,0,1,1.3008,0.6189,0.6819,7,5,2,233,591,-358,59.23,86.97,131,71,60,169,506,43,43,7,2,0.2881,0.0,2,0,11,5,61.88,38.12,23.76,1,0,Home Win
3773585,2020-10-24,La Liga,2020/2021,Barcelona,Real Madrid,15,1,1,0,0.4556,0.4546,0.001,3,2,1,100,124,-24,92.0,94.35,21,41,-20,96,99,5,3,2,1,0.4556,0.1425,3,1,14,29,56.91,43.09,13.82,1,3,Away Win
3773585,2020-10-24,La Liga,2020/2021,Barcelona,Real Madrid,30,1,1,0,0.9338,0.937,-0.0032,5,5,0,180,219,-39,91.11,91.32,52,68,-16,175,175,10,12,3,3,0.4412,0.4824,1,3,21,19,43.02,56.98,-13.96,1,3,Away Win
3773585,2020-10-24,La Liga,2020/2021,Barcelona,Real Madrid,45,1,1,0,0.9338,0.9665,-0.0327,5,6,-1,291,335,-44,89.69,89.85,94,96,-2,270,275,18,21,4,7,0.0,0.0,0,0,22,21,51.34,48.66,2.68,1,3,Away Win
3773585,2020-10-24,La Liga,2020/2021,Barcelona,Real Madrid,60,1,1,0,1.0549,1.1277,-0.0727,7,9,-2,402,410,-8,89.55,89.02,108,127,-19,358,326,22,30,4,7,0.1211,0.0617,2,1,8,20,53.07,46.93,6.15,1,3,Away Win
3773585,2020-10-24,La Liga,2020/2021,Barcelona,Real Madrid,75,1,2,-1,1.2031,1.9112,-0.7081,9,10,-1,485,485,0,89.28,87.63,122,158,-36,422,385,29,40,4,8,0.1481,0.0,2,0,9,27,57.5,42.5,14.99,1,3,Away Win
3773585,2020-10-24,La Liga,2020/2021,Barcelona,Real Madrid,85,1,2,-1,1.2489,2.5621,-1.3132,10,14,-4,562,530,32,88.08,87.36,130,180,-50,488,424,37,49,4,10,0.0458,0.651,1,4,8,22,31.08,68.92,-37.85,1,3,Away Win
3773386,2020-10-31,La Liga,2020/2021,Deportivo Alavés,Barcelona,15,0,0,0,0.0,0.201,-0.201,0,1,-1,76,126,-50,76.32,88.1,41,19,22,53,102,6,8,2,0,0.0,0.201,0,1,17,11,38.46,61.54,-23.08,1,1,Draw
3773386,2020-10-31,La Liga,2020/2021,Deportivo Alavés,Barcelona,30,1,0,1,1.0726,0.3788,0.6938,2,3,-1,114,254,-140,68.42,88.98,77,35,42,81,215,14,19,3,1,0.9762,0.0789,1,1,26,9,60.39,39.61,20.78,1,1,Draw
3773386,2020-10-31,La Liga,2020/2021,Deportivo Alavés,Barcelona,45,1,0,1,1.0903,0.7893,0.301,3,6,-3,135,389,-254,65.93,89.46,112,43,69,99,321,21,28,3,1,0.0178,0.2075,1,2,20,6,41.18,58.82,-17.65,1,1,Draw
3773386,2020-10-31,La Liga,2020/2021,Deportivo Alavés,Barcelona,60,1,0,1,1.0903,1.0044,0.0859,3,10,-7,186,558,-372,66.67,89.61,150,62,88,142,460,32,34,6,3,0.0,0.13,0,2,25,12,35.81,64.19,-28.37,1,1,Draw
3773386,2020-10-31,La Liga,2020/2021,Deportivo Alavés,Barcelona,75,1,1,0,1.1285,1.474,-0.3454,4,14,-10,212,687,-475,66.98,88.79,177,74,103,156,555,36,43,7,3,0.0382,0.1002,1,2,18,7,35.73,64.27,-28.54,1,1,Draw
3773386,2020-10-31,La Liga,2020/2021,Deportivo Alavés,Barcelona,85,1,1,0,1.1285,1.6059,-0.4774,4,18,-14,228,798,-570,65.79,89.22,206,81,125,165,652,41,51,8,4,0.0,0.1319,0,4,29,7,27.56,72.44,-44.88,1,1,Draw
3773477,2020-11-07,La Liga,2020/2021,Barcelona,Real Betis,15,0,0,0,0.1806,0.0745,0.1061,4,2,2,106,112,-6,87.74,78.57,25,31,-6,87,90,5,9,1,1,0.083,0.0745,2,2,19,12,48.4,51.6,-3.21,5,2,Home Win
3773477,2020-11-07,La Liga,2020/2021,Barcelona,Real Betis,30,1,0,1,0.4728,0.149,0.3238,6,4,2,180,203,-23,87.22,80.3,42,46,-4,146,167,9,16,2,3,0.2921,0.0,2,0,9,13,70.78,29.22,41.56,5,2,Home Win
3773477,2020-11-07,La Liga,2020/2021,Barcelona,Real Betis,45,1,0,1,1.2563,0.2431,1.0131,7,5,2,281,269,12,88.26,83.27,56,73,-17,234,226,14,20,4,4,0.0,0.0942,0,1,12,18,41.55,58.45,-16.9,5,2,Home Win
3773477,2020-11-07,La Liga,2020/2021,Barcelona,Real Betis,60,3,1,2,3.1475,0.4274,2.7201,11,8,3,380,342,38,86.84,83.33,77,100,-23,320,285,22,28,4,4,0.9076,0.0552,2,2,13,14,59.62,40.38,19.24,5,2,Home Win
3773477,2020-11-07,La Liga,2020/2021,Barcelona,Real Betis,75,3,2,1,3.364,0.885,2.479,13,9,4,510,406,104,88.04,82.76,102,128,-26,438,334,28,34,5,4,0.2164,0.4576,2,1,16,20,54.61,45.39,9.21,5,2,Home Win
3773477,2020-11-07,La Liga,2020/2021,Barcelona,Real Betis,85,4,2,2,3.7226,0.885,2.8376,15,9,6,600,424,176,88.5,82.55,109,147,-38,520,350,34,37,5,4,0.3587,0.0,2,0,7,19,72.98,27.02,45.96,5,2,Home Win
3773656,2020-11-21,La Liga,2020/2021,Atlético Madrid,Barcelona,15,0,0,0,0.1622,0.1523,0.01,2,1,1,74,144,-70,83.78,91.67,34,31,3,57,125,7,6,2,3,0.1226,0.0,1,0,13,19,49.48,50.52,-1.04,1,0,Home Win
3773656,2020-11-21,La Liga,2020/2021,Atlético Madrid,Barcelona,30,0,0,0,0.1622,0.1523,0.01,2,1,1,164,231,-67,84.15,90.04,68,60,8,123,189,9,12,7,7,0.0,0.0,0,0,22,23,50.31,49.69,0.62,1,0,Home Win
3773656,2020-11-21,La Liga,2020/2021,Atlético Madrid,Barcelona,45,0,0,0,0.1868,0.3275,-0.1407,3,2,1,277,352,-75,85.56,89.77,94,83,11,212,289,13,19,9,9,0.0,0.1753,0,1,18,14,38.75,61.25,-22.5,1,0,Home Win
3773656,2020-11-21,La Liga,2020/2021,Atlético Madrid,Barcelona,60,1,0,1,0.3393,0.5999,-0.2606,5,5,0,379,460,-81,84.43,90.22,130,113,17,289,362,16,25,12,10,0.045,0.2723,1,3,19,13,39.42,60.58,-21.17,1,0,Home Win
3773656,2020-11-21,La Liga,2020/2021,Atlético Madrid,Barcelona,75,1,0,1,0.441,0.7443,-0.3033,8,8,0,482,558,-76,84.02,89.43,161,142,19,363,444,23,28,15,12,0.1017,0.0955,3,2,18,16,56.35,43.65,12.7,1,0,Home Win
3773656,2020-11-21,La Liga,2020/2021,Atlético Madrid,Barcelona,85,1,0,1,0.5629,0.8622,-0.2993,10,10,0,529,613,-84,83.74,88.74,176,159,17,401,491,27,34,19,13,0.1219,0.1179,2,2,15,17,47.56,52.44,-4.87,1,0,Home Win
3773547,2020-11-29,La Liga,2020/2021,Barcelona,Osasuna,15,0,0,0,0.6138,0.0,0.6138,5,0,5,189,51,138,91.01,70.59,13,29,-16,173,33,8,9,4,1,0.6138,0.0,5,0,8,20,80.71,19.29,61.42,4,0,Home Win
3773547,2020-11-29,La Liga,2020/2021,Barcelona,Osasuna,30,1,0,1,2.7075,0.301,2.4065,11,1,10,287,88,199,89.55,75.0,24,37,-13,262,59,17,14,5,2,2.0672,0.0,5,0,7,5,93.05,6.95,86.09,4,0,Home Win
3773547,2020-11-29,La Liga,2020/2021,Barcelona,Osasuna,45,2,0,2,2.765,0.3193,2.4457,13,2,11,474,158,316,90.08,75.32,46,68,-22,440,116,29,21,6,5,0.0575,0.0183,2,1,18,22,62.39,37.61,24.78,4,0,Home Win
3773547,2020-11-29,La Liga,2020/2021,Barcelona,Osasuna,60,3,0,3,3.8642,0.4389,3.4253,16,6,10,592,227,365,90.2,76.65,60,90,-30,549,168,30,32,7,6,0.8388,0.0771,2,1,9,13,65.81,34.19,31.62,4,0,Home Win
3773547,2020-11-29,La Liga,2020/2021,Barcelona,Osasuna,75,4,0,4,3.9246,0.7973,3.1273,17,8,9,674,277,397,89.91,75.09,70,99,-29,618,194,33,41,7,6,0.0604,0.3584,1,2,4,6,39.14,60.86,-21.72,4,0,Home Win
3773547,2020-11-29,La Liga,2020/2021,Barcelona,Osasuna,85,4,0,4,3.9691,1.1068,2.8623,18,10,8,792,329,463,89.9,76.29,84,114,-30,729,231,38,46,9,7,0.0444,0.3095,1,2,14,15,51.01,48.99,2.02,4,0,Home Win
3773428,2020-12-05,La Liga,2020/2021,Cádiz,Barcelona,15,1,0,1,0.8322,0.0712,0.761,1,2,-1,40,161,-121,67.5,90.06,20,14,6,30,145,7,8,5,0,0.8322,0.0335,1,1,5,9,53.64,46.36,7.29,2,1,Home Win
3773428,2020-12-05,La Liga,2020/2021,Cádiz,Barcelona,30,1,0,1,0.8322,0.255,0.5772,1,5,-4,78,267,-189,67.95,87.64,29,26,3,53,237,12,11,7,1,0.0,0.0558,0,1,6,7,26.02,73.98,-47.96,2,1,Home Win
3773428,2020-12-05,La Liga,2020/2021,Cádiz,Barcelona,45,1,0,1,0.8322,0.255,0.5772,1,5,-4,124,453,-329,66.13,86.75,45,44,1,89,396,21,17,12,4,0.0,0.0,0,0,8,9,32.15,67.85,-35.7,2,1,Home Win
3773428,2020-12-05,La Liga,2020/2021,Cádiz,Barcelona,60,1,1,0,0.8489,0.4409,0.4079,2,9,-7,152,667,-515,63.82,88.31,71,62,9,114,584,27,25,16,6,0.0167,0.0751,1,1,14,8,34.36,65.64,-31.29,2,1,Home Win
3773428,2020-12-05,La Liga,2020/2021,Cádiz,Barcelona,75,2,1,1,1.8862,0.7269,1.1594,5,13,-8,172,757,-585,62.21,88.11,86,72,14,126,659,29,30,17,7,0.0,0.2421,0,3,12,10,17.5,82.5,-65.0,2,1,Home Win
3773428,2020-12-05,La Liga,2020/2021,Cádiz,Barcelona,85,2,1,1,2.2876,1.2184,1.0691,7,17,-10,190,839,-649,61.58,87.72,100,76,24,138,730,33,40,20,8,0.4013,0.4916,2,4,14,4,37.19,62.81,-25.63,2,1,Home Win
3773660,2020-12-13,La Liga,2020/2021,Barcelona,Levante UD,15,0,0,0,0.1987,0.4531,-0.2544,3,1,2,162,65,97,90.12,80.0,13,29,-16,117,51,5,4,1,4,0.1086,0.4531,2,1,12,19,56.29,43.71,12.58,1,0,Home Win
3773660,2020-12-13,La Liga,2020/2021,Barcelona,Levante UD,30,0,0,0,0.9118,0.6718,0.24,8,4,4,287,161,126,89.55,86.34,30,51,-21,209,120,11,7,4,5,0.624,0.0635,4,2,9,13,64.53,35.47,29.06,1,0,Home Win
3773660,2020-12-13,La Liga,2020/2021,Barcelona,Levante UD,45,0,0,0,1.103,0.6718,0.4312,13,4,9,380,221,159,88.95,84.16,38,72,-34,280,153,17,10,6,7,0.1911,0.0,5,0,5,8,84.96,15.04,69.91,1,0,Home Win
3773660,2020-12-13,La Liga,2020/2021,Barcelona,Levante UD,60,0,0,0,1.3075,0.6718,0.6357,17,4,13,491,281,210,89.21,82.21,50,99,-49,367,199,24,15,6,11,0.13,0.0,3,0,7,15,71.97,28.03,43.94,1,0,Home Win
3773660,2020-12-13,La Liga,2020/2021,Barcelona,Levante UD,75,1,0,1,1.85,0.6718,1.1782,23,4,19,608,318,290,89.47,80.19,65,130,-65,470,222,33,20,7,15,0.3964,0.0,3,0,13,22,72.81,27.19,45.62,1,0,Home Win
3773660,2020-12-13,La Liga,2020/2021,Barcelona,Levante UD,85,1,0,1,2.059,0.6718,1.3872,24,4,20,688,360,328,89.39,80.0,75,151,-76,537,247,42,22,7,16,0.209,0.0,1,0,10,21,63.49,36.51,26.99,1,0,Home Win
3773523,2020-12-16,La Liga,2020/2021,Barcelona,Real Sociedad,15,0,0,0,0.208,0.0405,0.1674,4,1,3,131,85,46,84.73,82.35,41,41,0,90,60,6,6,1,1,0.1385,0.0405,3,1,22,21,59.32,40.68,18.64,2,1,Home Win
3773523,2020-12-16,La Liga,2020/2021,Barcelona,Real Sociedad,30,1,1,0,0.4357,0.9123,-0.4765,7,2,5,254,133,121,85.83,78.95,57,83,-26,187,86,13,10,2,2,0.1307,0.8717,2,1,11,24,47.55,52.45,-4.89,2,1,Home Win
3773523,2020-12-16,La Liga,2020/2021,Barcelona,Real Sociedad,45,2,1,1,1.4383,1.0027,0.4357,10,3,7,346,203,143,86.42,79.8,83,121,-38,259,138,22,18,2,3,1.0026,0.0,3,0,17,28,70.69,29.31,41.38,2,1,Home Win
3773523,2020-12-16,La Liga,2020/2021,Barcelona,Real Sociedad,60,2,1,1,2.6098,1.0027,1.6072,13,3,10,414,286,128,85.51,81.82,116,152,-36,308,204,29,24,2,4,1.0676,0.0,2,0,24,20,70.82,29.18,41.65,2,1,Home Win
3773523,2020-12-16,La Liga,2020/2021,Barcelona,Real Sociedad,75,2,1,1,2.6483,1.382,1.2663,14,7,7,459,381,78,84.31,82.68,150,178,-28,339,272,36,31,2,4,0.0384,0.3793,1,4,29,17,35.68,64.32,-28.65,2,1,Home Win
3773523,2020-12-16,La Liga,2020/2021,Barcelona,Real Sociedad,85,2,1,1,2.6483,1.9268,0.7214,14,12,2,500,446,54,84.0,82.74,173,198,-25,370,321,41,39,2,4,0.0,0.5449,0,5,23,20,24.22,75.78,-51.56,2,1,Home Win
3773377,2020-12-19,La Liga,2020/2021,Barcelona,Valencia,15,0,0,0,0.0,0.0225,-0.0225,0,1,-1,176,60,116,90.34,80.0,21,28,-7,145,50,9,5,1,2,0.0,0.0,0,0,14,15,53.16,46.84,6.32,2,2,Draw
3773377,2020-12-19,La Liga,2020/2021,Barcelona,Valencia,30,0,1,-1,0.0412,0.4932,-0.452,2,5,-3,306,107,199,90.52,78.5,37,43,-6,254,90,15,11,1,3,0.0162,0.4435,1,3,8,7,40.86,59.14,-18.28,2,2,Draw
3773377,2020-12-19,La Liga,2020/2021,Barcelona,Valencia,45,0,1,-1,0.1578,0.7806,-0.6227,4,8,-4,422,147,275,88.63,73.47,54,60,-6,341,121,21,19,3,4,0.0337,0.2197,1,1,13,13,55.4,44.6,10.8,2,2,Draw
3773377,2020-12-19,La Liga,2020/2021,Barcelona,Valencia,60,2,1,1,2.1987,1.0401,1.1586,10,10,0,543,218,325,88.77,77.06,74,83,-9,436,185,25,25,5,4,0.3729,0.0572,3,1,13,7,66.19,33.81,32.38,2,2,Draw
3773377,2020-12-19,La Liga,2020/2021,Barcelona,Valencia,75,2,2,0,2.4963,1.6375,0.8588,17,11,6,671,264,407,88.38,74.24,94,107,-13,558,218,41,30,9,8,0.1824,0.5974,4,1,16,11,64.94,35.06,29.88,2,2,Draw
3773377,2020-12-19,La Liga,2020/2021,Barcelona,Valencia,85,2,2,0,2.8438,1.6375,1.2062,23,11,12,723,290,433,88.52,74.14,106,115,-9,608,242,45,35,9,10,0.3474,0.0,6,0,12,8,85.4,14.6,70.81,2,2,Draw
3773571,2020-12-22,La Liga,2020/2021,Real Valladolid,Barcelona,15,0,0,0,0.0892,0.0711,0.0181,2,1,1,76,140,-64,84.21,88.57,31,22,9,54,105,7,1,0,4,0.0615,0.0711,1,1,22,14,50.14,49.86,0.28,0,3,Away Win
3773571,2020-12-22,La Liga,2020/2021,Real Valladolid,Barcelona,30,0,1,-1,0.0892,0.5643,-0.4751,2,5,-3,129,271,-142,82.17,91.14,66,46,20,91,218,11,6,1,5,0.0,0.2163,0,2,21,19,31.77,68.23,-36.45,0,3,Away Win
3773571,2020-12-22,La Liga,2020/2021,Real Valladolid,Barcelona,45,0,2,-2,0.0892,1.7931,-1.7039,2,10,-8,217,417,-200,79.72,90.89,99,73,26,153,328,22,15,5,7,0.0,0.4733,0,4,26,20,29.75,70.25,-40.51,0,3,Away Win
3773571,2020-12-22,La Liga,2020/2021,Real Valladolid,Barcelona,60,0,2,-2,0.1594,2.5913,-2.4318,5,15,-10,278,512,-234,80.22,89.84,125,93,32,200,389,30,18,7,7,0.0448,0.266,2,3,15,12,43.63,56.37,-12.74,0,3,Away Win
3773571,2020-12-22,La Liga,2020/2021,Real Valladolid,Barcelona,75,0,3,-3,0.4734,3.1965,-2.723,9,17,-8,369,601,-232,82.11,90.18,140,117,23,268,459,34,22,9,7,0.2014,0.1054,3,1,12,19,57.98,42.02,15.96,0,3,Away Win
3773571,2020-12-22,La Liga,2020/2021,Real Valladolid,Barcelona,85,0,3,-3,0.5445,3.1965,-2.652,10,17,-7,429,669,-240,83.22,89.99,156,134,22,319,503,38,25,11,8,0.0711,0.0,1,0,16,17,58.39,41.61,16.77,0,3,Away Win
3773552,2021-01-03,La Liga,2020/2021,Huesca,Barcelona,15,0,0,0,0.0,0.6427,-0.6427,0,3,-3,49,171,-122,81.63,91.23,44,26,18,36,156,9,6,1,1,0.0,0.6427,0,3,25,13,26.57,73.43,-46.87,0,1,Away Win
3773552,2021-01-03,La Liga,2020/2021,Huesca,Barcelona,30,0,1,-1,0.0,1.5119,-1.5119,0,9,-9,93,340,-247,78.49,90.59,85,44,41,66,310,16,18,2,3,0.0,0.4432,0,4,31,13,27.2,72.8,-45.6,0,1,Away Win
3773552,2021-01-03,La Liga,2020/2021,Huesca,Barcelona,45,0,1,-1,0.0,1.825,-1.825,0,13,-13,172,444,-272,80.81,90.77,110,74,36,131,403,26,27,3,3,0.0,0.2677,0,3,13,17,29.63,70.37,-40.74,0,1,Away Win
3773552,2021-01-03,La Liga,2020/2021,Huesca,Barcelona,60,0,1,-1,0.0,2.0192,-2.0192,0,16,-16,241,590,-349,80.08,91.53,134,108,26,189,513,33,31,5,4,0.0,0.1188,0,2,14,27,30.42,69.58,-39.15,0,1,Away Win
3773552,2021-01-03,La Liga,2020/2021,Huesca,Barcelona,75,0,1,-1,0.304,2.1748,-1.8708,2,18,-16,295,751,-456,80.0,91.48,163,127,36,228,639,35,34,10,4,0.0229,0.1556,1,2,24,13,37.64,62.36,-24.71,0,1,Away Win
3773552,2021-01-03,La Liga,2020/2021,Huesca,Barcelona,85,0,1,-1,0.3364,2.5088,-2.1724,3,20,-17,353,815,-462,81.87,90.92,183,144,39,275,681,38,38,12,4,0.0324,0.334,1,2,20,17,42.71,57.29,-14.58,0,1,Away Win
3764661,2021-01-06,La Liga,2020/2021,Athletic Club,Barcelona,15,1,1,0,0.4087,0.5581,-0.1494,4,3,1,81,109,-28,86.42,88.99,15,23,-8,63,88,4,7,1,2,0.1505,0.5581,2,3,10,15,38.41,61.59,-23.17,2,3,Away Win
3764661,2021-01-06,La Liga,2020/2021,Athletic Club,Barcelona,30,1,1,0,0.4087,0.5701,-0.1614,4,4,0,147,217,-70,84.35,89.86,30,42,-12,111,178,12,11,1,3,0.0,0.012,0,1,12,12,36.08,63.92,-27.84,2,3,Away Win
3764661,2021-01-06,La Liga,2020/2021,Athletic Club,Barcelona,45,1,2,-1,0.4087,0.9626,-0.5539,4,8,-4,221,355,-134,81.45,89.01,56,58,-2,165,297,20,19,2,5,0.0,0.3441,0,3,16,9,25.84,74.16,-48.33,2,3,Away Win
3764661,2021-01-06,La Liga,2020/2021,Athletic Club,Barcelona,60,1,2,-1,0.6887,1.0046,-0.3158,6,9,-3,302,473,-171,82.78,89.85,73,84,-11,224,400,26,24,3,8,0.1992,0.042,1,1,14,15,43.69,56.31,-12.63,2,3,Away Win
3764661,2021-01-06,La Liga,2020/2021,Athletic Club,Barcelona,75,1,3,-2,0.6887,1.2826,-0.5939,6,11,-5,423,541,-118,84.87,88.17,95,114,-19,323,451,33,32,4,11,0.0,0.154,0,1,14,20,46.6,53.4,-6.8,2,3,Away Win
3764661,2021-01-06,La Liga,2020/2021,Athletic Club,Barcelona,85,1,3,-2,0.7254,1.4725,-0.7471,7,13,-6,482,627,-145,84.44,88.84,108,128,-20,365,524,37,37,6,11,0.0366,0.1899,1,2,13,14,38.0,62.0,-23.99,2,3,Away Win
3773565,2021-01-09,La Liga,2020/2021,Granada,Barcelona,15,0,1,-1,0.0428,0.5249,-0.4821,1,3,-2,92,99,-7,89.13,86.87,12,23,-11,65,75,7,6,2,0,0.0,0.5249,0,3,9,9,24.5,75.5,-51.0,0,4,Away Win
3773565,2021-01-09,La Liga,2020/2021,Granada,Barcelona,30,0,1,-1,0.1273,0.5947,-0.4673,3,4,-1,138,228,-90,84.06,89.47,31,38,-7,103,188,15,14,3,2,0.0587,0.0697,1,1,13,9,42.05,57.95,-15.91,0,4,Away Win
3773565,2021-01-09,La Liga,2020/2021,Granada,Barcelona,45,0,3,-3,0.1518,0.8107,-0.6589,4,7,-3,194,341,-147,82.99,90.62,47,53,-6,140,272,19,16,3,2,0.0,0.16,0,2,13,12,29.86,70.14,-40.29,0,4,Away Win
3773565,2021-01-09,La Liga,2020/2021,Granada,Barcelona,60,0,3,-3,0.4107,0.9348,-0.5242,6,8,-2,259,527,-268,82.63,91.65,69,68,1,192,410,26,20,6,4,0.163,0.1241,1,1,17,10,44.69,55.31,-10.61,0,4,Away Win
3773565,2021-01-09,La Liga,2020/2021,Granada,Barcelona,75,0,4,-4,0.4107,1.1469,-0.7363,6,11,-5,280,690,-410,80.71,92.17,95,76,19,204,536,30,27,8,6,0.0,0.1596,0,2,19,7,26.55,73.45,-46.89,0,4,Away Win
3773565,2021-01-09,La Liga,2020/2021,Granada,Barcelona,85,0,4,-4,0.451,1.2692,-0.8182,8,13,-5,313,767,-454,79.55,92.18,109,86,23,237,596,37,31,9,8,0.0403,0.1223,2,2,14,10,47.05,52.95,-5.9,0,4,Away Win
3773403,2021-01-31,La Liga,2020/2021,Barcelona,Athletic Club,15,0,0,0,0.6694,0.0,0.6694,4,0,4,158,63,95,90.51,79.37,19,40,-21,122,55,11,3,0,5,0.3001,0.0,3,0,14,32,64.9,35.1,29.8,2,1,Home Win
3773403,2021-01-31,La Liga,2020/2021,Barcelona,Athletic Club,30,1,0,1,0.7773,0.0243,0.753,6,1,5,225,144,81,90.67,81.25,39,59,-20,166,116,13,5,2,6,0.0375,0.0243,1,1,15,18,46.87,53.13,-6.26,2,1,Home Win
3773403,2021-01-31,La Liga,2020/2021,Barcelona,Athletic Club,45,1,0,1,0.8656,0.0243,0.8413,7,1,6,349,207,142,89.68,79.71,54,89,-35,276,166,22,12,3,7,0.0884,0.0,1,0,12,25,54.92,45.08,9.83,2,1,Home Win
3773403,2021-01-31,La Liga,2020/2021,Barcelona,Athletic Club,60,1,1,0,1.1705,0.0609,1.1096,10,3,7,432,257,175,87.73,79.77,64,110,-46,342,207,28,15,4,10,0.2727,0.0366,2,2,6,12,55.56,44.44,11.12,2,1,Home Win
3773403,2021-01-31,La Liga,2020/2021,Barcelona,Athletic Club,75,2,1,1,1.609,0.1013,1.5077,11,4,7,550,327,223,88.18,79.51,79,128,-49,438,268,34,24,4,12,0.4385,0.0404,1,1,10,14,56.87,43.13,13.75,2,1,Home Win
3773403,2021-01-31,La Liga,2020/2021,Barcelona,Athletic Club,85,2,1,1,1.609,0.1602,1.4488,11,5,6,582,411,171,87.29,81.51,87,140,-53,459,345,40,29,4,14,0.0,0.0589,0,1,8,12,26.44,73.56,-47.11,2,1,Home Win
3773631,2021-02-07,La Liga,2020/2021,Real Betis,Barcelona,15,0,0,0,0.1022,0.0,0.1022,1,0,1,112,108,4,87.5,90.74,32,22,10,84,95,4,8,1,4,0.1022,0.0,1,0,21,14,65.63,34.37,31.27,2,3,Away Win
3773631,2021-02-07,La Liga,2020/2021,Real Betis,Barcelona,30,0,0,0,0.2295,0.2393,-0.0098,2,2,0,145,266,-121,83.45,92.11,60,31,29,108,211,8,12,3,6,0.1274,0.1697,1,1,16,7,43.19,56.81,-13.63,2,3,Away Win
3773631,2021-02-07,La Liga,2020/2021,Real Betis,Barcelona,45,1,0,1,0.6705,0.2393,0.4312,3,2,1,199,436,-237,81.41,91.74,85,45,40,152,340,16,18,5,7,0.441,0.0,1,0,16,9,57.48,42.52,14.97,2,3,Away Win
3773631,2021-02-07,La Liga,2020/2021,Real Betis,Barcelona,60,1,1,0,1.041,0.6229,0.418,4,8,-4,263,568,-305,80.99,92.08,108,79,29,206,448,24,25,6,8,0.3705,0.2405,1,3,12,19,36.37,63.63,-27.26,2,3,Away Win
3773631,2021-02-07,La Liga,2020/2021,Real Betis,Barcelona,75,2,2,0,1.2624,0.8719,0.3905,6,10,-4,320,673,-353,81.88,92.12,139,107,32,257,534,30,28,7,9,0.1947,0.0,1,0,18,20,55.63,44.37,11.25,2,3,Away Win
3773631,2021-02-07,La Liga,2020/2021,Real Betis,Barcelona,85,2,2,0,1.3951,0.936,0.459,8,11,-3,371,724,-353,82.21,91.71,153,118,35,298,581,35,31,7,12,0.1327,0.0642,2,1,14,11,58.22,41.78,16.43,2,3,Away Win
3773526,2021-02-13,La Liga,2020/2021,Barcelona,Deportivo Alavés,15,0,0,0,0.3722,0.1158,0.2564,4,1,3,192,34,158,93.23,73.53,10,44,-34,149,22,8,7,1,7,0.0063,0.1158,1,1,6,18,52.3,47.7,4.59,5,1,Home Win
3773526,2021-02-13,La Liga,2020/2021,Barcelona,Deportivo Alavés,30,1,0,1,0.467,0.1792,0.2877,5,2,3,350,82,268,92.0,68.29,23,75,-52,266,61,14,15,1,12,0.0948,0.0635,1,1,8,25,52.37,47.63,4.74,5,1,Home Win
3773526,2021-02-13,La Liga,2020/2021,Barcelona,Deportivo Alavés,45,2,0,2,0.5181,0.2107,0.3074,7,3,4,481,148,333,90.23,69.59,47,107,-60,371,102,17,25,6,15,0.0512,0.0315,2,1,15,17,58.08,41.92,16.15,5,1,Home Win
3773526,2021-02-13,La Liga,2020/2021,Barcelona,Deportivo Alavés,60,2,1,1,0.7193,0.6092,0.1101,9,6,3,617,190,427,91.09,72.11,64,145,-81,476,128,18,27,6,16,0.0843,0.2493,1,2,10,26,45.11,54.89,-9.77,5,1,Home Win
3773526,2021-02-13,La Liga,2020/2021,Barcelona,Deportivo Alavés,75,4,1,3,1.8596,0.6092,1.2504,15,6,9,751,231,520,91.08,71.86,77,173,-96,578,147,25,30,7,17,0.4239,0.0,3,0,11,17,75.82,24.18,51.63,5,1,Home Win
3773526,2021-02-13,La Liga,2020/2021,Barcelona,Deportivo Alavés,85,5,1,4,2.6352,0.6092,2.026,16,6,10,846,298,548,91.25,72.82,95,189,-94,653,201,28,35,9,18,0.7756,0.0,1,0,18,16,68.02,31.98,36.05,5,1,Home Win
3773415,2021-02-21,La Liga,2020/2021,Barcelona,Cádiz,15,0,0,0,0.0291,0.0,0.0291,1,0,1,166,24,142,87.95,45.83,15,25,-10,146,21,7,10,3,6,0.0291,0.0,1,0,12,12,71.56,28.44,43.12,1,1,Draw
3773415,2021-02-21,La Liga,2020/2021,Barcelona,Cádiz,30,0,0,0,0.4116,0.0,0.4116,8,0,8,289,50,239,88.58,58.0,26,37,-11,254,38,13,11,4,7,0.2486,0.0,4,0,5,12,85.49,14.51,70.98,1,1,Draw
3773415,2021-02-21,La Liga,2020/2021,Barcelona,Cádiz,45,1,0,1,1.4139,0.2813,1.1326,11,1,10,454,97,357,88.99,57.73,43,53,-10,404,59,18,18,5,10,0.183,0.0,1,0,13,9,78.81,21.19,57.61,1,1,Draw
3773415,2021-02-21,La Liga,2020/2021,Barcelona,Cádiz,60,1,0,1,1.4349,0.3002,1.1347,12,2,10,613,149,464,88.42,61.07,59,73,-14,540,95,21,25,9,17,0.021,0.0189,1,1,6,12,57.54,42.46,15.08,1,1,Draw
3773415,2021-02-21,La Liga,2020/2021,Barcelona,Cádiz,75,1,0,1,1.9661,0.3002,1.6659,16,2,14,795,182,613,89.69,59.89,69,104,-35,707,113,27,28,11,22,0.1456,0.0,1,0,6,18,73.95,26.05,47.91,1,1,Draw
3773415,2021-02-21,La Liga,2020/2021,Barcelona,Cádiz,85,1,0,1,2.0981,0.3002,1.7979,19,2,17,901,200,701,90.12,58.5,75,117,-42,806,122,33,30,12,24,0.132,0.0,3,0,6,13,81.7,18.3,63.4,1,1,Draw
3764440,2021-02-24,La Liga,2020/2021,Barcelona,Elche,15,0,0,0,0.0697,0.2984,-0.2288,1,1,0,186,45,141,91.94,73.33,10,47,-37,162,34,7,4,3,6,0.0,0.0,0,0,7,32,52.21,47.79,4.41,3,0,Home Win
3764440,2021-02-24,La Liga,2020/2021,Barcelona,Elche,30,0,0,0,0.5744,0.2984,0.276,2,1,1,294,130,164,91.5,77.69,21,85,-64,264,96,11,11,6,8,0.0,0.0,0,0,6,22,45.28,54.72,-9.44,3,0,Home Win
3764440,2021-02-24,La Liga,2020/2021,Barcelona,Elche,45,0,0,0,0.5744,0.3804,0.194,2,3,-1,412,200,212,91.5,79.5,42,113,-71,356,150,12,17,7,11,0.0,0.0742,0,1,15,19,42.05,57.95,-15.91,3,0,Home Win
3764440,2021-02-24,La Liga,2020/2021,Barcelona,Elche,60,1,0,1,0.9876,0.4761,0.5115,4,4,0,567,259,308,92.24,81.08,64,141,-77,483,203,20,25,10,13,0.0,0.0,0,0,13,17,60.52,39.48,21.03,3,0,Home Win
3764440,2021-02-24,La Liga,2020/2021,Barcelona,Elche,75,3,0,3,2.0367,0.5671,1.4696,7,5,2,657,327,330,92.54,82.26,94,159,-65,563,264,22,30,12,15,1.0016,0.091,2,1,23,13,67.34,32.66,34.67,3,0,Home Win
3764440,2021-02-24,La Liga,2020/2021,Barcelona,Elche,85,3,0,3,2.6101,0.5671,2.043,8,5,3,720,386,334,92.08,83.68,124,168,-44,613,312,29,34,13,18,0.5734,0.0,1,0,30,9,74.22,25.78,48.44,3,0,Home Win
3773625,2021-02-27,La Liga,2020/2021,Sevilla,Barcelona,15,0,0,0,0.0,0.0,0.0,0,0,0,90,157,-67,88.89,89.81,38,24,14,83,141,5,5,4,1,0.0,0.0,0,0,21,14,44.81,55.19,-10.39,0,2,Away Win
3773625,2021-02-27,La Liga,2020/2021,Sevilla,Barcelona,30,0,1,-1,0.0,0.2515,-0.2515,0,3,-3,163,227,-64,85.89,89.43,65,43,22,150,207,12,12,6,2,0.0,0.2515,0,3,19,10,31.88,68.12,-36.25,0,2,Away Win
3773625,2021-02-27,La Liga,2020/2021,Sevilla,Barcelona,45,0,1,-1,0.0,0.3292,-0.3292,0,4,-4,258,319,-61,83.72,88.4,89,76,13,235,299,19,23,11,6,0.0,0.0777,0,1,16,17,37.77,62.23,-24.46,0,2,Away Win
3773625,2021-02-27,La Liga,2020/2021,Sevilla,Barcelona,60,0,1,-1,0.0284,0.6592,-0.6308,1,7,-6,346,433,-87,84.68,89.15,115,94,21,313,405,24,31,11,8,0.0,0.33,0,3,19,12,31.31,68.69,-37.38,0,2,Away Win
3773625,2021-02-27,La Liga,2020/2021,Sevilla,Barcelona,75,0,1,-1,0.062,0.6592,-0.5972,2,7,-5,450,492,-42,83.11,88.21,136,108,28,399,458,32,37,11,11,0.0,0.0,0,0,13,11,57.73,42.27,15.46,0,2,Away Win
3773625,2021-02-27,La Liga,2020/2021,Sevilla,Barcelona,85,0,2,-2,0.0893,1.9293,-1.84,3,9,-6,487,523,-36,83.78,87.19,154,124,30,439,486,36,43,12,11,0.0273,1.2702,1,2,18,16,33.83,66.17,-32.33,0,2,Away Win
3773665,2021-03-06,La Liga,2020/2021,Osasuna,Barcelona,15,0,0,0,0.2912,0.0731,0.2181,3,1,2,85,140,-55,81.18,85.71,37,31,6,77,109,5,3,6,2,0.287,0.0731,2,1,24,19,57.78,42.22,15.55,0,2,Away Win
3773665,2021-03-06,La Liga,2020/2021,Osasuna,Barcelona,30,0,1,-1,0.4121,0.2705,0.1416,4,3,1,144,239,-95,77.08,85.77,67,53,14,113,197,9,5,8,6,0.121,0.1974,1,2,25,17,41.96,58.04,-16.09,0,2,Away Win
3773665,2021-03-06,La Liga,2020/2021,Osasuna,Barcelona,45,0,1,-1,0.7378,0.3351,0.4026,6,5,1,222,439,-217,76.58,89.29,104,80,24,165,383,16,17,8,6,0.0,0.0646,0,2,29,18,33.14,66.86,-33.72,0,2,Away Win
3773665,2021-03-06,La Liga,2020/2021,Osasuna,Barcelona,60,0,1,-1,0.7378,0.6121,0.1257,6,9,-3,297,551,-254,78.11,89.66,135,108,27,222,488,20,24,8,10,0.0,0.1999,0,2,18,17,33.3,66.7,-33.41,0,2,Away Win
3773665,2021-03-06,La Liga,2020/2021,Osasuna,Barcelona,75,0,1,-1,0.9169,0.6121,0.3048,7,9,-2,360,644,-284,78.89,89.29,163,123,40,272,566,23,29,9,10,0.1791,0.0,1,0,20,11,62.36,37.64,24.71,0,2,Away Win
3773665,2021-03-06,La Liga,2020/2021,Osasuna,Barcelona,85,0,2,-2,0.989,1.0569,-0.068,8,13,-5,404,713,-309,79.21,89.2,192,143,49,308,636,29,36,11,11,0.0721,0.4449,1,4,29,20,35.69,64.31,-28.61,0,2,Away Win
3773369,2021-03-15,La Liga,2020/2021,Barcelona,Huesca,15,1,0,1,0.1802,0.0411,0.1391,3,1,2,220,39,181,94.55,56.41,20,66,-46,201,24,8,8,1,3,0.1802,0.0,3,0,10,44,64.38,35.62,28.76,4,1,Home Win
3773369,2021-03-15,La Liga,2020/2021,Barcelona,Huesca,30,1,0,1,0.2071,0.1416,0.0655,4,2,2,363,132,231,93.66,75.76,59,95,-36,330,110,10,18,2,5,0.0269,0.1005,1,1,22,22,55.52,44.48,11.05,4,1,Home Win
3773369,2021-03-15,La Liga,2020/2021,Barcelona,Huesca,45,2,0,2,0.7268,0.1416,0.5852,8,2,6,553,197,356,93.85,80.71,89,139,-50,502,165,17,23,2,7,0.2989,0.0,2,0,22,31,66.94,33.06,33.88,4,1,Home Win
3773369,2021-03-15,La Liga,2020/2021,Barcelona,Huesca,60,3,1,2,0.8971,1.7917,-0.8946,10,4,6,685,242,443,93.58,79.75,116,180,-64,623,209,23,34,5,10,0.1422,0.8666,1,1,21,26,45.96,54.04,-8.08,4,1,Home Win
3773369,2021-03-15,La Liga,2020/2021,Barcelona,Huesca,75,3,1,2,0.9261,2.0602,-1.1342,11,7,4,828,321,507,93.48,81.62,144,216,-72,752,280,27,41,8,11,0.029,0.2145,1,2,22,25,48.2,51.8,-3.6,4,1,Home Win
3773369,2021-03-15,La Liga,2020/2021,Barcelona,Huesca,85,3,1,2,0.9261,2.1016,-1.1755,11,8,3,900,375,525,93.0,82.13,170,241,-71,813,325,30,44,8,11,0.0,0.0413,0,1,26,25,46.86,53.14,-6.28,4,1,Home Win
3773597,2021-03-21,La Liga,2020/2021,Real Sociedad,Barcelona,15,0,0,0,0.0179,0.0919,-0.074,1,1,0,35,189,-154,54.29,90.48,42,17,25,21,162,6,11,6,1,0.0,0.0919,0,1,30,8,38.87,61.13,-22.26,1,6,Away Win
3773597,2021-03-21,La Liga,2020/2021,Real Sociedad,Barcelona,30,0,0,0,0.1664,0.1417,0.0247,2,2,0,116,304,-188,74.14,90.79,72,49,23,94,263,15,17,10,4,0.1485,0.0,1,0,21,23,54.02,45.98,8.05,1,6,Away Win
3773597,2021-03-21,La Liga,2020/2021,Real Sociedad,Barcelona,45,0,2,-2,0.2726,1.4063,-1.1337,3,6,-3,162,384,-222,74.07,90.89,87,76,11,128,324,19,21,10,5,0.1062,1.1951,1,3,4,15,22.42,77.58,-55.17,1,6,Away Win
3773597,2021-03-21,La Liga,2020/2021,Real Sociedad,Barcelona,60,0,4,-4,0.3028,2.3504,-2.0477,4,11,-7,249,504,-255,77.51,91.27,132,121,11,207,428,28,31,15,9,0.0,0.917,0,4,24,24,24.9,75.1,-50.2,1,6,Away Win
3773597,2021-03-21,La Liga,2020/2021,Real Sociedad,Barcelona,75,0,5,-5,0.3161,2.4402,-2.1241,5,12,-7,308,656,-348,79.22,91.16,162,142,20,262,553,34,38,18,10,0.0133,0.0897,1,1,13,14,42.89,57.11,-14.22,1,6,Away Win
3773597,2021-03-21,La Liga,2020/2021,Real Sociedad,Barcelona,85,1,5,-4,0.4779,2.4855,-2.0077,7,13,-6,334,734,-400,79.94,91.28,182,159,23,289,624,39,42,18,10,0.1618,0.0454,2,1,20,17,51.68,48.32,3.35,1,6,Away Win
3773474,2021-04-05,La Liga,2020/2021,Barcelona,Real Valladolid,15,0,0,0,0.1297,0.0489,0.0808,2,2,0,129,78,51,89.15,85.9,46,30,16,118,64,6,12,0,4,0.1297,0.042,2,1,20,20,60.9,39.1,21.8,1,0,Home Win
3773474,2021-04-05,La Liga,2020/2021,Barcelona,Real Valladolid,30,0,0,0,0.2164,0.1835,0.0329,3,4,-1,252,168,84,88.49,82.14,97,63,34,230,138,10,23,2,11,0.0867,0.1346,1,2,31,19,51.77,48.23,3.54,1,0,Home Win
3773474,2021-04-05,La Liga,2020/2021,Barcelona,Real Valladolid,45,0,0,0,0.499,0.1835,0.3155,7,4,3,387,211,176,89.92,76.78,123,101,22,352,169,17,33,5,15,0.1882,0.0,3,0,10,32,66.82,33.18,33.65,1,0,Home Win
3773474,2021-04-05,La Liga,2020/2021,Barcelona,Real Valladolid,60,0,0,0,1.0072,0.2575,0.7497,14,5,9,545,263,282,89.17,74.9,148,143,5,504,207,34,38,6,18,0.3808,0.074,4,1,20,29,67.0,33.0,34.0,1,0,Home Win
3773474,2021-04-05,La Liga,2020/2021,Barcelona,Real Valladolid,75,0,0,0,1.2195,0.3424,0.877,19,6,13,635,299,336,88.66,74.25,163,169,-6,583,230,39,42,10,23,0.1046,0.0,3,0,12,20,71.47,28.53,42.95,1,0,Home Win
3773474,2021-04-05,La Liga,2020/2021,Barcelona,Real Valladolid,85,0,0,0,1.2554,0.3547,0.9007,20,7,13,693,326,367,88.6,74.23,176,178,-2,636,253,45,47,10,24,0.036,0.0123,1,1,13,9,59.56,40.44,19.13,1,0,Home Win
3773497,2021-04-10,La Liga,2020/2021,Real Madrid,Barcelona,15,1,0,1,0.169,0.3292,-0.1602,1,2,-1,85,161,-76,74.12,87.58,55,37,18,64,146,11,11,3,2,0.169,0.3292,1,2,28,24,42.89,57.11,-14.22,2,1,Home Win
3773497,2021-04-10,La Liga,2020/2021,Real Madrid,Barcelona,30,2,0,2,0.3469,0.3292,0.0177,4,2,2,148,258,-110,77.7,86.82,84,68,16,124,231,19,17,4,2,0.1109,0.0,2,0,21,18,60.26,39.74,20.51,2,1,Home Win
3773497,2021-04-10,La Liga,2020/2021,Real Madrid,Barcelona,45,2,0,2,0.7592,0.4326,0.3266,8,5,3,201,406,-205,78.11,88.42,122,92,30,170,375,28,29,8,2,0.0,0.1034,0,3,25,12,28.08,71.92,-43.83,2,1,Home Win
3773497,2021-04-10,La Liga,2020/2021,Real Madrid,Barcelona,60,2,1,1,0.9041,0.9538,-0.0497,10,8,2,282,543,-261,78.72,88.4,157,120,37,250,493,41,38,11,4,0.1449,0.3197,2,1,17,16,49.94,50.06,-0.11,2,1,Home Win
3773497,2021-04-10,La Liga,2020/2021,Real Madrid,Barcelona,75,2,1,1,1.0701,1.1552,-0.0851,11,12,-1,323,636,-313,77.4,88.99,178,132,46,283,579,47,42,12,4,0.166,0.1556,1,3,13,8,38.24,61.76,-23.52,2,1,Home Win
3773497,2021-04-10,La Liga,2020/2021,Real Madrid,Barcelona,85,2,1,1,1.3218,1.1552,0.1666,14,12,2,345,697,-352,76.81,89.1,198,139,59,296,628,50,43,13,4,0.2517,0.0,3,0,20,7,73.93,26.07,47.85,2,1,Home Win
3773661,2021-04-22,La Liga,2020/2021,Barcelona,Getafe,15,1,1,0,0.2903,0.5538,-0.2635,3,2,1,153,35,118,91.5,65.71,24,49,-25,125,26,5,6,1,5,0.1936,0.5538,2,2,18,30,46.49,53.51,-7.02,5,2,Home Win
3773661,2021-04-22,La Liga,2020/2021,Barcelona,Getafe,30,2,1,1,0.3154,0.5538,-0.2384,4,2,2,331,79,252,90.03,55.7,49,101,-52,270,54,14,15,7,11,0.0,0.0,0,0,18,33,53.33,46.67,6.65,5,2,Home Win
3773661,2021-04-22,La Liga,2020/2021,Barcelona,Getafe,45,3,1,2,0.4822,0.5538,-0.0715,6,2,4,539,104,435,90.54,58.65,61,164,-103,435,65,20,16,8,15,0.0,0.0,0,0,9,50,52.15,47.85,4.3,5,2,Home Win
3773661,2021-04-22,La Liga,2020/2021,Barcelona,Getafe,60,3,1,2,0.4822,0.648,-0.1658,6,3,3,767,140,627,91.4,61.43,88,208,-120,619,96,24,23,8,16,0.0,0.0,0,0,18,36,58.93,41.07,17.86,5,2,Home Win
3773661,2021-04-22,La Liga,2020/2021,Barcelona,Getafe,75,3,2,1,0.4822,1.4315,-0.9493,6,4,2,864,173,691,90.97,64.16,110,241,-131,692,120,30,28,10,19,0.0,0.7835,0,1,16,18,35.69,64.31,-28.62,5,2,Home Win
3773661,2021-04-22,La Liga,2020/2021,Barcelona,Getafe,85,3,2,1,0.4822,1.5027,-1.0205,6,5,1,933,216,717,90.68,65.74,134,262,-128,748,152,34,34,10,21,0.0,0.0712,0,1,24,21,47.93,52.07,-4.14,5,2,Home Win
3773689,2021-04-25,La Liga,2020/2021,Villarreal,Barcelona,15,0,0,0,0.219,1.8342,-1.6152,2,6,-4,66,148,-82,84.85,91.89,21,34,-13,58,126,6,9,1,0,0.1391,1.6688,1,5,19,26,23.56,76.44,-52.89,1,2,Away Win
3773689,2021-04-25,La Liga,2020/2021,Villarreal,Barcelona,30,1,1,0,0.904,2.0172,-1.1132,3,8,-5,128,251,-123,85.16,90.44,36,60,-24,106,201,10,13,2,0,0.685,0.1342,1,1,12,11,54.33,45.67,8.66,1,2,Away Win
3773689,2021-04-25,La Liga,2020/2021,Villarreal,Barcelona,45,1,2,-1,0.904,2.5527,-1.6487,3,10,-7,208,380,-172,85.1,90.26,62,104,-42,175,320,18,22,3,4,0.0,0.063,0,1,22,28,36.44,63.56,-27.13,1,2,Away Win
3773689,2021-04-25,La Liga,2020/2021,Villarreal,Barcelona,60,1,2,-1,0.9896,2.7562,-1.7666,4,12,-8,305,447,-142,83.93,89.49,78,150,-72,260,382,26,26,5,10,0.0,0.2034,0,2,11,31,31.39,68.61,-37.22,1,2,Away Win
3773689,2021-04-25,La Liga,2020/2021,Villarreal,Barcelona,75,1,2,-1,1.1878,3.105,-1.9172,7,14,-7,376,544,-168,83.78,89.71,97,183,-86,319,461,33,28,5,13,0.0451,0.3488,1,2,14,27,34.87,65.13,-30.25,1,2,Away Win
3773689,2021-04-25,La Liga,2020/2021,Villarreal,Barcelona,85,1,2,-1,1.2936,3.3228,-2.0292,8,15,-7,424,597,-173,83.96,89.78,104,204,-100,358,493,36,30,5,16,0.1058,0.2178,1,1,7,21,41.2,58.8,-17.6,1,2,Away Win
3773586,2021-04-29,La Liga,2020/2021,Barcelona,Granada,15,0,0,0,0.0499,0.0,0.0499,1,0,1,164,36,128,92.07,69.44,12,54,-42,146,27,4,3,0,1,0.0499,0.0,1,0,8,32,53.93,46.07,7.87,1,2,Away Win
3773586,2021-04-29,La Liga,2020/2021,Barcelona,Granada,30,1,0,1,0.3289,0.069,0.26,5,1,4,326,76,250,91.72,65.79,34,98,-64,279,53,9,11,0,5,0.2122,0.069,3,1,14,25,64.55,35.45,29.1,1,2,Away Win
3773586,2021-04-29,La Liga,2020/2021,Barcelona,Granada,45,1,0,1,0.7424,0.1016,0.6408,7,2,5,436,121,315,90.83,65.29,60,132,-72,375,89,18,19,0,8,0.069,0.0326,1,1,21,23,56.77,43.23,13.54,1,2,Away Win
3773586,2021-04-29,La Liga,2020/2021,Barcelona,Granada,60,1,0,1,0.9441,0.1016,0.8425,9,2,7,627,162,465,91.55,66.67,72,185,-113,533,120,24,23,5,11,0.0914,0.0,1,0,5,33,59.59,40.41,19.18,1,2,Away Win
3773586,2021-04-29,La Liga,2020/2021,Barcelona,Granada,75,1,1,0,1.0891,0.3876,0.7016,12,3,9,779,193,586,91.27,67.36,93,212,-119,665,149,31,28,8,16,0.1451,0.0,3,0,15,18,77.38,22.62,54.77,1,2,Away Win
3773586,2021-04-29,La Liga,2020/2021,Barcelona,Granada,85,1,2,-1,1.1636,0.5357,0.628,14,5,9,852,202,650,91.31,67.33,101,231,-130,723,161,36,32,8,17,0.0745,0.1481,2,2,8,19,51.62,48.38,3.23,1,2,Away Win
3773695,2021-05-02,La Liga,2020/2021,Valencia,Barcelona,15,0,0,0,0.0,0.6911,-0.6911,0,3,-3,75,162,-87,78.67,91.36,19,21,-2,51,117,6,4,3,2,0.0,0.4259,0,2,11,14,27.2,72.8,-45.61,2,3,Away Win
3773695,2021-05-02,La Liga,2020/2021,Valencia,Barcelona,30,0,0,0,0.1458,0.736,-0.5902,2,4,-2,158,308,-150,80.38,91.23,37,35,2,120,222,17,10,6,7,0.0768,0.0449,1,1,12,10,46.37,53.63,-7.26,2,3,Away Win
3773695,2021-05-02,La Liga,2020/2021,Valencia,Barcelona,45,0,0,0,0.1458,0.736,-0.5902,2,4,-2,203,458,-255,77.83,90.83,55,43,12,153,350,26,17,9,8,0.0,0.0,0,0,16,4,40.31,59.69,-19.38,2,3,Away Win
3773695,2021-05-02,La Liga,2020/2021,Valencia,Barcelona,60,1,1,0,1.1796,2.1482,-0.9686,5,8,-3,242,563,-321,77.27,90.94,72,50,22,182,435,32,26,9,9,0.0908,1.4122,1,4,10,5,22.88,77.12,-54.24,2,3,Away Win
3773695,2021-05-02,La Liga,2020/2021,Valencia,Barcelona,75,1,3,-2,1.2083,2.981,-1.7726,6,12,-6,289,644,-355,77.85,90.53,95,57,38,219,496,35,35,10,10,0.0287,0.1287,1,2,17,6,45.88,54.12,-8.24,2,3,Away Win
3773695,2021-05-02,La Liga,2020/2021,Valencia,Barcelona,85,2,3,-1,1.2852,3.0857,-1.8004,8,14,-6,333,755,-422,78.98,90.6,115,64,51,259,568,40,37,12,12,0.0769,0.1047,2,2,20,7,50.36,49.64,0.71,2,3,Away Win
3773372,2021-05-08,La Liga,2020/2021,Barcelona,Atlético Madrid,15,0,0,0,0.0,0.0436,-0.0436,0,2,-2,163,48,115,92.64,81.25,29,44,-15,143,38,2,7,1,2,0.0,0.0113,0,1,17,24,48.94,51.06,-2.12,0,0,Draw
3773372,2021-05-08,La Liga,2020/2021,Barcelona,Atlético Madrid,30,0,0,0,0.0191,0.1733,-0.1542,1,3,-2,264,106,158,92.05,82.08,50,69,-19,225,77,6,9,2,6,0.0191,0.0,1,0,10,18,60.98,39.02,21.96,0,0,Draw
3773372,2021-05-08,La Liga,2020/2021,Barcelona,Atlético Madrid,45,0,0,0,0.183,0.4999,-0.3168,3,8,-5,347,189,158,90.78,83.6,80,96,-16,298,142,11,14,3,8,0.1639,0.2038,2,3,24,19,48.37,51.63,-3.26,0,0,Draw
3773372,2021-05-08,La Liga,2020/2021,Barcelona,Atlético Madrid,60,0,0,0,0.2809,0.5556,-0.2747,4,10,-6,472,304,168,90.68,83.55,122,133,-11,407,235,17,27,7,11,0.0,0.0379,0,1,30,20,43.36,56.64,-13.29,0,0,Draw
3773372,2021-05-08,La Liga,2020/2021,Barcelona,Atlético Madrid,75,0,0,0,0.5847,0.5556,0.0291,9,10,-1,557,378,179,90.13,83.86,154,153,1,480,298,22,31,12,15,0.136,0.0,2,0,20,16,68.67,31.33,37.35,0,0,Draw
3773372,2021-05-08,La Liga,2020/2021,Barcelona,Atlético Madrid,85,0,0,0,0.8091,0.5556,0.2535,11,10,1,615,432,183,90.24,84.03,175,169,6,531,335,24,33,12,17,0.2244,0.0,2,0,21,16,69.24,30.76,38.48,0,0,Draw
3773387,2021-05-11,La Liga,2020/2021,Levante UD,Barcelona,15,0,0,0,0.0,0.4638,-0.4638,0,3,-3,75,153,-78,82.67,90.85,53,44,9,64,124,11,5,4,3,0.0,0.0,0,0,27,37,46.08,53.92,-7.83,3,3,Draw
3773387,2021-05-11,La Liga,2020/2021,Levante UD,Barcelona,30,0,1,-1,0.0781,0.885,-0.8069,3,7,-4,144,239,-95,79.17,89.12,81,72,9,107,189,17,9,8,10,0.0616,0.4212,2,4,22,14,37.56,62.44,-24.89,3,3,Draw
3773387,2021-05-11,La Liga,2020/2021,Levante UD,Barcelona,45,0,2,-2,0.0781,2.0696,-1.9915,3,11,-8,222,330,-108,82.43,90.0,105,103,2,174,256,20,12,8,11,0.0,0.3974,0,2,18,17,32.97,67.03,-34.06,3,3,Draw
3773387,2021-05-11,La Liga,2020/2021,Levante UD,Barcelona,60,2,2,0,0.6902,2.4727,-1.7825,8,15,-7,287,436,-149,82.58,88.3,128,133,-5,229,325,28,20,14,12,0.5465,0.3595,4,3,13,17,53.37,46.63,6.74,3,3,Draw
3773387,2021-05-11,La Liga,2020/2021,Levante UD,Barcelona,75,2,3,-1,0.8491,2.7282,-1.8792,12,16,-4,367,506,-139,83.11,87.55,147,174,-27,303,375,39,23,18,12,0.1106,0.0,3,0,15,32,62.25,37.75,24.51,3,3,Draw
3773387,2021-05-11,La Liga,2020/2021,Levante UD,Barcelona,85,3,3,0,0.9267,2.7282,-1.8015,13,16,-3,392,594,-202,82.65,88.22,165,190,-25,321,447,42,25,20,12,0.0777,0.0,1,0,18,16,49.06,50.94,-1.89,3,3,Draw
3773457,2021-05-16,La Liga,2020/2021,Barcelona,Celta Vigo,15,0,0,0,0.4358,0.0,0.4358,4,0,4,160,69,91,90.62,82.61,26,58,-32,133,40,8,2,2,2,0.4358,0.0,4,0,16,41,66.86,33.14,33.72,1,2,Away Win
3773457,2021-05-16,La Liga,2020/2021,Barcelona,Celta Vigo,30,1,0,1,0.7935,0.0,0.7935,8,0,8,309,113,196,91.26,81.42,45,87,-42,251,68,16,4,4,7,0.2017,0.0,2,0,11,20,71.62,28.38,43.24,1,2,Away Win
3773457,2021-05-16,La Liga,2020/2021,Barcelona,Celta Vigo,45,1,1,0,0.8336,0.0514,0.7822,9,1,8,419,231,188,91.17,83.98,88,138,-50,347,151,23,14,6,10,0.0401,0.0514,1,1,27,38,47.11,52.89,-5.77,1,2,Away Win
3773457,2021-05-16,La Liga,2020/2021,Barcelona,Celta Vigo,60,1,1,0,1.4274,0.0514,1.3761,11,1,10,544,290,254,89.89,81.38,113,172,-59,450,182,36,18,7,13,0.5939,0.0,2,0,18,24,70.66,29.34,41.31,1,2,Away Win
3773457,2021-05-16,La Liga,2020/2021,Barcelona,Celta Vigo,75,1,1,0,1.6163,0.1288,1.4875,14,2,12,646,365,281,90.4,81.92,141,210,-69,541,232,41,23,10,14,0.0157,0.0774,1,1,20,30,48.62,51.38,-2.75,1,2,Away Win
3773457,2021-05-16,La Liga,2020/2021,Barcelona,Celta Vigo,85,1,1,0,1.7804,0.1288,1.6516,16,2,14,717,407,310,89.96,80.84,151,237,-86,601,255,48,26,11,15,0.1641,0.0,2,0,10,27,62.02,37.98,24.03,1,2,Away Win
3788741,2021-06-11,UEFA Euro,2020,Turkey,Italy,15,0,0,0,0.0,0.0617,-0.0617,0,2,-2,76,136,-60,73.68,86.03,34,40,-6,57,105,7,8,9,5,0.0,0.0094,0,1,21,29,36.99,63.01,-26.02,0,3,Away Win
3788741,2021-06-11,UEFA Euro,2020,Turkey,Italy,30,0,0,0,0.0,0.3802,-0.3802,0,8,-8,141,256,-115,74.47,85.94,66,64,2,109,205,12,21,19,7,0.0,0.1621,0,3,14,21,27.6,72.4,-44.8,0,3,Away Win
3788741,2021-06-11,UEFA Euro,2020,Turkey,Italy,45,0,0,0,0.0,0.7171,-0.7171,0,14,-14,192,398,-206,74.48,87.69,115,84,31,144,327,17,29,23,8,0.0,0.2985,0,5,34,12,29.92,70.08,-40.16,0,3,Away Win
3788741,2021-06-11,UEFA Euro,2020,Turkey,Italy,60,0,1,-1,0.0115,0.9966,-0.9851,1,21,-20,246,467,-221,75.2,86.3,142,117,25,188,388,26,40,25,13,0.0,0.2795,0,7,22,19,21.54,78.46,-56.92,0,3,Away Win
3788741,2021-06-11,UEFA Euro,2020,Turkey,Italy,75,0,2,-2,0.0115,1.3992,-1.3877,1,23,-22,330,567,-237,78.18,86.95,175,142,33,254,486,33,48,26,17,0.0,0.0,0,0,21,17,53.0,47.0,5.99,0,3,Away Win
3788741,2021-06-11,UEFA Euro,2020,Turkey,Italy,85,0,3,-3,0.0115,1.5909,-1.5794,1,24,-23,364,610,-246,78.3,86.23,193,146,47,274,516,34,52,27,18,0.0,0.1918,0,1,18,4,43.58,56.42,-12.84,0,3,Away Win
3788742,2021-06-12,UEFA Euro,2020,Denmark,Finland,15,0,0,0,0.3801,0.0,0.3801,6,0,6,124,52,72,87.9,65.38,16,38,-22,95,40,9,10,2,2,0.3801,0.0,6,0,10,25,77.43,22.57,54.86,0,1,Away Win
3788742,2021-06-12,UEFA Euro,2020,Denmark,Finland,30,0,0,0,0.4977,0.0,0.4977,9,0,9,185,123,62,85.41,73.17,36,59,-23,138,96,13,13,4,4,0.091,0.0,2,0,9,13,67.54,32.46,35.08,0,1,Away Win
3788742,2021-06-12,UEFA Euro,2020,Denmark,Finland,45,0,0,0,0.654,0.0,0.654,13,0,13,295,170,125,83.73,70.0,55,109,-54,223,127,25,18,7,7,0.1564,0.0,4,0,19,38,65.49,34.51,30.98,0,1,Away Win
3788742,2021-06-12,UEFA Euro,2020,Denmark,Finland,60,0,1,-1,0.8538,0.2885,0.5653,17,1,16,417,237,180,83.93,71.73,74,143,-69,310,178,37,24,10,10,0.1997,0.2885,4,1,12,15,62.55,37.45,25.1,0,1,Away Win
3788742,2021-06-12,UEFA Euro,2020,Denmark,Finland,75,0,1,-1,1.6753,0.2885,1.3868,19,1,18,541,263,278,84.29,68.44,89,188,-99,407,194,47,28,11,14,0.8216,0.0,2,0,4,29,70.08,29.92,40.17,0,1,Away Win
3788742,2021-06-12,UEFA Euro,2020,Denmark,Finland,85,0,1,-1,1.7712,0.2885,1.4828,20,1,19,643,296,347,84.91,68.24,108,229,-121,484,216,53,31,11,16,0.0959,0.0,1,0,19,41,55.45,44.55,10.9,0,1,Away Win
3788743,2021-06-12,UEFA Euro,2020,Belgium,Russia,15,1,0,1,0.5221,0.1359,0.3862,1,2,-1,122,78,44,84.43,71.79,13,23,-10,92,49,4,7,4,1,0.5221,0.1359,1,2,9,16,48.25,51.75,-3.5,3,0,Home Win
3788743,2021-06-12,UEFA Euro,2020,Belgium,Russia,30,1,0,1,0.7012,0.1359,0.5654,4,2,2,222,154,68,85.14,75.97,30,45,-15,181,103,17,13,4,4,0.0909,0.0,2,0,14,15,70.23,29.77,40.45,3,0,Home Win
3788743,2021-06-12,UEFA Euro,2020,Belgium,Russia,45,2,0,2,1.0988,0.1689,0.93,6,3,3,376,195,181,86.7,72.31,40,83,-43,312,128,24,20,8,5,0.0267,0.033,1,1,6,31,51.99,48.01,3.98,3,0,Home Win
3788743,2021-06-12,UEFA Euro,2020,Belgium,Russia,60,2,0,2,1.2209,0.1911,1.0298,8,4,4,512,312,200,86.72,74.36,73,119,-46,413,211,31,28,12,10,0.0449,0.0223,1,1,19,16,53.28,46.72,6.55,3,0,Home Win
3788743,2021-06-12,UEFA Euro,2020,Belgium,Russia,75,2,0,2,1.2209,0.1911,1.0298,8,4,4,630,352,278,87.94,73.58,86,144,-58,506,243,35,34,14,12,0.0,0.0,0,0,12,17,55.98,44.02,11.97,3,0,Home Win
3788743,2021-06-12,UEFA Euro,2020,Belgium,Russia,85,2,0,2,1.2209,0.1911,1.0298,8,4,4,708,386,322,88.14,72.54,95,170,-75,562,265,38,43,14,14,0.0,0.0,0,0,9,26,43.59,56.41,-12.82,3,0,Home Win
3788744,2021-06-12,UEFA Euro,2020,Wales,Switzerland,15,0,0,0,0.1819,0.0441,0.1379,2,2,0,54,122,-68,77.78,86.07,17,15,2,36,94,4,4,1,1,0.1819,0.0178,2,1,7,6,53.72,46.28,7.45,1,1,Draw
3788744,2021-06-12,UEFA Euro,2020,Wales,Switzerland,30,0,0,0,0.1819,0.3189,-0.137,2,6,-4,114,208,-94,81.58,85.1,38,23,15,88,163,8,12,3,3,0.0,0.1948,0,3,14,6,28.62,71.38,-42.77,1,1,Draw
3788744,2021-06-12,UEFA Euro,2020,Wales,Switzerland,45,0,0,0,0.1819,0.8372,-0.6553,2,12,-10,138,341,-203,75.36,86.51,69,32,37,99,266,11,18,5,3,0.0,0.4162,0,4,20,7,21.56,78.44,-56.89,1,1,Draw
3788744,2021-06-12,UEFA Euro,2020,Wales,Switzerland,60,0,1,-1,0.3755,1.3564,-0.9809,5,15,-10,199,405,-206,76.38,86.67,95,47,48,143,319,20,19,5,4,0.1935,0.1063,3,1,21,11,66.1,33.9,32.19,1,1,Draw
3788744,2021-06-12,UEFA Euro,2020,Wales,Switzerland,75,1,1,0,0.4617,1.3884,-0.9267,6,16,-10,282,470,-188,80.14,86.38,114,66,48,212,374,23,27,7,7,0.0863,0.0,1,0,17,11,61.16,38.84,22.33,1,1,Draw
3788744,2021-06-12,UEFA Euro,2020,Wales,Switzerland,85,1,1,0,0.5174,1.432,-0.9146,8,17,-9,316,513,-197,79.43,86.16,127,78,49,232,402,27,28,8,9,0.0556,0.0436,2,1,13,12,57.2,42.8,14.4,1,1,Draw
3788745,2021-06-13,UEFA Euro,2020,England,Croatia,15,0,0,0,0.1489,0.0092,0.1397,2,1,1,145,73,72,88.28,82.19,37,43,-6,124,54,12,10,6,3,0.0325,0.0,1,0,18,28,60.22,39.78,20.44,1,0,Home Win
3788745,2021-06-13,UEFA Euro,2020,England,Croatia,30,0,0,0,0.1702,0.0798,0.0904,3,2,1,209,162,47,84.69,82.1,67,66,1,171,120,18,14,11,4,0.0213,0.0706,1,1,25,13,47.81,52.19,-4.37,1,0,Home Win
3788745,2021-06-13,UEFA Euro,2020,England,Croatia,45,0,0,0,0.2427,0.0798,0.1629,4,2,2,299,216,83,84.95,82.41,97,96,1,238,160,24,18,14,5,0.0725,0.0,1,0,17,22,61.77,38.23,23.55,1,0,Home Win
3788745,2021-06-13,UEFA Euro,2020,England,Croatia,60,1,0,1,0.5882,0.0862,0.5021,6,3,3,417,275,142,87.77,83.27,124,129,-5,337,205,29,21,15,10,0.3456,0.0064,2,1,14,25,61.27,38.73,22.54,1,0,Home Win
3788745,2021-06-13,UEFA Euro,2020,England,Croatia,75,1,0,1,0.7069,0.2811,0.4257,8,7,1,439,358,81,86.79,83.52,144,142,2,350,264,32,29,16,12,0.1186,0.0971,2,2,11,8,46.1,53.9,-7.8,1,0,Home Win
3788745,2021-06-13,UEFA Euro,2020,England,Croatia,85,1,0,1,0.7069,0.2811,0.4257,8,7,1,453,425,28,84.77,83.76,171,148,23,357,323,36,34,20,13,0.0,0.0,0,0,27,6,53.32,46.68,6.65,1,0,Home Win
3788746,2021-06-13,UEFA Euro,2020,Netherlands,Ukraine,15,0,0,0,0.6848,0.3218,0.363,7,3,4,135,67,68,91.11,79.1,30,26,4,125,39,7,5,1,2,0.1293,0.1138,2,2,15,13,59.12,40.88,18.24,3,2,Home Win
3788746,2021-06-13,UEFA Euro,2020,Netherlands,Ukraine,30,0,0,0,0.6848,0.3983,0.2864,7,4,3,237,178,59,89.87,85.96,69,64,5,220,121,17,10,3,6,0.0,0.0765,0,1,29,23,44.09,55.91,-11.82,3,2,Home Win
3788746,2021-06-13,UEFA Euro,2020,Netherlands,Ukraine,45,0,0,0,0.9022,0.3983,0.5038,10,4,6,374,254,120,88.24,83.46,96,84,12,335,174,28,12,4,11,0.2174,0.0,3,0,18,12,78.2,21.8,56.41,3,2,Home Win
3788746,2021-06-13,UEFA Euro,2020,Netherlands,Ukraine,60,2,0,2,1.3411,0.3983,0.9427,13,4,9,465,324,141,88.6,82.41,127,110,17,423,219,40,18,4,13,0.4389,0.0,3,0,16,17,74.86,25.14,49.72,3,2,Home Win
3788746,2021-06-13,UEFA Euro,2020,Netherlands,Ukraine,75,2,1,1,1.3411,0.4838,0.8573,13,6,7,554,393,161,87.91,82.44,152,138,14,499,271,47,22,7,15,0.0,0.0854,0,2,20,17,39.43,60.57,-21.14,3,2,Home Win
3788746,2021-06-13,UEFA Euro,2020,Netherlands,Ukraine,85,3,2,1,1.4298,0.5937,0.8361,15,7,8,637,414,223,89.01,82.37,159,152,7,579,282,51,22,7,15,0.0887,0.1099,2,1,7,14,64.63,35.37,29.25,3,2,Home Win
3788747,2021-06-13,UEFA Euro,2020,Austria,North Macedonia,15,0,0,0,0.0486,0.0,0.0486,2,0,2,118,88,30,82.2,76.14,49,30,19,101,64,13,6,4,2,0.0486,0.0,2,0,34,17,70.53,29.47,41.06,3,1,Home Win
3788747,2021-06-13,UEFA Euro,2020,Austria,North Macedonia,30,1,1,0,0.3495,0.4501,-0.1005,4,1,3,198,152,46,83.84,76.97,81,52,29,165,114,20,13,7,3,0.1347,0.4501,1,1,22,12,52.21,47.79,4.42,3,1,Home Win
3788747,2021-06-13,UEFA Euro,2020,Austria,North Macedonia,45,1,1,0,0.3495,0.4776,-0.1281,4,2,2,293,201,92,84.3,78.11,103,81,22,244,162,29,20,8,6,0.0,0.0276,0,1,13,23,45.33,54.67,-9.35,3,1,Home Win
3788747,2021-06-13,UEFA Euro,2020,Austria,North Macedonia,60,1,1,0,0.3495,0.5194,-0.1699,4,3,1,393,241,152,82.19,75.93,132,112,20,327,201,43,34,9,10,0.0,0.0,0,0,18,15,60.25,39.75,20.51,3,1,Home Win
3788747,2021-06-13,UEFA Euro,2020,Austria,North Macedonia,75,1,1,0,0.544,0.8399,-0.2959,7,7,0,509,289,220,83.1,75.43,149,129,20,423,231,51,42,9,12,0.093,0.0909,2,2,15,15,56.87,43.13,13.75,3,1,Home Win
3788747,2021-06-13,UEFA Euro,2020,Austria,North Macedonia,85,2,1,1,0.9546,0.8399,0.1147,9,7,2,571,322,249,83.36,76.09,156,147,9,480,258,53,46,11,12,0.4106,0.0,2,0,7,18,67.59,32.41,35.18,3,1,Home Win
3788748,2021-06-14,UEFA Euro,2020,Scotland,Czech Republic,15,0,0,0,0.0272,0.1264,-0.0992,1,3,-2,69,71,-2,65.22,71.83,34,36,-2,58,52,14,5,4,3,0.0,0.1264,0,3,24,12,34.09,65.91,-31.82,0,2,Away Win
3788748,2021-06-14,UEFA Euro,2020,Scotland,Czech Republic,30,0,0,0,0.1604,0.1264,0.034,2,3,-1,159,152,7,75.47,72.37,69,67,2,123,117,19,15,7,6,0.0,0.0,0,0,30,18,54.22,45.78,8.44,0,2,Away Win
3788748,2021-06-14,UEFA Euro,2020,Scotland,Czech Republic,45,0,1,-1,0.4024,0.3097,0.0926,6,5,1,231,239,-8,73.16,74.48,98,95,3,176,188,35,26,12,11,0.0403,0.1834,1,2,20,19,43.38,56.62,-13.24,0,2,Away Win
3788748,2021-06-14,UEFA Euro,2020,Scotland,Czech Republic,60,0,2,-2,0.6833,0.3679,0.3154,11,8,3,307,273,34,74.27,72.16,121,138,-17,232,207,50,32,15,17,0.2161,0.0495,4,2,15,27,58.45,41.55,16.89,0,2,Away Win
3788748,2021-06-14,UEFA Euro,2020,Scotland,Czech Republic,75,0,2,-2,1.488,0.3679,1.1201,14,8,6,379,317,62,74.93,69.72,140,169,-29,282,233,63,41,18,22,0.0,0.0,0,0,14,16,49.97,50.03,-0.05,0,2,Away Win
3788748,2021-06-14,UEFA Euro,2020,Scotland,Czech Republic,85,0,2,-2,1.6784,0.5351,1.1433,18,9,9,450,354,96,77.56,69.77,156,192,-36,350,259,69,44,21,22,0.1904,0.1672,4,1,16,23,64.83,35.17,29.65,0,2,Away Win
3788749,2021-06-14,UEFA Euro,2020,Poland,Slovakia,15,0,0,0,0.0648,0.0317,0.033,2,1,1,130,51,79,86.15,76.47,23,54,-31,102,36,8,5,2,4,0.0,0.0317,0,1,11,24,41.65,58.35,-16.69,1,2,Away Win
3788749,2021-06-14,UEFA Euro,2020,Poland,Slovakia,30,0,1,-1,0.1518,0.1099,0.0419,3,5,-2,222,125,97,86.94,79.2,57,89,-32,169,94,15,15,4,4,0.087,0.0601,1,3,25,22,41.86,58.14,-16.28,1,2,Away Win
3788749,2021-06-14,UEFA Euro,2020,Poland,Slovakia,45,1,1,0,0.6209,0.2262,0.3948,8,8,0,340,217,123,84.41,79.72,93,137,-44,256,162,28,27,5,11,0.3977,0.022,3,1,23,34,58.34,41.66,16.67,1,2,Away Win
3788749,2021-06-14,UEFA Euro,2020,Poland,Slovakia,60,1,1,0,0.9936,0.2551,0.7385,12,9,3,453,263,190,85.21,80.23,119,165,-46,337,191,32,28,8,15,0.1101,0.029,2,1,20,18,62.63,37.37,25.26,1,2,Away Win
3788749,2021-06-14,UEFA Euro,2020,Poland,Slovakia,75,1,2,-1,1.0213,0.3538,0.6675,13,11,2,504,389,115,85.32,85.35,153,187,-34,375,282,35,28,8,18,0.0277,0.0986,1,2,27,19,44.96,55.04,-10.08,1,2,Away Win
3788749,2021-06-14,UEFA Euro,2020,Poland,Slovakia,85,1,2,-1,1.0687,0.3538,0.7149,15,11,4,548,412,136,84.49,83.98,168,208,-40,411,294,41,30,10,19,0.0474,0.0,2,0,15,21,67.04,32.96,34.09,1,2,Away Win
3788750,2021-06-14,UEFA Euro,2020,Spain,Sweden,15,0,0,0,0.2781,0.0,0.2781,3,0,3,187,21,166,91.44,52.38,12,21,-9,138,12,7,5,1,5,0.2781,0.0,3,0,9,10,84.87,15.13,69.74,0,0,Draw
3788750,2021-06-14,UEFA Euro,2020,Spain,Sweden,30,0,0,0,0.5364,0.0266,0.5098,5,1,4,327,65,262,90.52,58.46,26,39,-13,243,33,14,10,2,10,0.2583,0.0266,2,1,10,14,66.63,33.37,33.26,0,0,Draw
3788750,2021-06-14,UEFA Euro,2020,Spain,Sweden,45,0,0,0,1.0828,0.1881,0.8947,9,3,6,482,92,390,90.25,61.96,35,55,-20,360,51,23,11,2,15,0.5464,0.1615,4,2,3,10,69.6,30.4,39.2,0,0,Draw
3788750,2021-06-14,UEFA Euro,2020,Spain,Sweden,60,0,0,0,1.2296,0.8158,0.4138,10,4,6,614,124,490,90.39,62.1,47,78,-31,464,78,31,19,2,19,0.0,0.6278,0,1,8,18,38.43,61.57,-23.14,0,0,Draw
3788750,2021-06-14,UEFA Euro,2020,Spain,Sweden,75,0,0,0,1.3869,0.8158,0.571,13,4,9,747,146,601,89.69,59.59,50,107,-57,566,91,40,25,2,24,0.1572,0.0,3,0,2,20,72.39,27.61,44.79,0,0,Draw
3788750,2021-06-14,UEFA Euro,2020,Spain,Sweden,85,0,0,0,1.3869,0.8158,0.571,13,4,9,849,156,693,89.16,57.05,55,116,-61,656,97,50,31,3,32,0.0,0.0,0,0,5,9,73.2,26.8,46.39,0,0,Draw
3788751,2021-06-15,UEFA Euro,2020,France,Germany,15,0,0,0,0.2101,0.0673,0.1428,1,1,0,96,138,-42,87.5,91.3,28,27,1,68,98,0,4,3,4,0.2101,0.0,1,0,14,25,54.23,45.77,8.46,1,0,Home Win
3788751,2021-06-15,UEFA Euro,2020,France,Germany,30,1,0,1,0.2568,0.3283,-0.0715,2,4,-2,156,240,-84,82.05,88.33,50,46,4,111,170,5,16,9,4,0.0,0.2609,0,3,20,10,28.12,71.88,-43.75,1,0,Home Win
3788751,2021-06-15,UEFA Euro,2020,France,Germany,45,1,0,1,0.2568,0.5571,-0.3003,2,6,-4,268,346,-78,84.33,89.02,79,73,6,208,253,10,27,15,6,0.0,0.2288,0,2,23,15,37.16,62.84,-25.68,1,0,Home Win
3788751,2021-06-15,UEFA Euro,2020,France,Germany,60,1,0,1,0.3913,0.7654,-0.3741,3,8,-5,320,475,-155,82.5,89.47,112,94,18,257,355,19,34,16,7,0.1345,0.2083,1,2,19,9,40.43,59.57,-19.15,1,0,Home Win
3788751,2021-06-15,UEFA Euro,2020,France,Germany,75,1,0,1,0.446,0.812,-0.366,4,9,-5,395,599,-204,83.04,88.98,135,113,22,324,450,26,40,17,10,0.0,0.0466,0,1,17,9,40.65,59.35,-18.71,1,0,Home Win
3788751,2021-06-15,UEFA Euro,2020,France,Germany,85,1,0,1,0.446,0.812,-0.366,4,9,-5,445,669,-224,82.92,88.34,156,131,25,368,506,31,46,22,10,0.0,0.0,0,0,21,18,48.71,51.29,-2.59,1,0,Home Win
3788752,2021-06-15,UEFA Euro,2020,Hungary,Portugal,15,0,0,0,0.0,0.2614,-0.2614,0,2,-2,45,123,-78,77.78,90.24,49,20,29,36,100,4,8,3,3,0.0,0.1493,0,1,25,14,38.92,61.08,-22.17,0,3,Away Win
3788752,2021-06-15,UEFA Euro,2020,Hungary,Portugal,30,0,0,0,0.0,0.4814,-0.4814,0,3,-3,98,220,-122,74.49,86.82,77,41,36,71,177,12,16,7,6,0.0,0.22,0,1,17,8,36.27,63.73,-27.45,0,3,Away Win
3788752,2021-06-15,UEFA Euro,2020,Hungary,Portugal,45,0,0,0,0.0363,0.9369,-0.9006,1,5,-4,168,348,-180,73.21,86.49,123,67,56,127,282,22,24,11,10,0.0363,0.4555,1,2,37,17,44.75,55.25,-10.5,0,3,Away Win
3788752,2021-06-15,UEFA Euro,2020,Hungary,Portugal,60,0,0,0,0.0745,0.9807,-0.9062,3,6,-3,218,480,-262,74.77,86.04,144,100,44,174,383,28,34,14,11,0.0315,0.0,1,0,13,24,43.65,56.35,-12.7,0,3,Away Win
3788752,2021-06-15,UEFA Euro,2020,Hungary,Portugal,75,0,0,0,0.1976,1.0237,-0.826,5,8,-3,270,588,-318,75.93,87.07,160,124,36,209,466,35,39,15,13,0.1231,0.0429,2,2,13,21,46.0,54.0,-8.0,0,3,Away Win
3788752,2021-06-15,UEFA Euro,2020,Hungary,Portugal,85,0,1,-1,0.1976,1.1013,-0.9037,5,9,-4,290,650,-360,74.48,87.23,175,135,40,223,521,38,43,19,14,0.0,0.0776,0,1,15,11,32.55,67.45,-34.9,0,3,Away Win
3788753,2021-06-16,UEFA Euro,2020,Finland,Russia,15,0,0,0,0.0,0.262,-0.262,0,2,-2,53,134,-81,67.92,85.07,32,25,7,40,113,7,16,5,0,0.0,0.2247,0,1,19,18,34.21,65.79,-31.59,0,1,Away Win
3788753,2021-06-16,UEFA Euro,2020,Finland,Russia,30,0,0,0,0.3278,0.5322,-0.2044,2,4,-2,86,228,-142,68.6,85.09,45,45,0,66,185,13,24,9,1,0.0,0.2701,0,2,9,13,19.38,80.62,-61.23,0,1,Away Win
3788753,2021-06-16,UEFA Euro,2020,Finland,Russia,45,0,0,0,0.3278,0.5744,-0.2466,2,5,-3,136,331,-195,72.06,84.29,79,71,8,107,270,19,35,12,2,0.0,0.0,0,0,26,16,48.26,51.74,-3.49,0,1,Away Win
3788753,2021-06-16,UEFA Euro,2020,Finland,Russia,60,0,1,-1,0.7792,0.8223,-0.0431,8,10,-2,249,450,-201,80.32,84.44,114,112,2,200,367,22,48,17,3,0.1424,0.1177,3,3,17,18,49.09,50.91,-1.82,0,1,Away Win
3788753,2021-06-16,UEFA Euro,2020,Finland,Russia,75,0,1,-1,0.8302,1.1264,-0.2962,10,12,-2,332,530,-198,81.93,84.53,144,138,6,270,441,27,61,18,6,0.051,0.1052,2,1,15,15,55.15,44.85,10.29,0,1,Away Win
3788753,2021-06-16,UEFA Euro,2020,Finland,Russia,85,0,1,-1,0.8302,1.1264,-0.2962,10,12,-2,392,578,-186,82.65,84.08,168,153,15,318,478,29,66,19,7,0.0,0.0,0,0,24,15,57.55,42.45,15.11,0,1,Away Win
3788754,2021-06-16,UEFA Euro,2020,Italy,Switzerland,15,0,0,0,0.2692,0.0,0.2692,3,0,3,125,105,20,90.4,82.86,41,38,3,92,74,6,7,3,1,0.2692,0.0,3,0,18,25,67.86,32.14,35.73,3,0,Home Win
3788754,2021-06-16,UEFA Euro,2020,Italy,Switzerland,30,1,0,1,1.0106,0.0066,1.004,4,1,3,215,175,40,89.77,84.0,63,66,-3,151,133,12,14,4,2,0.7414,0.0066,1,1,19,19,57.27,42.73,14.54,3,0,Home Win
3788754,2021-06-16,UEFA Euro,2020,Italy,Switzerland,45,1,0,1,1.2767,0.0933,1.1834,7,3,4,302,282,20,88.74,85.46,88,88,0,216,225,19,22,6,2,0.2012,0.0866,1,2,17,16,44.13,55.87,-11.74,3,0,Home Win
3788754,2021-06-16,UEFA Euro,2020,Italy,Switzerland,60,2,0,2,1.3302,0.1731,1.1571,8,4,4,410,346,64,88.05,84.97,111,128,-17,286,279,25,29,11,4,0.0535,0.0799,1,1,14,26,46.58,53.42,-6.84,3,0,Home Win
3788754,2021-06-16,UEFA Euro,2020,Italy,Switzerland,75,2,0,2,1.6665,0.2976,1.3689,12,5,7,492,446,46,87.4,85.43,132,159,-27,345,357,35,32,12,8,0.2701,0.0,3,0,13,19,64.94,35.06,29.88,3,0,Home Win
3788754,2021-06-16,UEFA Euro,2020,Italy,Switzerland,85,2,0,2,1.6665,0.2976,1.3689,12,5,7,518,524,-6,86.68,86.07,153,169,-16,367,422,38,34,15,9,0.0,0.0,0,0,21,10,47.83,52.17,-4.33,3,0,Home Win
3788755,2021-06-16,UEFA Euro,2020,Turkey,Wales,15,0,0,0,0.1272,0.3897,-0.2625,2,4,-2,69,97,-28,82.61,82.47,44,20,24,51,68,5,7,0,0,0.1272,0.1311,2,2,18,9,52.53,47.47,5.06,0,2,Away Win
3788755,2021-06-16,UEFA Euro,2020,Turkey,Wales,30,0,0,0,0.2813,0.7712,-0.4899,5,5,0,177,168,9,83.62,82.74,76,47,29,125,123,11,17,1,2,0.1541,0.3815,3,1,20,13,59.68,40.32,19.35,0,2,Away Win
3788755,2021-06-16,UEFA Euro,2020,Turkey,Wales,45,0,1,-1,0.3918,1.1966,-0.8048,7,6,1,285,217,68,83.86,78.34,91,80,11,207,152,18,22,3,8,0.1105,0.4254,2,1,12,18,51.05,48.95,2.1,0,2,Away Win
3788755,2021-06-16,UEFA Euro,2020,Turkey,Wales,60,0,1,-1,0.8372,2.2613,-1.4241,11,10,1,350,273,77,83.43,76.92,119,102,17,252,188,23,26,4,12,0.297,1.0119,2,3,18,8,39.87,60.13,-20.26,0,2,Away Win
3788755,2021-06-16,UEFA Euro,2020,Turkey,Wales,75,0,1,-1,1.0582,2.2613,-1.2032,15,10,5,450,297,153,83.56,76.09,137,135,2,333,200,32,27,6,14,0.0578,0.0,1,0,10,18,67.79,32.21,35.57,0,2,Away Win
3788755,2021-06-16,UEFA Euro,2020,Turkey,Wales,85,0,1,-1,1.1914,2.5152,-1.3238,16,12,4,527,331,196,83.87,75.23,151,153,-2,393,220,35,32,7,14,0.1332,0.2538,1,2,14,18,46.72,53.28,-6.55,0,2,Away Win
3788756,2021-06-17,UEFA Euro,2020,Netherlands,Austria,15,1,0,1,0.8397,0.0,0.8397,2,0,2,72,95,-23,79.17,87.37,43,33,10,57,90,9,9,1,2,0.8397,0.0,2,0,13,18,69.6,30.4,39.21,2,0,Home Win
3788756,2021-06-17,UEFA Euro,2020,Netherlands,Austria,30,1,0,1,0.881,0.0451,0.8359,3,1,2,197,191,6,83.25,85.34,78,64,14,152,175,17,18,1,5,0.0412,0.0451,1,1,20,22,49.41,50.59,-1.17,2,0,Home Win
3788756,2021-06-17,UEFA Euro,2020,Netherlands,Austria,45,1,0,1,1.6798,0.0525,1.6272,6,2,4,272,273,-1,80.88,83.15,117,82,35,199,240,25,25,2,7,0.7988,0.0,3,0,25,14,76.7,23.3,53.39,2,0,Home Win
3788756,2021-06-17,UEFA Euro,2020,Netherlands,Austria,60,1,0,1,2.3874,0.0729,2.3144,10,3,7,361,350,11,81.16,82.29,142,109,33,273,299,35,29,4,10,0.654,0.0204,3,1,17,13,70.66,29.34,41.32,2,0,Home Win
3788756,2021-06-17,UEFA Euro,2020,Netherlands,Austria,75,2,0,2,3.3061,0.2403,3.0658,13,5,8,428,415,13,81.78,82.17,172,131,41,332,351,42,35,6,12,0.8323,0.1673,2,2,19,14,57.76,42.24,15.53,2,0,Home Win
3788756,2021-06-17,UEFA Euro,2020,Netherlands,Austria,85,2,0,2,3.3061,0.3472,2.9589,13,8,5,467,491,-24,80.73,82.08,198,141,57,359,416,44,38,6,12,0.0,0.1069,0,3,26,10,34.23,65.77,-31.54,2,0,Home Win
3788757,2021-06-17,UEFA Euro,2020,Denmark,Belgium,15,1,0,1,0.7505,0.1388,0.6116,6,1,5,107,104,3,80.37,85.58,16,26,-10,94,81,13,3,1,2,0.2171,0.0,2,0,13,13,64.01,35.99,28.02,1,2,Away Win
3788757,2021-06-17,UEFA Euro,2020,Denmark,Belgium,30,1,0,1,0.7776,0.1388,0.6388,7,1,6,209,203,6,83.25,88.18,34,57,-23,188,173,20,7,5,4,0.0272,0.0,1,0,8,21,49.65,50.35,-0.7,1,2,Away Win
3788757,2021-06-17,UEFA Euro,2020,Denmark,Belgium,45,1,0,1,0.9286,0.1388,0.7898,9,1,8,279,307,-28,83.51,85.34,63,91,-28,257,258,27,11,12,6,0.0494,0.0,1,0,21,29,49.96,50.04,-0.07,1,2,Away Win
3788757,2021-06-17,UEFA Euro,2020,Denmark,Belgium,60,1,1,0,1.0334,0.8814,0.152,12,3,9,339,385,-46,83.78,85.19,78,115,-37,314,328,32,18,17,8,0.0313,0.6425,1,1,10,15,36.26,63.74,-27.48,1,2,Away Win
3788757,2021-06-17,UEFA Euro,2020,Denmark,Belgium,75,1,2,-1,1.3193,1.0179,0.3013,16,5,11,423,493,-70,84.4,86.0,98,124,-26,389,429,37,22,23,10,0.2471,0.1366,3,2,16,9,58.21,41.79,16.42,1,2,Away Win
3788757,2021-06-17,UEFA Euro,2020,Denmark,Belgium,85,1,2,-1,1.3193,1.0179,0.3013,16,5,11,463,556,-93,84.02,86.33,112,129,-17,424,488,40,24,25,10,0.0,0.0,0,0,14,5,52.03,47.97,4.05,1,2,Away Win
3788758,2021-06-17,UEFA Euro,2020,Ukraine,North Macedonia,15,0,0,0,0.4362,0.236,0.2002,5,3,2,81,78,3,82.72,79.49,28,34,-6,68,62,9,6,3,3,0.4128,0.236,4,3,19,20,54.52,45.48,9.04,2,1,Home Win
3788758,2021-06-17,UEFA Euro,2020,Ukraine,North Macedonia,30,1,0,1,1.5096,0.236,1.2736,8,3,5,227,130,97,86.34,78.46,52,53,-1,189,109,18,10,7,8,1.0734,0.0,3,0,11,11,80.58,19.42,61.16,2,1,Home Win
3788758,2021-06-17,UEFA Euro,2020,Ukraine,North Macedonia,45,2,0,2,1.725,0.236,1.489,10,3,7,331,210,121,87.92,81.9,83,75,8,277,175,21,15,12,8,0.0489,0.0,1,0,22,19,59.69,40.31,19.38,2,1,Home Win
3788758,2021-06-17,UEFA Euro,2020,Ukraine,North Macedonia,60,2,1,1,1.9565,1.8746,0.0819,12,8,4,382,278,104,87.17,84.17,117,98,19,315,241,27,24,14,10,0.0,1.5202,0,4,27,15,23.11,76.89,-53.78,2,1,Home Win
3788758,2021-06-17,UEFA Euro,2020,Ukraine,North Macedonia,75,2,1,1,2.3975,1.9025,0.495,14,10,4,438,379,59,86.76,84.43,147,116,31,355,331,31,33,20,12,0.2142,0.0278,1,2,21,9,47.23,52.77,-5.54,2,1,Home Win
3788758,2021-06-17,UEFA Euro,2020,Ukraine,North Macedonia,85,2,1,1,3.1877,1.9025,1.2853,16,10,6,467,389,78,85.87,83.55,152,126,26,375,339,33,37,20,13,0.7903,0.0,2,0,5,10,79.66,20.34,59.32,2,1,Home Win
3788759,2021-06-18,UEFA Euro,2020,England,Scotland,15,0,0,0,0.458,0.1157,0.3424,3,1,2,72,59,13,81.94,77.97,25,22,3,52,33,6,4,1,2,0.458,0.0,3,0,15,11,77.41,22.59,54.83,0,0,Draw
3788759,2021-06-18,UEFA Euro,2020,England,Scotland,30,0,0,0,0.6247,0.286,0.3387,4,4,0,176,117,59,87.5,79.49,42,40,2,127,75,10,8,1,3,0.1666,0.1703,1,3,7,13,40.14,59.86,-19.71,0,0,Draw
3788759,2021-06-18,UEFA Euro,2020,England,Scotland,45,0,0,0,0.6247,0.3088,0.3159,4,5,-1,292,197,95,88.36,80.71,58,73,-15,228,132,19,14,1,5,0.0,0.0228,0,1,11,19,40.21,59.79,-19.59,0,0,Draw
3788759,2021-06-18,UEFA Euro,2020,England,Scotland,60,0,0,0,0.8215,0.4399,0.3816,8,7,1,420,253,167,88.81,81.03,82,100,-18,335,182,23,22,2,11,0.1157,0.1311,2,2,20,11,58.28,41.72,16.56,0,0,Draw
3788759,2021-06-18,UEFA Euro,2020,England,Scotland,75,0,0,0,0.8539,0.6712,0.1827,9,9,0,485,320,165,88.25,80.94,102,133,-31,388,233,32,28,3,14,0.0324,0.0,1,0,12,23,49.68,50.32,-0.65,0,0,Draw
3788759,2021-06-18,UEFA Euro,2020,England,Scotland,85,0,0,0,0.8539,0.7354,0.1185,9,11,-2,534,376,158,88.58,80.59,112,153,-41,427,281,38,34,4,15,0.0,0.0642,0,2,10,20,29.35,70.65,-41.3,0,0,Draw
3788760,2021-06-18,UEFA Euro,2020,Croatia,Czech Republic,15,0,0,0,0.0575,0.2819,-0.2244,1,3,-2,53,101,-48,71.7,73.27,48,10,38,35,80,5,11,6,0,0.0575,0.1231,1,1,22,6,54.48,45.52,8.97,1,1,Draw
3788760,2021-06-18,UEFA Euro,2020,Croatia,Czech Republic,30,0,0,0,0.1319,0.6303,-0.4984,2,4,-2,147,186,-39,79.59,77.96,91,32,59,111,157,8,17,9,4,0.0743,0.0,1,0,26,16,61.53,38.47,23.06,1,1,Draw
3788760,2021-06-18,UEFA Euro,2020,Croatia,Czech Republic,45,0,1,-1,0.465,1.4138,-0.9488,5,5,0,217,219,-2,82.03,77.17,111,44,67,161,180,8,21,10,6,0.3331,0.7835,3,1,14,12,59.16,40.84,18.31,1,1,Draw
3788760,2021-06-18,UEFA Euro,2020,Croatia,Czech Republic,60,1,1,0,0.5763,1.8184,-1.242,8,10,-2,291,314,-23,80.76,78.98,151,59,92,215,260,15,30,14,7,0.0829,0.3501,2,4,26,11,42.31,57.69,-15.37,1,1,Draw
3788760,2021-06-18,UEFA Euro,2020,Croatia,Czech Republic,75,1,1,0,0.8137,1.9126,-1.099,9,11,-2,368,371,-3,81.25,78.17,183,94,89,286,309,26,39,15,10,0.2374,0.0943,1,1,16,21,54.62,45.38,9.23,1,1,Draw
3788760,2021-06-18,UEFA Euro,2020,Croatia,Czech Republic,85,1,1,0,0.8137,1.9126,-1.099,9,11,-2,440,428,12,82.05,78.04,204,112,92,345,349,30,41,16,11,0.0,0.0,0,0,21,18,56.42,43.58,12.84,1,1,Draw
3788761,2021-06-18,UEFA Euro,2020,Sweden,Slovakia,15,0,0,0,0.0313,0.0842,-0.0529,1,1,0,90,95,-5,85.56,88.42,16,34,-18,75,82,7,3,0,0,0.0,0.0,0,0,10,24,44.76,55.24,-10.48,1,0,Home Win
3788761,2021-06-18,UEFA Euro,2020,Sweden,Slovakia,30,0,0,0,0.0893,0.0842,0.0051,2,1,1,183,196,-13,85.79,88.78,35,70,-35,160,169,11,9,0,0,0.058,0.0,1,0,16,18,50.76,49.24,1.53,1,0,Home Win
3788761,2021-06-18,UEFA Euro,2020,Sweden,Slovakia,45,0,0,0,0.14,0.2007,-0.0607,3,3,0,243,352,-109,82.3,90.34,60,91,-31,206,313,15,19,1,1,0.0507,0.1165,1,2,16,10,34.2,65.8,-31.6,1,0,Home Win
3788761,2021-06-18,UEFA Euro,2020,Sweden,Slovakia,60,0,0,0,0.4815,0.2371,0.2444,7,4,3,332,449,-117,83.13,89.53,76,126,-50,282,395,21,21,2,1,0.323,0.0,3,0,9,32,60.96,39.04,21.92,1,0,Home Win
3788761,2021-06-18,UEFA Euro,2020,Sweden,Slovakia,75,0,0,0,0.6262,0.2371,0.3892,9,4,5,418,519,-101,84.69,89.6,93,149,-56,360,454,23,23,3,2,0.1448,0.0,2,0,10,17,64.86,35.14,29.71,1,0,Home Win
3788761,2021-06-18,UEFA Euro,2020,Sweden,Slovakia,85,1,0,1,1.584,0.2371,1.3469,13,4,9,446,587,-141,83.41,89.27,111,173,-62,376,519,29,29,6,2,0.9577,0.0,4,0,18,24,67.64,32.36,35.28,1,0,Home Win
3788762,2021-06-19,UEFA Euro,2020,Spain,Poland,15,0,0,0,0.0239,0.0257,-0.0019,2,1,1,160,59,101,85.62,66.1,34,70,-36,133,49,13,7,3,6,0.0239,0.0,2,0,13,40,60.09,39.91,20.19,1,1,Draw
3788762,2021-06-19,UEFA Euro,2020,Spain,Poland,30,1,0,1,0.6372,0.0257,0.6115,4,1,3,279,86,193,86.74,65.12,51,104,-53,232,73,20,14,4,9,0.6134,0.0,2,0,12,23,70.22,29.78,40.44,1,1,Draw
3788762,2021-06-19,UEFA Euro,2020,Spain,Poland,45,1,0,1,0.8588,0.3747,0.4841,6,4,2,417,118,299,87.29,62.71,70,154,-84,341,98,30,24,5,13,0.14,0.1522,1,2,13,39,44.18,55.82,-11.63,1,1,Draw
3788762,2021-06-19,UEFA Euro,2020,Spain,Poland,60,1,1,0,1.9804,0.5523,1.4281,8,5,3,505,168,337,87.13,64.88,100,193,-93,424,130,41,31,6,16,1.1216,0.1776,2,1,19,22,65.55,34.45,31.11,1,1,Draw
3788762,2021-06-19,UEFA Euro,2020,Spain,Poland,75,1,1,0,2.0278,0.5523,1.4755,9,5,4,608,197,411,87.01,63.45,116,210,-94,513,145,47,38,7,17,0.0,0.0,0,0,12,8,68.31,31.69,36.63,1,1,Draw
3788762,2021-06-19,UEFA Euro,2020,Spain,Poland,85,1,1,0,2.6149,0.5523,2.0626,12,5,7,685,218,467,87.3,61.93,134,225,-91,582,159,51,44,8,19,0.5871,0.0,3,0,18,15,80.0,20.0,60.0,1,1,Draw
3788763,2021-06-19,UEFA Euro,2020,Hungary,France,15,0,0,0,0.026,0.0468,-0.0208,1,1,0,70,112,-42,77.14,89.29,32,24,8,47,97,7,3,3,0,0.026,0.0468,1,1,21,15,47.65,52.35,-4.7,1,1,Draw
3788763,2021-06-19,UEFA Euro,2020,Hungary,France,30,0,0,0,0.026,0.6015,-0.5755,1,5,-4,119,201,-82,79.83,90.55,53,35,18,75,168,12,5,5,0,0.0,0.2288,0,2,15,7,31.98,68.02,-36.04,1,1,Draw
3788763,2021-06-19,UEFA Euro,2020,Hungary,France,45,0,0,0,0.0347,0.7035,-0.6689,2,7,-5,171,371,-200,78.36,90.84,88,45,43,104,313,16,12,8,1,0.0086,0.0085,1,1,18,7,41.3,58.7,-17.4,1,1,Draw
3788763,2021-06-19,UEFA Euro,2020,Hungary,France,60,1,0,1,0.4152,0.7739,-0.3587,4,11,-7,252,497,-245,79.76,89.13,113,70,43,172,409,26,23,11,5,0.017,0.026,1,1,10,15,49.88,50.12,-0.24,1,1,Draw
3788763,2021-06-19,UEFA Euro,2020,Hungary,France,75,1,1,0,0.4735,1.3436,-0.8701,5,14,-9,323,543,-220,81.11,88.95,126,87,39,236,448,34,29,12,7,0.0582,0.1936,1,2,7,14,44.2,55.8,-11.59,1,1,Draw
3788763,2021-06-19,UEFA Euro,2020,Hungary,France,85,1,1,0,0.4735,1.5276,-1.0541,5,16,-11,358,626,-268,80.45,88.82,133,97,36,267,515,43,31,12,8,0.0,0.184,0,2,7,10,26.49,73.51,-47.02,1,1,Draw
3788764,2021-06-19,UEFA Euro,2020,Portugal,Germany,15,1,0,1,0.931,0.1964,0.7346,1,3,-2,73,134,-61,86.3,91.04,32,26,6,59,123,5,10,0,1,0.931,0.1964,1,3,22,18,48.83,51.17,-2.33,2,4,Away Win
3788764,2021-06-19,UEFA Euro,2020,Portugal,Germany,30,1,0,1,1.0458,0.2207,0.8251,3,4,-1,108,237,-129,78.7,89.03,54,37,17,82,210,8,15,1,2,0.1148,0.0,2,0,12,5,67.16,32.84,34.33,2,4,Away Win
3788764,2021-06-19,UEFA Euro,2020,Portugal,Germany,45,1,2,-1,1.0458,0.8298,0.216,3,8,-5,175,311,-136,82.29,89.71,65,61,4,132,268,10,23,1,4,0.0,0.5733,0,3,8,15,21.1,78.9,-57.79,2,4,Away Win
3788764,2021-06-19,UEFA Euro,2020,Portugal,Germany,60,1,4,-3,1.0524,2.0201,-0.9677,4,11,-7,278,436,-158,84.53,89.91,94,95,-1,218,377,14,29,3,8,0.0066,0.3783,1,1,18,13,43.29,56.71,-13.42,2,4,Away Win
3788764,2021-06-19,UEFA Euro,2020,Portugal,Germany,75,2,4,-2,1.8603,2.0201,-0.1598,5,11,-6,353,473,-120,84.99,88.58,107,118,-11,282,401,19,29,4,10,0.8079,0.0,1,0,11,14,74.13,25.87,48.26,2,4,Away Win
3788764,2021-06-19,UEFA Euro,2020,Portugal,Germany,85,2,4,-2,1.8798,2.1229,-0.2431,6,12,-6,403,564,-161,85.11,89.36,135,131,4,323,488,23,34,5,11,0.0195,0.1028,1,1,28,13,49.13,50.87,-1.74,2,4,Away Win
3788765,2021-06-20,UEFA Euro,2020,Switzerland,Turkey,15,1,0,1,0.0234,0.1526,-0.1292,1,7,-6,93,86,7,81.72,83.72,29,40,-11,58,81,5,12,2,3,0.0,0.0378,0,2,21,24,34.63,65.37,-30.74,3,1,Home Win
3788765,2021-06-20,UEFA Euro,2020,Switzerland,Turkey,30,2,0,2,0.4389,0.1811,0.2578,6,8,-2,198,175,23,84.34,86.29,49,81,-32,142,155,10,17,4,8,0.3505,0.0286,3,1,15,20,57.39,42.61,14.77,3,1,Home Win
3788765,2021-06-20,UEFA Euro,2020,Switzerland,Turkey,45,2,0,2,0.6234,0.5416,0.0818,9,12,-3,276,303,-27,84.42,87.13,89,109,-20,203,270,19,27,9,10,0.1845,0.3037,3,2,24,24,51.98,48.02,3.96,3,1,Home Win
3788765,2021-06-20,UEFA Euro,2020,Switzerland,Turkey,60,2,0,2,1.2828,0.6473,0.6355,16,14,2,380,375,5,85.26,86.13,118,139,-21,289,328,30,31,11,13,0.4596,0.035,4,1,11,20,69.08,30.92,38.16,3,1,Home Win
3788765,2021-06-20,UEFA Euro,2020,Switzerland,Turkey,75,3,1,2,1.7623,0.6968,1.0655,20,15,5,443,438,5,85.78,86.53,136,171,-35,343,387,35,35,12,16,0.2401,0.0,1,0,14,16,58.27,41.73,16.55,3,1,Home Win
3788765,2021-06-20,UEFA Euro,2020,Switzerland,Turkey,85,3,1,2,1.984,0.9697,1.0143,23,18,5,469,482,-13,85.5,87.14,156,179,-23,362,433,40,40,13,18,0.2216,0.2729,3,3,20,8,51.03,48.97,2.06,3,1,Home Win
3788766,2021-06-20,UEFA Euro,2020,Italy,Wales,15,0,0,0,0.3718,0.0,0.3718,2,0,2,147,43,104,91.84,67.44,14,47,-33,121,20,5,4,0,3,0.3718,0.0,2,0,5,32,64.33,35.67,28.66,1,0,Home Win
3788766,2021-06-20,UEFA Euro,2020,Italy,Wales,30,0,0,0,0.7588,0.06,0.6988,7,1,6,221,128,93,90.05,79.69,34,75,-41,189,89,13,10,3,4,0.2629,0.06,3,1,11,23,59.63,40.37,19.26,1,0,Home Win
3788766,2021-06-20,UEFA Euro,2020,Italy,Wales,45,1,0,1,1.1315,0.0803,1.0512,10,2,8,323,173,150,90.71,79.19,44,92,-48,275,119,18,16,3,5,0.3727,0.0,3,0,8,7,78.49,21.51,56.97,1,0,Home Win
3788766,2021-06-20,UEFA Euro,2020,Italy,Wales,60,1,0,1,1.2126,0.0803,1.1323,13,2,11,387,241,146,89.92,81.74,70,110,-40,326,176,21,23,4,8,0.0811,0.0,3,0,6,14,75.55,24.45,51.09,1,0,Home Win
3788766,2021-06-20,UEFA Euro,2020,Italy,Wales,75,1,0,1,1.4286,0.2407,1.1878,17,3,14,484,259,225,90.5,79.15,78,117,-39,408,188,27,29,5,10,0.0746,0.1605,2,1,5,4,66.99,33.01,33.99,1,0,Home Win
3788766,2021-06-20,UEFA Euro,2020,Italy,Wales,85,1,0,1,1.4729,0.2407,1.2322,19,3,16,547,270,277,90.68,78.15,84,128,-44,464,194,31,32,5,11,0.0443,0.0,2,0,6,11,77.1,22.9,54.21,1,0,Home Win
3788767,2021-06-21,UEFA Euro,2020,Ukraine,Austria,15,0,0,0,0.0,0.2554,-0.2554,0,5,-5,75,109,-34,78.67,80.73,45,40,5,59,80,6,9,6,2,0.0,0.1599,0,3,21,30,29.98,70.02,-40.03,0,1,Away Win
3788767,2021-06-21,UEFA Euro,2020,Ukraine,Austria,30,0,1,-1,0.058,0.4925,-0.4344,1,7,-6,165,159,6,82.42,79.25,58,67,-9,143,113,15,14,7,3,0.058,0.0429,1,1,10,22,53.75,46.25,7.5,0,1,Away Win
3788767,2021-06-21,UEFA Euro,2020,Ukraine,Austria,45,0,1,-1,0.058,0.9981,-0.9401,1,10,-9,234,248,-14,83.76,79.84,75,99,-24,207,180,24,23,8,4,0.0,0.4281,0,2,10,24,29.49,70.51,-41.02,0,1,Away Win
3788767,2021-06-21,UEFA Euro,2020,Ukraine,Austria,60,0,1,-1,0.3976,1.4349,-1.0373,4,17,-13,330,337,-7,82.73,80.12,111,128,-17,286,261,33,36,15,6,0.2866,0.1108,2,3,22,22,50.38,49.62,0.77,0,1,Away Win
3788767,2021-06-21,UEFA Euro,2020,Ukraine,Austria,75,0,1,-1,0.3976,1.4935,-1.0959,4,18,-14,405,409,-4,81.98,80.44,133,152,-19,342,320,40,43,17,8,0.0,0.0586,0,1,9,11,40.11,59.89,-19.79,0,1,Away Win
3788767,2021-06-21,UEFA Euro,2020,Ukraine,Austria,85,0,1,-1,0.3976,1.4935,-1.0959,4,18,-14,453,482,-29,81.02,79.67,145,164,-19,383,373,45,49,19,9,0.0,0.0,0,0,12,12,45.61,54.39,-8.78,0,1,Away Win
3788768,2021-06-21,UEFA Euro,2020,Finland,Belgium,15,0,0,0,0.0,0.0,0.0,0,0,0,98,155,-57,85.71,92.26,36,27,9,79,132,6,5,2,1,0.0,0.0,0,0,19,16,51.03,48.97,2.06,0,2,Away Win
3788768,2021-06-21,UEFA Euro,2020,Finland,Belgium,30,0,0,0,0.0,0.0206,-0.0206,0,1,-1,193,277,-84,84.97,89.53,66,56,10,160,233,13,12,3,4,0.0,0.0206,0,1,21,22,39.79,60.21,-20.42,0,2,Away Win
3788768,2021-06-21,UEFA Euro,2020,Finland,Belgium,45,0,0,0,0.0717,0.4923,-0.4206,2,7,-5,248,394,-146,83.47,90.1,84,71,13,198,331,18,20,5,5,0.0717,0.3122,2,3,14,14,39.29,60.71,-21.42,0,2,Away Win
3788768,2021-06-21,UEFA Euro,2020,Finland,Belgium,60,0,0,0,0.0717,0.6663,-0.5946,2,11,-9,303,498,-195,82.51,89.16,113,96,17,242,421,26,30,6,5,0.0,0.147,0,3,18,20,28.58,71.42,-42.84,0,2,Away Win
3788768,2021-06-21,UEFA Euro,2020,Finland,Belgium,75,0,1,-1,0.1603,1.001,-0.8408,4,15,-11,362,582,-220,82.6,88.66,128,114,14,292,497,34,43,7,9,0.0,0.2415,0,3,8,9,22.02,77.98,-55.96,0,2,Away Win
3788768,2021-06-21,UEFA Euro,2020,Finland,Belgium,85,0,2,-2,0.2402,1.1404,-0.9002,7,17,-10,435,619,-184,82.99,88.69,136,133,3,359,529,41,48,8,11,0.08,0.1394,3,2,8,19,54.24,45.76,8.47,0,2,Away Win
3788769,2021-06-21,UEFA Euro,2020,Russia,Denmark,15,0,0,0,0.0,0.0,0.0,0,0,0,44,130,-86,61.36,84.62,34,9,25,28,113,7,11,1,0,0.0,0.0,0,0,27,4,49.81,50.19,-0.37,1,4,Away Win
3788769,2021-06-21,UEFA Euro,2020,Russia,Denmark,30,0,0,0,0.2203,0.0232,0.1972,3,1,2,85,251,-166,63.53,86.06,57,25,32,60,222,13,20,4,1,0.0,0.0232,0,1,19,9,37.45,62.55,-25.11,1,4,Away Win
3788769,2021-06-21,UEFA Euro,2020,Russia,Denmark,45,0,1,-1,0.2842,0.1247,0.1596,4,3,1,154,341,-187,66.88,82.4,68,39,29,110,289,27,26,7,1,0.0,0.1015,0,2,9,11,34.39,65.61,-31.21,1,4,Away Win
3788769,2021-06-21,UEFA Euro,2020,Russia,Denmark,60,0,2,-2,0.2842,1.0789,-0.7947,4,5,-1,214,423,-209,67.76,81.8,80,58,22,152,354,33,31,11,3,0.0,0.9543,0,2,10,11,22.11,77.89,-55.79,1,4,Away Win
3788769,2021-06-21,UEFA Euro,2020,Russia,Denmark,75,1,2,-1,1.0677,1.6452,-0.5775,5,10,-5,264,476,-212,68.56,82.14,95,77,18,195,407,43,42,13,4,0.7835,0.4807,1,4,6,12,39.95,60.05,-20.1,1,4,Away Win
3788769,2021-06-21,UEFA Euro,2020,Russia,Denmark,85,1,4,-3,1.091,2.3189,-1.228,6,15,-9,283,494,-211,69.26,81.78,101,83,18,205,421,44,47,14,4,0.0232,0.6738,1,5,6,6,20.06,79.94,-59.89,1,4,Away Win
3788770,2021-06-21,UEFA Euro,2020,North Macedonia,Netherlands,15,0,0,0,0.0,0.0178,-0.0178,0,1,-1,91,132,-41,82.42,83.33,20,45,-25,77,102,15,10,3,3,0.0,0.0,0,0,12,27,35.0,65.0,-30.0,0,3,Away Win
3788770,2021-06-21,UEFA Euro,2020,North Macedonia,Netherlands,30,0,1,-1,0.0951,0.9789,-0.8838,3,6,-3,168,205,-37,85.71,85.37,34,59,-25,145,161,20,15,6,5,0.0892,0.7834,2,4,7,12,36.93,63.07,-26.14,0,3,Away Win
3788770,2021-06-21,UEFA Euro,2020,North Macedonia,Netherlands,45,0,1,-1,0.292,0.9789,-0.6869,6,6,0,256,308,-52,84.77,85.06,58,86,-28,223,244,32,24,6,7,0.1969,0.0,3,0,17,20,65.97,34.03,31.94,0,3,Away Win
3788770,2021-06-21,UEFA Euro,2020,North Macedonia,Netherlands,60,0,3,-3,0.4411,2.8539,-2.4128,8,12,-4,317,387,-70,82.65,84.75,76,115,-39,274,308,39,34,12,10,0.1491,1.0924,2,4,13,20,29.72,70.28,-40.55,0,3,Away Win
3788770,2021-06-21,UEFA Euro,2020,North Macedonia,Netherlands,75,0,3,-3,0.4411,3.1599,-2.7188,8,15,-7,394,474,-80,82.49,84.81,93,158,-65,340,377,46,43,17,13,0.0,0.306,0,3,10,29,21.09,78.91,-57.82,0,3,Away Win
3788770,2021-06-21,UEFA Euro,2020,North Macedonia,Netherlands,85,0,3,-3,0.6368,3.2037,-2.5668,11,16,-5,425,552,-127,82.82,84.96,111,175,-64,365,443,48,49,22,15,0.1957,0.0438,3,1,18,17,55.12,44.88,10.23,0,3,Away Win
3788771,2021-06-22,UEFA Euro,2020,Croatia,Scotland,15,0,0,0,0.0,0.0341,-0.0341,0,1,-1,129,66,63,89.92,65.15,38,30,8,123,47,5,7,3,3,0.0,0.0341,0,1,24,21,54.63,45.37,9.25,3,1,Home Win
3788771,2021-06-22,UEFA Euro,2020,Croatia,Scotland,30,1,0,1,0.1097,0.1326,-0.0229,3,2,1,282,111,171,91.13,68.47,58,81,-23,267,74,18,12,4,6,0.0438,0.0985,2,1,15,30,56.37,43.63,12.74,3,1,Home Win
3788771,2021-06-22,UEFA Euro,2020,Croatia,Scotland,45,1,1,0,0.1662,0.1921,-0.0258,6,3,3,387,158,229,90.44,69.62,82,128,-46,367,108,26,18,6,11,0.0565,0.0595,3,1,19,39,58.94,41.06,17.89,3,1,Home Win
3788771,2021-06-22,UEFA Euro,2020,Croatia,Scotland,60,1,1,0,0.6239,0.4655,0.1584,8,4,4,519,211,308,89.21,69.67,99,159,-60,483,143,32,26,9,13,0.0366,0.2735,1,1,12,19,51.95,48.05,3.9,3,1,Home Win
3788771,2021-06-22,UEFA Euro,2020,Croatia,Scotland,75,2,1,1,0.7115,0.5361,0.1754,10,6,4,589,259,330,89.13,70.66,122,179,-57,537,181,36,33,11,15,0.0304,0.0706,1,2,15,11,44.98,55.02,-10.04,3,1,Home Win
3788771,2021-06-22,UEFA Euro,2020,Croatia,Scotland,85,3,1,2,0.7815,0.7753,0.0062,11,9,2,635,289,346,88.35,71.63,137,198,-61,571,201,40,37,11,17,0.07,0.2392,1,3,15,19,37.89,62.11,-24.22,3,1,Home Win
3788772,2021-06-22,UEFA Euro,2020,Czech Republic,England,15,0,1,-1,0.0,0.487,-0.487,0,4,-4,59,115,-56,71.19,86.96,34,28,6,31,79,7,10,2,2,0.0,0.3355,0,3,11,15,20.6,79.4,-58.79,0,1,Away Win
3788772,2021-06-22,UEFA Euro,2020,Czech Republic,England,30,0,1,-1,0.2125,0.6021,-0.3896,4,5,-1,154,181,-27,77.92,84.53,54,62,-8,102,133,19,19,5,8,0.2125,0.1151,4,1,12,20,61.81,38.19,23.62,0,1,Away Win
3788772,2021-06-22,UEFA Euro,2020,Czech Republic,England,45,0,1,-1,0.2936,0.6423,-0.3488,5,6,-1,192,292,-100,77.08,84.59,86,73,13,130,223,25,28,12,13,0.0,0.0403,0,1,21,6,37.96,62.04,-24.08,0,1,Away Win
3788772,2021-06-22,UEFA Euro,2020,Czech Republic,England,60,0,1,-1,0.2936,0.6423,-0.3488,5,6,-1,292,376,-84,78.42,82.98,119,102,17,201,285,33,34,15,19,0.0,0.0,0,0,17,25,55.36,44.64,10.73,0,1,Away Win
3788772,2021-06-22,UEFA Euro,2020,Czech Republic,England,75,0,1,-1,0.2936,0.6423,-0.3488,5,6,-1,354,458,-104,79.38,83.84,152,128,24,244,343,37,38,16,20,0.0,0.0,0,0,24,16,49.04,50.96,-1.92,0,1,Away Win
3788772,2021-06-22,UEFA Euro,2020,Czech Republic,England,85,0,1,-1,0.3722,0.6423,-0.2701,6,6,0,393,516,-123,78.63,83.53,182,146,36,271,388,43,42,18,22,0.0786,0.0,1,0,30,18,61.43,38.57,22.87,0,1,Away Win
3788773,2021-06-23,UEFA Euro,2020,Portugal,France,15,0,0,0,0.0948,0.1615,-0.0667,2,1,1,135,140,-5,91.11,92.86,16,29,-13,106,118,8,7,2,2,0.0,0.1615,0,1,12,19,35.33,64.67,-29.34,2,2,Draw
3788773,2021-06-23,UEFA Euro,2020,Portugal,France,30,1,0,1,1.113,0.1615,0.9515,5,1,4,224,209,15,92.41,91.39,31,47,-16,182,177,13,13,3,4,0.9927,0.0,2,0,8,10,77.34,22.66,54.68,2,2,Draw
3788773,2021-06-23,UEFA Euro,2020,Portugal,France,45,1,0,1,1.1929,0.1754,1.0175,7,2,5,313,317,-4,91.05,92.11,53,69,-16,263,261,18,16,4,9,0.0371,0.0139,1,1,14,13,51.76,48.24,3.52,2,2,Draw
3788773,2021-06-23,UEFA Euro,2020,Portugal,France,60,2,2,0,2.0341,1.2944,0.7396,9,5,4,404,410,-6,89.6,91.71,78,85,-7,320,336,24,19,5,14,0.7835,0.0,1,0,16,7,74.39,25.61,48.77,2,2,Draw
3788773,2021-06-23,UEFA Euro,2020,Portugal,France,75,2,2,0,2.0424,1.4631,0.5793,10,10,0,467,513,-46,90.15,92.01,100,101,-1,377,422,28,25,5,14,0.0084,0.1687,1,5,17,11,29.39,70.61,-41.21,2,2,Draw
3788773,2021-06-23,UEFA Euro,2020,Portugal,France,85,2,2,0,2.0424,1.5066,0.5358,10,11,-1,516,565,-49,90.5,92.04,110,110,0,421,465,30,29,6,14,0.0,0.0435,0,1,10,9,39.91,60.09,-20.18,2,2,Draw
3788774,2021-06-23,UEFA Euro,2020,Germany,Hungary,15,0,1,-1,0.07,0.3145,-0.2446,2,1,1,138,60,78,92.75,75.0,19,21,-2,130,39,4,3,6,1,0.0436,0.3145,1,1,12,9,56.7,43.3,13.39,2,2,Draw
3788774,2021-06-23,UEFA Euro,2020,Germany,Hungary,30,0,1,-1,0.579,0.3145,0.2645,6,1,5,274,102,172,90.15,74.51,30,35,-5,253,74,14,10,9,4,0.0363,0.0,1,0,8,9,74.58,25.42,49.16,2,2,Draw
3788774,2021-06-23,UEFA Euro,2020,Germany,Hungary,45,0,1,-1,0.6694,0.3839,0.2855,8,4,4,421,149,272,90.02,74.5,61,58,3,390,118,26,16,12,7,0.0904,0.0373,2,2,19,13,61.8,38.2,23.59,2,2,Draw
3788774,2021-06-23,UEFA Euro,2020,Germany,Hungary,60,0,1,-1,0.765,0.5621,0.2029,11,6,5,531,199,332,89.64,75.88,79,76,3,490,158,30,24,16,11,0.0819,0.1782,2,2,9,7,50.25,49.75,0.49,2,2,Draw
3788774,2021-06-23,UEFA Euro,2020,Germany,Hungary,75,1,2,-1,1.7711,0.7371,1.034,14,9,5,644,217,427,89.91,74.19,84,92,-8,591,167,34,29,17,12,0.0439,0.168,1,2,3,7,51.4,48.6,2.8,2,2,Draw
3788774,2021-06-23,UEFA Euro,2020,Germany,Hungary,85,2,2,0,2.0977,0.7371,1.3606,18,9,9,726,240,486,90.08,73.75,96,105,-9,664,185,41,32,18,15,0.3265,0.0,4,0,12,13,82.0,18.0,64.0,2,2,Draw
3788775,2021-06-23,UEFA Euro,2020,Slovakia,Spain,15,0,0,0,0.0,1.0225,-1.0225,0,6,-6,54,99,-45,64.81,84.85,27,24,3,35,74,4,17,3,2,0.0,0.8945,0,4,13,10,15.96,84.04,-68.07,0,5,Away Win
3788775,2021-06-23,UEFA Euro,2020,Slovakia,Spain,30,0,1,-1,0.0,1.646,-1.646,0,10,-10,94,194,-100,64.89,85.57,47,40,7,57,140,8,22,7,2,0.0,0.1505,0,2,13,10,28.36,71.64,-43.28,0,5,Away Win
3788775,2021-06-23,UEFA Euro,2020,Slovakia,Spain,45,0,1,-1,0.0,1.6982,-1.6982,0,12,-12,165,300,-135,69.09,86.67,86,65,21,108,231,12,26,11,7,0.0,0.0523,0,2,28,17,39.13,60.87,-21.75,0,5,Away Win
3788775,2021-06-23,UEFA Euro,2020,Slovakia,Spain,60,0,3,-3,0.0652,1.9747,-1.9096,2,14,-12,248,419,-171,74.6,87.11,123,90,33,165,311,18,29,13,9,0.0372,0.1134,1,1,26,7,53.43,46.57,6.86,0,5,Away Win
3788775,2021-06-23,UEFA Euro,2020,Slovakia,Spain,75,0,5,-5,0.093,3.1246,-3.0315,3,17,-14,271,535,-264,75.28,88.22,149,95,54,182,391,19,32,14,9,0.0,1.1498,0,3,16,4,18.91,81.09,-62.18,0,5,Away Win
3788775,2021-06-23,UEFA Euro,2020,Slovakia,Spain,85,0,5,-5,0.093,3.1794,-3.0863,3,18,-15,339,604,-265,79.06,88.91,170,114,56,245,452,24,35,14,9,0.0,0.0548,0,1,21,19,45.15,54.85,-9.71,0,5,Away Win
3788776,2021-06-23,UEFA Euro,2020,Sweden,Poland,15,1,0,1,0.1769,0.0,0.1769,1,0,1,87,79,8,68.97,72.15,25,28,-3,49,55,9,7,2,5,0.0,0.0,0,0,10,17,43.1,56.9,-13.81,3,2,Home Win
3788776,2021-06-23,UEFA Euro,2020,Sweden,Poland,30,1,0,1,0.1769,0.546,-0.3691,1,3,-2,115,166,-51,61.74,74.1,50,38,12,66,115,16,17,5,6,0.0,0.0,0,0,22,7,51.47,48.53,2.95,3,2,Home Win
3788776,2021-06-23,UEFA Euro,2020,Sweden,Poland,45,1,0,1,0.1769,0.6476,-0.4707,1,6,-5,142,268,-126,57.04,72.76,75,55,20,83,187,22,29,5,6,0.0,0.1016,0,3,18,13,24.55,75.45,-50.9,3,2,Home Win
3788776,2021-06-23,UEFA Euro,2020,Sweden,Poland,60,2,1,1,0.5481,0.8461,-0.298,7,12,-5,196,366,-170,58.67,75.41,93,72,21,111,269,31,39,5,8,0.1484,0.0725,3,3,11,11,48.46,51.54,-3.08,3,2,Home Win
3788776,2021-06-23,UEFA Euro,2020,Sweden,Poland,75,2,1,1,0.5894,0.886,-0.2966,9,13,-4,224,431,-207,57.59,74.94,105,86,19,124,324,37,52,7,8,0.0413,0.0,2,0,5,8,63.38,36.62,26.76,3,2,Home Win
3788776,2021-06-23,UEFA Euro,2020,Sweden,Poland,85,2,2,0,0.5894,1.452,-0.8626,9,16,-7,247,499,-252,57.09,76.15,123,93,30,132,378,39,56,8,8,0.0,0.566,0,3,18,7,22.75,77.25,-54.5,3,2,Home Win
3794685,2021-06-26,UEFA Euro,2020,Italy,Austria,15,0,0,0,0.1659,0.0,0.1659,4,0,4,87,154,-67,86.21,87.66,39,34,5,73,124,11,9,4,3,0.1659,0.0,4,0,17,17,64.53,35.47,29.06,2,1,Home Win
3794685,2021-06-26,UEFA Euro,2020,Italy,Austria,30,0,0,0,0.3825,0.0687,0.3138,7,1,6,229,216,13,89.08,85.65,65,70,-5,183,175,22,14,5,8,0.02,0.0,1,0,12,25,58.53,41.47,17.07,2,1,Home Win
3794685,2021-06-26,UEFA Euro,2020,Italy,Austria,45,0,0,0,0.5339,0.0687,0.4652,11,1,10,351,285,66,90.88,83.51,93,106,-13,294,224,30,19,7,10,0.0974,0.0,2,0,16,27,65.93,34.07,31.86,2,1,Home Win
3794685,2021-06-26,UEFA Euro,2020,Italy,Austria,60,0,0,0,0.7207,0.2563,0.4645,15,3,12,439,337,102,89.75,82.49,124,140,-16,350,263,33,26,10,15,0.0728,0.0903,2,1,24,28,54.46,45.54,8.93,2,1,Home Win
3794685,2021-06-26,UEFA Euro,2020,Italy,Austria,75,0,0,0,0.8363,0.4439,0.3924,17,8,9,499,396,103,89.18,82.07,141,164,-23,388,304,36,34,13,16,0.1156,0.0392,2,1,11,13,59.79,40.21,19.58,2,1,Home Win
3794685,2021-06-26,UEFA Euro,2020,Italy,Austria,85,0,0,0,0.9197,0.4595,0.4602,18,9,9,556,461,95,88.13,82.86,161,179,-18,424,350,42,38,16,20,0.0834,0.0156,1,1,20,15,52.67,47.33,5.34,2,1,Home Win
3794689,2021-06-26,UEFA Euro,2020,Wales,Denmark,15,0,0,0,0.2772,0.0389,0.2383,6,1,5,86,85,1,79.07,77.65,28,25,3,73,67,11,7,2,2,0.2327,0.0389,5,1,16,15,70.66,29.34,41.31,0,4,Away Win
3794689,2021-06-26,UEFA Euro,2020,Wales,Denmark,30,0,1,-1,0.2881,0.2051,0.0831,7,3,4,128,176,-48,78.91,80.11,56,32,24,96,139,13,10,3,5,0.0,0.1662,0,2,23,6,34.99,65.01,-30.01,0,4,Away Win
3794689,2021-06-26,UEFA Euro,2020,Wales,Denmark,45,0,1,-1,0.2881,0.6896,-0.4014,7,5,2,179,269,-90,78.77,79.55,81,44,37,128,213,16,21,4,6,0.0,0.0262,0,1,11,10,34.25,65.75,-31.5,0,4,Away Win
3794689,2021-06-26,UEFA Euro,2020,Wales,Denmark,60,0,2,-2,0.5198,0.974,-0.4542,9,9,0,265,341,-76,79.62,80.06,100,64,36,190,274,26,33,8,9,0.2317,0.0752,2,3,12,8,49.52,50.48,-0.95,0,4,Away Win
3794689,2021-06-26,UEFA Euro,2020,Wales,Denmark,75,0,2,-2,0.5984,0.974,-0.3756,11,9,2,345,423,-78,80.87,80.85,121,80,41,255,344,30,38,10,9,0.0469,0.0,1,0,15,9,60.64,39.36,21.29,0,4,Away Win
3794689,2021-06-26,UEFA Euro,2020,Wales,Denmark,85,0,2,-2,0.5984,1.8756,-1.2772,11,14,-3,396,436,-40,81.57,80.73,135,86,49,296,358,33,43,10,10,0.0,0.9016,0,5,14,6,23.47,76.53,-53.07,0,4,Away Win
3794687,2021-06-27,UEFA Euro,2020,Belgium,Portugal,15,0,0,0,0.0676,0.1244,-0.0569,1,1,0,143,103,40,90.21,86.41,22,21,1,129,86,6,4,2,6,0.0676,0.0,1,0,7,10,66.22,33.78,32.45,1,0,Home Win
3794687,2021-06-27,UEFA Euro,2020,Belgium,Portugal,30,0,0,0,0.1014,0.1946,-0.0932,2,5,-3,225,218,7,89.33,88.53,33,36,-3,194,192,11,13,3,8,0.0,0.0701,0,4,6,12,20.11,79.89,-59.78,1,0,Home Win
3794687,2021-06-27,UEFA Euro,2020,Belgium,Portugal,45,1,0,1,0.1544,0.2553,-0.1009,4,7,-3,293,314,-21,88.05,89.49,47,44,3,253,276,16,20,3,11,0.0531,0.0608,2,2,7,7,48.14,51.86,-3.71,1,0,Home Win
3794687,2021-06-27,UEFA Euro,2020,Belgium,Portugal,60,1,0,1,0.1544,0.5133,-0.3588,4,12,-8,367,414,-47,84.74,87.68,64,66,-2,307,350,23,33,4,14,0.0,0.2034,0,4,11,11,20.61,79.39,-58.78,1,0,Home Win
3794687,2021-06-27,UEFA Euro,2020,Belgium,Portugal,75,1,0,1,0.1829,0.5921,-0.4092,5,15,-10,435,515,-80,85.52,87.57,81,84,-3,366,438,30,39,5,16,0.0,0.0517,0,2,11,12,33.11,66.89,-33.78,1,0,Home Win
3794687,2021-06-27,UEFA Euro,2020,Belgium,Portugal,85,1,0,1,0.2243,0.8623,-0.638,6,20,-14,450,570,-120,85.33,87.02,91,89,2,379,486,33,48,7,16,0.0415,0.2703,1,5,10,5,23.96,76.04,-52.07,1,0,Home Win
3794690,2021-06-27,UEFA Euro,2020,Netherlands,Czech Republic,15,0,0,0,0.5055,0.0093,0.4962,2,1,1,80,97,-17,71.25,80.41,24,19,5,53,77,7,8,3,1,0.5055,0.0,2,0,10,14,72.8,27.2,45.59,0,2,Away Win
3794690,2021-06-27,UEFA Euro,2020,Netherlands,Czech Republic,30,0,0,0,0.5799,0.2929,0.2869,3,3,0,172,144,28,72.67,77.08,37,40,-3,128,114,14,15,7,2,0.0744,0.2837,1,2,8,11,39.7,60.3,-20.6,0,2,Away Win
3794690,2021-06-27,UEFA Euro,2020,Netherlands,Czech Republic,45,0,0,0,0.5947,0.4818,0.1129,4,5,-1,254,206,48,75.2,74.27,52,59,-7,197,159,24,25,13,2,0.0,0.1889,0,2,11,17,38.25,61.75,-23.49,0,2,Away Win
3794690,2021-06-27,UEFA Euro,2020,Netherlands,Czech Republic,60,0,0,0,0.8129,0.5538,0.2592,5,7,-2,300,256,44,76.0,75.0,61,77,-16,239,200,28,29,14,2,0.0,0.0719,0,2,4,7,20.36,79.64,-59.27,0,2,Away Win
3794690,2021-06-27,UEFA Euro,2020,Netherlands,Czech Republic,75,0,1,-1,0.8129,1.0411,-0.2282,5,9,-4,346,324,22,74.57,75.62,76,92,-16,267,254,31,36,15,3,0.0,0.2987,0,1,5,11,26.23,73.77,-47.54,0,2,Away Win
3794690,2021-06-27,UEFA Euro,2020,Netherlands,Czech Republic,85,0,2,-2,0.8129,1.2731,-0.4602,5,12,-7,393,366,27,74.3,75.14,89,97,-8,303,290,39,42,17,4,0.0,0.232,0,3,13,5,32.78,67.22,-34.44,0,2,Away Win
3794686,2021-06-28,UEFA Euro,2020,Croatia,Spain,15,0,0,0,0.0,0.2519,-0.2519,0,3,-3,29,165,-136,48.28,90.91,41,14,27,8,119,3,6,0,2,0.0,0.2519,0,3,22,11,24.31,75.69,-51.37,3,5,Away Win
3794686,2021-06-28,UEFA Euro,2020,Croatia,Spain,30,1,0,1,0.1011,0.437,-0.336,2,5,-3,103,292,-189,76.7,91.44,66,54,12,74,209,10,10,2,2,0.1011,0.0458,2,1,17,28,47.46,52.54,-5.07,3,5,Away Win
3794686,2021-06-28,UEFA Euro,2020,Croatia,Spain,45,1,1,0,0.1011,0.8905,-0.7895,2,11,-9,172,401,-229,76.74,89.28,91,88,3,120,289,15,18,4,3,0.0,0.4535,0,6,19,25,20.26,79.74,-59.48,3,5,Away Win
3794686,2021-06-28,UEFA Euro,2020,Croatia,Spain,60,1,2,-1,0.1011,1.2655,-1.1644,2,12,-10,218,507,-289,78.44,89.35,126,107,19,160,372,18,24,7,4,0.0,0.375,0,1,21,13,34.69,65.31,-30.63,3,5,Away Win
3794686,2021-06-28,UEFA Euro,2020,Croatia,Spain,75,1,2,-1,0.2412,1.2655,-1.0243,4,12,-8,278,607,-329,78.78,88.8,162,124,38,209,446,23,27,11,7,0.0982,0.0,1,0,22,12,62.68,37.32,25.36,3,5,Away Win
3794686,2021-06-28,UEFA Euro,2020,Croatia,Spain,85,2,3,-1,1.8215,1.6452,0.1763,6,14,-8,323,634,-311,79.88,88.64,171,142,29,242,464,26,30,11,7,1.5803,0.3798,2,2,9,18,60.09,39.91,20.19,3,5,Away Win
3794691,2021-06-28,UEFA Euro,2020,France,Switzerland,15,0,1,-1,0.161,0.2592,-0.0982,2,3,-1,82,100,-18,82.93,85.0,39,33,6,76,76,14,5,2,4,0.0,0.1735,0,2,28,14,43.01,56.99,-13.97,3,3,Draw
3794691,2021-06-28,UEFA Euro,2020,France,Switzerland,30,0,1,-1,0.2568,0.3457,-0.0889,5,4,1,179,162,17,86.59,85.19,63,49,14,158,120,20,8,3,6,0.0958,0.0865,3,1,17,8,67.64,32.36,35.28,3,3,Draw
3794691,2021-06-28,UEFA Euro,2020,France,Switzerland,45,0,1,-1,0.3143,0.4766,-0.1623,6,5,1,294,236,58,88.1,86.02,90,82,8,259,173,26,12,3,12,0.0576,0.1309,1,1,17,15,55.91,44.09,11.82,3,3,Draw
3794691,2021-06-28,UEFA Euro,2020,France,Switzerland,60,2,1,1,1.8236,1.2601,0.5635,12,6,6,384,293,91,89.32,84.64,113,108,5,345,208,34,16,4,13,1.4648,0.7835,4,1,12,11,69.3,30.7,38.6,3,3,Draw
3794691,2021-06-28,UEFA Euro,2020,France,Switzerland,75,3,1,2,1.9422,1.2601,0.6821,16,6,10,459,356,103,88.02,84.83,134,140,-6,406,257,41,19,5,15,0.1186,0.0,4,0,7,23,71.71,28.29,43.42,3,3,Draw
3794691,2021-06-28,UEFA Euro,2020,France,Switzerland,85,3,2,1,2.0184,1.5313,0.4871,18,8,10,510,409,101,87.65,85.09,148,164,-16,453,295,48,22,6,16,0.0762,0.2712,2,2,14,24,45.54,54.46,-8.93,3,3,Draw
3794688,2021-06-29,UEFA Euro,2020,England,Germany,15,0,0,0,0.0307,0.0795,-0.0488,1,2,-1,83,96,-13,84.34,87.5,26,20,6,73,71,5,6,0,2,0.0307,0.0604,1,1,11,12,50.36,49.64,0.72,2,0,Home Win
3794688,2021-06-29,UEFA Euro,2020,England,Germany,30,0,0,0,0.2268,0.0795,0.1473,3,2,1,181,177,4,85.08,87.57,51,37,14,156,130,8,14,2,4,0.1524,0.0,1,0,11,15,59.74,40.26,19.48,2,0,Home Win
3794688,2021-06-29,UEFA Euro,2020,England,Germany,45,0,0,0,0.2268,0.2567,-0.0299,3,3,0,295,252,43,86.1,86.11,76,63,13,249,175,10,19,5,5,0.0,0.0,0,0,23,21,55.41,44.59,10.81,2,0,Home Win
3794688,2021-06-29,UEFA Euro,2020,England,Germany,60,0,0,0,0.2268,0.604,-0.3772,3,5,-2,356,382,-26,85.11,87.43,106,84,22,304,271,16,23,6,5,0.0,0.2904,0,1,17,15,35.78,64.22,-28.45,2,0,Home Win
3794688,2021-06-29,UEFA Euro,2020,England,Germany,75,1,0,1,0.7244,0.604,0.1204,4,5,-1,432,462,-30,84.95,86.15,118,106,12,364,320,17,28,9,5,0.4976,0.0,1,0,8,14,65.12,34.88,30.24,2,0,Home Win
3794688,2021-06-29,UEFA Euro,2020,England,Germany,85,2,0,2,1.1635,0.954,0.2095,5,7,-2,468,506,-38,83.97,85.77,127,119,8,397,346,22,32,10,6,0.4391,0.3499,1,2,9,13,44.54,55.46,-10.92,2,0,Home Win
3794692,2021-06-29,UEFA Euro,2020,Sweden,Ukraine,15,0,0,0,0.1524,0.2962,-0.1439,2,2,0,92,137,-45,73.91,90.51,17,28,-11,66,112,9,4,0,2,0.1524,0.2962,2,2,9,15,41.58,58.42,-16.85,1,2,Away Win
3794692,2021-06-29,UEFA Euro,2020,Sweden,Ukraine,30,0,1,-1,0.3789,0.3421,0.0368,5,3,2,171,211,-40,78.36,87.2,33,35,-2,127,171,15,10,0,4,0.0054,0.0458,1,1,11,6,50.68,49.32,1.36,1,2,Away Win
3794692,2021-06-29,UEFA Euro,2020,Sweden,Ukraine,45,1,1,0,0.4168,0.4372,-0.0204,6,5,1,312,286,26,83.01,86.36,44,68,-24,231,229,20,18,0,5,0.0379,0.0,1,0,4,23,52.24,47.76,4.48,1,2,Away Win
3794692,2021-06-29,UEFA Euro,2020,Sweden,Ukraine,60,1,1,0,0.7162,0.5299,0.1863,9,7,2,418,388,30,83.25,85.82,66,91,-25,318,306,29,25,5,10,0.2994,0.0927,3,2,15,13,58.11,41.89,16.22,1,2,Away Win
3794692,2021-06-29,UEFA Euro,2020,Sweden,Ukraine,75,1,1,0,0.7842,0.6356,0.1486,11,9,2,532,475,57,84.59,86.53,79,109,-30,420,380,36,29,7,11,0.0444,0.1057,1,2,9,10,42.08,57.92,-15.83,1,2,Away Win
3794692,2021-06-29,UEFA Euro,2020,Sweden,Ukraine,85,1,1,0,0.7842,0.6356,0.1486,11,9,2,581,530,51,85.03,86.79,87,117,-30,462,424,40,31,7,12,0.0,0.0,0,0,8,8,50.18,49.82,0.36,1,2,Away Win
3795107,2021-07-02,UEFA Euro,2020,Belgium,Italy,15,0,0,0,0.0777,0.3015,-0.2238,2,1,1,104,102,2,82.69,90.2,17,29,-12,87,91,5,6,1,2,0.0198,0.3015,1,1,13,20,41.2,58.8,-17.61,1,2,Away Win
3795107,2021-07-02,UEFA Euro,2020,Belgium,Italy,30,0,1,-1,0.2514,0.6252,-0.3738,5,6,-1,149,220,-71,77.18,91.82,40,40,0,124,211,12,14,3,4,0.1477,0.3237,2,5,17,7,35.54,64.46,-28.92,1,2,Away Win
3795107,2021-07-02,UEFA Euro,2020,Belgium,Italy,45,0,2,-2,0.2514,0.7709,-0.5195,5,9,-4,255,300,-45,81.18,91.0,52,57,-5,217,279,21,19,4,5,0.0,0.1457,0,3,8,10,34.9,65.1,-30.2,1,2,Away Win
3795107,2021-07-02,UEFA Euro,2020,Belgium,Italy,60,1,2,-1,1.6034,0.9388,0.6646,7,12,-5,329,404,-75,81.16,90.1,66,79,-13,279,367,25,24,7,6,0.5685,0.1166,1,2,8,17,46.64,53.36,-6.72,1,2,Away Win
3795107,2021-07-02,UEFA Euro,2020,Belgium,Italy,75,1,2,-1,1.7301,1.1426,0.5875,9,14,-5,367,519,-152,80.93,90.75,83,92,-9,317,477,36,32,9,6,0.1267,0.0227,2,1,5,7,54.99,45.01,9.98,1,2,Away Win
3795107,2021-07-02,UEFA Euro,2020,Belgium,Italy,85,1,2,-1,1.8028,1.1426,0.6602,10,14,-4,434,535,-101,82.26,89.72,90,106,-16,375,486,36,34,9,8,0.0727,0.0,1,0,7,14,68.02,31.98,36.05,1,2,Away Win
3795108,2021-07-02,UEFA Euro,2020,Switzerland,Spain,15,0,1,-1,0.0302,0.0213,0.0089,1,1,0,39,183,-144,74.36,91.8,31,13,18,35,165,4,7,4,1,0.0,0.0213,0,1,15,7,32.14,67.86,-35.72,1,1,Draw
3795108,2021-07-02,UEFA Euro,2020,Switzerland,Spain,30,0,1,-1,0.0302,0.1696,-0.1394,1,3,-2,97,289,-192,74.23,89.97,48,35,13,79,255,10,12,6,2,0.0,0.1004,0,1,13,16,33.97,66.03,-32.05,1,1,Draw
3795108,2021-07-02,UEFA Euro,2020,Switzerland,Spain,45,0,1,-1,0.1933,0.1696,0.0238,4,3,1,174,400,-226,77.01,88.5,66,57,9,145,353,16,17,13,3,0.0644,0.0,1,0,10,14,53.18,46.82,6.35,1,1,Draw
3795108,2021-07-02,UEFA Euro,2020,Switzerland,Spain,60,0,1,-1,0.3497,0.4203,-0.0705,6,6,0,225,506,-281,76.89,89.13,85,64,21,180,444,18,23,17,5,0.0416,0.0657,1,1,13,4,45.78,54.22,-8.44,1,1,Draw
3795108,2021-07-02,UEFA Euro,2020,Switzerland,Spain,75,1,1,0,0.8238,0.4719,0.3518,8,7,1,292,605,-313,76.03,89.09,114,81,33,230,533,21,31,18,7,0.3383,0.0517,1,1,17,13,53.1,46.9,6.2,1,1,Draw
3795108,2021-07-02,UEFA Euro,2020,Switzerland,Spain,85,1,1,0,0.8238,1.0357,-0.2119,8,11,-3,316,674,-358,75.32,89.02,125,91,34,248,595,26,34,18,7,0.0,0.5637,0,4,11,10,17.62,82.38,-64.75,1,1,Draw
3795109,2021-07-03,UEFA Euro,2020,Czech Republic,Denmark,15,0,1,-1,0.1328,0.2515,-0.1187,3,3,0,59,91,-32,67.8,78.02,16,23,-7,40,66,8,10,1,6,0.1089,0.1869,2,2,11,15,43.71,56.29,-12.57,1,2,Away Win
3795109,2021-07-03,UEFA Euro,2020,Czech Republic,Denmark,30,0,1,-1,0.5115,0.3774,0.1341,6,5,1,144,161,-17,73.61,79.5,36,46,-10,104,116,13,17,5,10,0.2332,0.0188,2,1,17,18,57.8,42.2,15.59,1,2,Away Win
3795109,2021-07-03,UEFA Euro,2020,Czech Republic,Denmark,45,0,2,-2,0.6862,0.7142,-0.028,8,7,1,236,217,19,75.0,79.26,54,65,-11,175,157,19,22,7,15,0.0455,0.3368,1,2,14,12,42.05,57.95,-15.89,1,2,Away Win
3795109,2021-07-03,UEFA Euro,2020,Czech Republic,Denmark,60,1,2,-1,1.0004,0.7142,0.2862,12,7,5,324,289,35,75.62,78.2,70,94,-24,239,205,26,34,9,17,0.0597,0.0,1,0,14,19,51.43,48.57,2.85,1,2,Away Win
3795109,2021-07-03,UEFA Euro,2020,Czech Republic,Denmark,75,1,2,-1,1.0367,0.9128,0.1239,13,9,4,394,322,72,75.63,76.71,75,110,-35,295,223,39,39,9,18,0.0363,0.0769,1,1,4,16,51.12,48.88,2.23,1,2,Away Win
3795109,2021-07-03,UEFA Euro,2020,Czech Republic,Denmark,85,1,2,-1,1.0649,1.212,-0.1471,14,11,3,429,357,72,76.46,77.03,81,122,-41,328,241,42,41,10,19,0.0282,0.2992,1,2,6,12,37.11,62.89,-25.77,1,2,Away Win
3795187,2021-07-03,UEFA Euro,2020,Ukraine,England,15,0,1,-1,0.1031,0.353,-0.2499,2,1,1,113,136,-23,84.96,92.65,30,40,-10,94,125,5,3,4,7,0.0689,0.0,1,0,15,26,49.87,50.13,-0.25,0,4,Away Win
3795187,2021-07-03,UEFA Euro,2020,Ukraine,England,30,0,1,-1,0.2016,0.4579,-0.2562,3,3,0,188,249,-61,87.77,90.76,57,67,-10,155,220,8,6,8,7,0.0,0.1048,0,2,22,20,30.38,69.62,-39.25,0,4,Away Win
3795187,2021-07-03,UEFA Euro,2020,Ukraine,England,45,0,2,-2,0.2975,0.6831,-0.3856,5,6,-1,290,316,-26,88.62,87.97,82,101,-19,238,271,15,11,10,10,0.0958,0.1131,2,1,16,27,56.23,43.77,12.47,0,4,Away Win
3795187,2021-07-03,UEFA Euro,2020,Ukraine,England,60,0,3,-3,0.2975,0.8949,-0.5974,5,7,-2,404,432,-28,89.11,90.28,109,139,-30,329,389,18,15,12,14,0.0,0.0,0,0,20,22,42.5,57.5,-15.01,0,4,Away Win
3795187,2021-07-03,UEFA Euro,2020,Ukraine,England,75,0,4,-4,0.3376,1.2155,-0.8779,7,10,-3,449,561,-112,88.86,90.73,132,157,-25,371,498,25,21,12,16,0.0401,0.0476,2,1,22,18,49.27,50.73,-1.46,0,4,Away Win
3795187,2021-07-03,UEFA Euro,2020,Ukraine,England,85,0,4,-4,0.3376,1.2155,-0.8779,7,10,-3,539,640,-101,89.42,91.41,148,184,-36,449,569,28,23,12,19,0.0,0.0,0,0,16,27,45.82,54.18,-8.35,0,4,Away Win
3795220,2021-07-06,UEFA Euro,2020,Italy,Spain,15,0,0,0,0.0,0.0499,-0.0499,0,1,-1,65,170,-105,75.38,91.18,36,28,8,49,160,3,6,3,4,0.0,0.0499,0,1,25,13,34.01,65.99,-31.99,1,1,Draw
3795220,2021-07-06,UEFA Euro,2020,Italy,Spain,30,0,0,0,0.0,0.3447,-0.3447,0,3,-3,126,270,-144,76.98,89.63,75,51,24,102,245,7,16,7,5,0.0,0.2949,0,2,28,10,39.15,60.85,-21.69,1,1,Draw
3795220,2021-07-06,UEFA Euro,2020,Italy,Spain,45,0,0,0,0.0425,0.4316,-0.3891,1,5,-4,207,360,-153,79.71,90.0,95,92,3,170,315,11,19,7,9,0.0425,0.0686,1,1,15,27,42.83,57.17,-14.33,1,1,Draw
3795220,2021-07-06,UEFA Euro,2020,Italy,Spain,60,1,0,1,0.1762,0.6011,-0.425,4,8,-4,261,470,-209,77.39,88.94,112,124,-12,212,408,21,25,9,11,0.0915,0.1695,2,3,11,22,36.14,63.86,-27.73,1,1,Draw
3795220,2021-07-06,UEFA Euro,2020,Italy,Spain,75,1,0,1,0.2507,0.6878,-0.4371,5,9,-4,308,616,-308,76.95,88.96,135,153,-18,253,534,29,33,10,15,0.0745,0.0,1,0,17,26,46.66,53.34,-6.67,1,1,Draw
3795220,2021-07-06,UEFA Euro,2020,Italy,Spain,85,1,1,0,0.3142,1.2556,-0.9414,6,12,-6,334,674,-340,76.65,88.72,149,169,-20,270,582,32,35,12,17,0.0635,0.5678,1,3,14,16,29.56,70.44,-40.89,1,1,Draw
3795221,2021-07-07,UEFA Euro,2020,England,Denmark,15,0,0,0,0.1194,0.1043,0.0151,2,2,0,122,71,51,87.7,80.28,16,30,-14,108,55,11,5,1,4,0.1194,0.1043,2,2,8,12,56.45,43.55,12.9,2,1,Home Win
3795221,2021-07-07,UEFA Euro,2020,England,Denmark,30,0,1,-1,0.1194,0.2325,-0.1131,2,4,-2,181,138,43,85.08,81.88,37,50,-13,149,122,17,13,3,4,0.0,0.1282,0,2,12,12,25.53,74.47,-48.93,2,1,Home Win
3795221,2021-07-07,UEFA Euro,2020,England,Denmark,45,1,1,0,0.6922,0.2325,0.4596,4,4,0,310,189,121,86.45,80.42,53,69,-16,256,164,22,18,3,5,0.5131,0.0,1,0,12,13,71.39,28.61,42.79,2,1,Home Win
3795221,2021-07-07,UEFA Euro,2020,England,Denmark,60,1,1,0,0.7969,0.3317,0.4652,6,5,1,385,255,130,86.23,81.18,67,80,-13,310,219,25,22,4,6,0.1048,0.0992,2,1,9,8,58.47,41.53,16.93,2,1,Home Win
3795221,2021-07-07,UEFA Euro,2020,England,Denmark,75,1,1,0,1.0211,0.3317,0.6893,9,5,4,443,321,122,85.33,80.69,87,101,-14,362,266,35,27,6,7,0.08,0.0,1,0,15,15,58.69,41.31,17.38,2,1,Home Win
3795221,2021-07-07,UEFA Euro,2020,England,Denmark,85,1,1,0,1.0882,0.3317,0.7565,11,5,6,477,383,94,84.91,81.2,103,118,-15,390,324,39,30,8,9,0.0671,0.0,2,0,16,17,58.41,41.59,16.83,2,1,Home Win
3795506,2021-07-11,UEFA Euro,2020,Italy,England,15,0,1,-1,0.04,0.1539,-0.1139,1,1,0,82,62,20,87.8,77.42,17,21,-4,62,51,5,2,2,4,0.04,0.0,1,0,12,9,64.31,35.69,28.61,1,1,Draw
3795506,2021-07-11,UEFA Euro,2020,Italy,England,30,0,1,-1,0.0614,0.1539,-0.0925,2,1,1,174,140,34,85.63,78.57,37,40,-3,127,119,9,7,6,8,0.0214,0.0,1,0,13,9,62.63,37.37,25.25,1,1,Draw
3795506,2021-07-11,UEFA Euro,2020,Italy,England,45,0,1,-1,0.2949,0.1539,0.141,5,1,4,330,176,154,87.27,75.0,59,77,-18,268,145,18,13,11,10,0.1726,0.0,2,0,15,23,71.22,28.78,42.43,1,1,Draw
3795506,2021-07-11,UEFA Euro,2020,Italy,England,60,0,1,-1,0.4487,0.2153,0.2334,10,2,8,467,229,238,88.01,74.24,84,114,-30,382,185,27,21,12,12,0.0603,0.0614,3,1,8,20,62.95,37.05,25.9,1,1,Draw
3795506,2021-07-11,UEFA Euro,2020,Italy,England,75,1,1,0,1.722,0.3201,1.4019,14,3,11,588,272,316,89.12,74.26,96,146,-50,485,215,30,29,13,13,1.2138,0.0,3,0,10,24,75.84,24.16,51.68,1,1,Draw
3795506,2021-07-11,UEFA Euro,2020,Italy,England,85,1,1,0,1.722,0.3341,1.3879,14,4,10,620,315,305,89.52,76.83,110,154,-44,514,255,31,32,14,14,0.0,0.0139,0,1,14,8,41.06,58.94,-17.88,1,1,Draw
3802696,2021-08-29,Ligue 1,2021/2022,Stade de Reims,Paris Saint-Germain,15,0,1,-1,0.1284,0.2011,-0.0727,1,3,-2,93,138,-45,79.57,86.96,38,26,12,84,100,8,12,5,4,0.1284,0.2011,1,3,25,17,40.56,59.44,-18.89,0,2,Away Win
3802696,2021-08-29,Ligue 1,2021/2022,Stade de Reims,Paris Saint-Germain,30,0,1,-1,0.1284,0.4581,-0.3297,1,7,-6,159,270,-111,79.25,88.89,70,43,27,142,212,19,23,6,8,0.0,0.1724,0,2,19,10,33.97,66.03,-32.05,0,2,Away Win
3802696,2021-08-29,Ligue 1,2021/2022,Stade de Reims,Paris Saint-Germain,45,0,1,-1,0.1557,0.5449,-0.3892,2,9,-7,221,418,-197,80.09,89.0,90,55,35,197,327,25,28,12,9,0.0272,0.0613,1,1,15,10,44.14,55.86,-11.71,0,2,Away Win
3802696,2021-08-29,Ligue 1,2021/2022,Stade de Reims,Paris Saint-Germain,60,0,1,-1,0.3199,0.5862,-0.2663,4,10,-6,260,533,-273,78.46,88.74,125,66,59,228,427,33,33,14,9,0.0,0.0,0,0,19,4,52.06,47.94,4.13,0,2,Away Win
3802696,2021-08-29,Ligue 1,2021/2022,Stade de Reims,Paris Saint-Germain,75,0,2,-2,0.4934,0.9373,-0.4439,9,11,-2,301,642,-341,78.41,89.25,147,78,69,262,505,37,38,18,11,0.15,0.0,4,0,16,10,68.66,31.34,37.32,0,2,Away Win
3802696,2021-08-29,Ligue 1,2021/2022,Stade de Reims,Paris Saint-Germain,85,0,2,-2,0.5581,0.9373,-0.3792,10,11,-1,330,699,-369,77.27,88.7,164,88,76,289,543,45,39,21,12,0.0647,0.0,1,0,17,10,64.31,35.69,28.62,0,2,Away Win
3802752,2021-09-19,Ligue 1,2021/2022,Paris Saint-Germain,Lyon,15,0,0,0,0.0241,0.1282,-0.1041,1,4,-3,94,70,24,91.49,85.71,20,36,-16,92,56,3,7,1,2,0.0241,0.0257,1,2,12,23,43.22,56.78,-13.56,2,1,Home Win
3802752,2021-09-19,Ligue 1,2021/2022,Paris Saint-Germain,Lyon,30,0,0,0,0.1379,0.171,-0.033,3,6,-3,200,139,61,91.0,83.45,41,63,-22,184,111,7,14,3,3,0.0397,0.0111,1,1,14,20,48.95,51.05,-2.1,2,1,Home Win
3802752,2021-09-19,Ligue 1,2021/2022,Paris Saint-Germain,Lyon,45,0,0,0,0.4477,0.2747,0.173,5,8,-3,273,221,52,88.28,85.52,65,84,-19,247,166,11,17,5,5,0.0608,0.1037,1,2,23,16,46.95,53.05,-6.1,2,1,Home Win
3802752,2021-09-19,Ligue 1,2021/2022,Paris Saint-Germain,Lyon,60,0,1,-1,0.51,0.5452,-0.0352,7,9,-2,394,326,68,87.82,86.2,90,120,-30,366,245,22,19,8,8,0.0102,0.2705,1,1,8,19,41.14,58.86,-17.71,2,1,Home Win
3802752,2021-09-19,Ligue 1,2021/2022,Paris Saint-Germain,Lyon,75,1,1,0,1.3224,0.5799,0.7425,9,10,-1,476,387,89,88.24,86.3,119,144,-25,445,303,30,26,9,9,0.0289,0.0348,1,1,25,18,55.23,44.77,10.45,2,1,Home Win
3802752,2021-09-19,Ligue 1,2021/2022,Paris Saint-Germain,Lyon,85,1,1,0,1.3636,0.6244,0.7392,10,11,-1,525,428,97,88.57,85.75,143,159,-16,495,339,34,31,12,10,0.0412,0.0445,1,1,24,15,56.31,43.69,12.62,2,1,Home Win
3802809,2021-10-03,Ligue 1,2021/2022,Rennes,Paris Saint-Germain,15,0,0,0,0.1721,0.1093,0.0628,3,1,2,92,121,-29,79.35,89.26,44,31,13,78,102,11,12,7,7,0.1721,0.1093,3,1,25,21,58.29,41.71,16.58,2,0,Home Win
3802809,2021-10-03,Ligue 1,2021/2022,Rennes,Paris Saint-Germain,30,0,0,0,0.226,0.824,-0.598,5,5,0,125,213,-88,76.8,89.2,70,53,17,102,176,15,19,12,8,0.0,0.7147,0,4,15,15,18.22,81.78,-63.56,2,0,Home Win
3802809,2021-10-03,Ligue 1,2021/2022,Rennes,Paris Saint-Germain,45,2,0,2,0.6044,0.888,-0.2836,8,6,2,172,370,-198,78.49,89.73,114,76,38,138,309,24,27,16,8,0.3784,0.0,3,0,19,18,64.54,35.46,29.09,2,0,Home Win
3802809,2021-10-03,Ligue 1,2021/2022,Rennes,Paris Saint-Germain,60,2,0,2,0.6044,0.888,-0.2836,8,6,2,241,459,-218,80.91,88.45,136,99,37,193,382,29,35,19,8,0.0,0.0,0,0,16,14,47.95,52.05,-4.11,2,0,Home Win
3802809,2021-10-03,Ligue 1,2021/2022,Rennes,Paris Saint-Germain,75,2,0,2,0.6392,1.2225,-0.5833,9,10,-1,283,507,-224,78.8,87.38,151,113,38,218,424,31,41,23,11,0.0,0.2985,0,2,12,11,25.91,74.09,-48.18,2,0,Home Win
3802809,2021-10-03,Ligue 1,2021/2022,Rennes,Paris Saint-Germain,85,2,0,2,0.6633,1.2225,-0.5592,10,10,0,296,581,-285,78.38,87.78,170,123,47,234,492,35,45,25,11,0.0241,0.0,1,0,19,10,52.77,47.23,5.53,2,0,Home Win
3802902,2021-10-24,Ligue 1,2021/2022,Olympique de Marseille,Paris Saint-Germain,15,0,0,0,0.1298,0.0,0.1298,3,0,3,76,130,-54,78.95,86.15,36,20,16,59,119,6,10,6,0,0.0095,0.0,1,0,20,8,54.76,45.24,9.51,0,0,Draw
3802902,2021-10-24,Ligue 1,2021/2022,Olympique de Marseille,Paris Saint-Germain,30,0,0,0,0.1298,0.6997,-0.5698,3,4,-1,119,200,-81,80.67,87.0,53,34,19,98,180,11,16,8,3,0.0,0.6997,0,4,12,10,21.11,78.89,-57.79,0,0,Draw
3802902,2021-10-24,Ligue 1,2021/2022,Olympique de Marseille,Paris Saint-Germain,45,0,0,0,0.1298,0.9134,-0.7835,3,8,-5,236,306,-70,83.47,87.91,80,51,29,186,276,18,24,12,7,0.0,0.1759,0,3,15,11,32.07,67.93,-35.85,0,0,Draw
3802902,2021-10-24,Ligue 1,2021/2022,Olympique de Marseille,Paris Saint-Germain,60,0,0,0,0.303,0.9134,-0.6104,6,8,-2,324,371,-47,84.26,86.79,89,64,25,247,330,20,32,14,8,0.0746,0.0,1,0,3,4,65.49,34.51,30.97,0,0,Draw
3802902,2021-10-24,Ligue 1,2021/2022,Olympique de Marseille,Paris Saint-Germain,75,0,0,0,0.4982,0.978,-0.4799,8,9,-1,437,465,-28,86.73,86.88,110,74,36,342,417,28,39,17,9,0.0763,0.0647,1,1,16,5,54.17,45.83,8.34,0,0,Draw
3802902,2021-10-24,Ligue 1,2021/2022,Olympique de Marseille,Paris Saint-Germain,85,0,0,0,0.8544,1.0543,-0.1999,12,10,2,478,536,-58,87.24,87.87,126,78,48,380,485,31,43,19,10,0.3562,0.0763,4,1,16,4,67.39,32.61,34.78,0,0,Draw
3802699,2021-10-29,Ligue 1,2021/2022,Paris Saint-Germain,Lille,15,0,0,0,0.0,0.458,-0.458,0,4,-4,111,77,34,91.89,81.82,22,33,-11,92,70,3,7,5,2,0.0,0.3336,0,3,17,19,29.69,70.31,-40.62,2,1,Home Win
3802699,2021-10-29,Ligue 1,2021/2022,Paris Saint-Germain,Lille,30,0,1,-1,0.2244,0.9647,-0.7403,2,5,-3,217,182,35,92.63,85.16,43,53,-10,180,167,5,12,9,4,0.2244,0.5067,2,1,15,15,49.26,50.74,-1.48,2,1,Home Win
3802699,2021-10-29,Ligue 1,2021/2022,Paris Saint-Germain,Lille,45,0,1,-1,0.413,1.0147,-0.6017,4,6,-2,330,228,102,93.03,84.21,55,81,-26,283,206,12,18,10,6,0.1886,0.05,2,1,10,18,60.87,39.13,21.73,2,1,Home Win
3802699,2021-10-29,Ligue 1,2021/2022,Paris Saint-Germain,Lille,60,0,1,-1,0.8172,1.6825,-0.8652,8,9,-1,430,288,142,93.26,84.03,81,94,-13,369,259,19,26,11,7,0.4043,0.0852,4,1,16,9,72.0,28.0,44.0,2,1,Home Win
3802699,2021-10-29,Ligue 1,2021/2022,Paris Saint-Germain,Lille,75,1,1,0,1.9062,1.6932,0.2131,14,10,4,512,357,155,92.97,83.75,101,106,-5,442,311,25,28,13,9,0.9468,0.0107,5,1,19,6,77.74,22.26,55.49,2,1,Home Win
3802699,2021-10-29,Ligue 1,2021/2022,Paris Saint-Germain,Lille,85,1,1,0,2.2571,1.7375,0.5196,16,11,5,578,396,182,92.21,83.84,116,119,-3,499,346,30,32,14,12,0.3508,0.0443,2,1,15,13,63.84,36.16,27.68,2,1,Home Win
3813314,2021-11-19,Indian Super league,2021/2022,Mohun Bagan Super Giant,Kerala Blasters,15,1,0,1,0.4196,0.0158,0.4038,3,1,2,44,77,-33,61.36,70.13,23,19,4,23,60,6,13,5,1,0.0733,0.0158,1,1,10,9,44.36,55.64,-11.27,4,2,Home Win
3813314,2021-11-19,Indian Super league,2021/2022,Mohun Bagan Super Giant,Kerala Blasters,30,2,1,1,1.2031,0.1631,1.04,4,5,-1,83,126,-43,66.27,73.02,35,35,0,48,90,11,15,5,1,0.7835,0.0453,1,1,9,10,61.26,38.74,22.53,4,2,Home Win
3813314,2021-11-19,Indian Super league,2021/2022,Mohun Bagan Super Giant,Kerala Blasters,45,3,1,2,1.5116,0.2273,1.2844,6,6,0,126,188,-62,64.29,69.15,51,56,-5,77,124,16,22,12,2,0.0788,0.0642,1,1,12,20,42.5,57.5,-15.0,4,2,Home Win
3813314,2021-11-19,Indian Super league,2021/2022,Mohun Bagan Super Giant,Kerala Blasters,60,4,1,3,1.5324,0.3264,1.206,7,8,-1,205,302,-97,69.27,71.19,86,90,-4,146,219,28,34,19,7,0.0,0.0607,0,1,26,25,41.47,58.53,-17.06,4,2,Home Win
3813314,2021-11-19,Indian Super league,2021/2022,Mohun Bagan Super Giant,Kerala Blasters,75,4,2,2,2.3311,0.522,1.8091,10,9,1,267,405,-138,70.79,75.06,111,117,-6,199,315,38,46,24,11,0.1362,0.1957,1,1,17,20,42.11,57.89,-15.79,4,2,Home Win
3813314,2021-11-19,Indian Super league,2021/2022,Mohun Bagan Super Giant,Kerala Blasters,85,4,2,2,2.3311,0.7139,1.6172,10,12,-2,290,438,-148,71.38,75.11,129,129,0,212,347,40,54,24,12,0.0,0.1918,0,3,18,12,26.59,73.41,-46.81,4,2,Home Win
3802984,2021-11-20,Ligue 1,2021/2022,Paris Saint-Germain,Nantes,15,1,0,1,0.2094,0.0278,0.1816,2,1,1,193,61,132,93.78,78.69,20,32,-12,171,41,6,1,1,5,0.0,0.0278,0,1,14,19,53.23,46.77,6.46,3,1,Home Win
3802984,2021-11-20,Ligue 1,2021/2022,Paris Saint-Germain,Nantes,30,1,0,1,1.1868,0.0278,1.1591,6,1,5,306,129,177,92.16,83.72,40,72,-32,274,89,11,7,2,6,0.5434,0.0,3,0,17,34,67.04,32.96,34.07,3,1,Home Win
3802984,2021-11-20,Ligue 1,2021/2022,Paris Saint-Germain,Nantes,45,1,0,1,1.3246,0.0278,1.2968,8,1,7,482,172,310,92.95,83.14,61,115,-54,418,123,16,10,4,7,0.1378,0.0,2,0,13,34,64.86,35.14,29.72,3,1,Home Win
3802984,2021-11-20,Ligue 1,2021/2022,Paris Saint-Germain,Nantes,60,1,0,1,1.442,1.3602,0.0818,10,8,2,619,263,356,92.25,85.17,91,151,-60,541,198,22,25,7,8,0.1175,1.197,2,5,16,25,34.81,65.19,-30.37,3,1,Home Win
3802984,2021-11-20,Ligue 1,2021/2022,Paris Saint-Germain,Nantes,75,1,1,0,1.442,2.1604,-0.7183,10,12,-2,682,347,335,91.5,86.17,108,170,-62,596,269,27,31,8,12,0.0,0.7844,0,3,13,10,19.95,80.05,-60.09,3,1,Home Win
3802984,2021-11-20,Ligue 1,2021/2022,Paris Saint-Germain,Nantes,85,2,1,1,1.5025,2.1604,-0.6578,11,12,-1,760,380,380,91.97,86.84,110,188,-78,673,296,33,33,8,12,0.0605,0.0,1,0,2,18,60.37,39.63,20.74,3,1,Home Win
3813297,2021-11-20,Indian Super league,2021/2022,Bengaluru,NorthEast United,15,1,0,1,0.5254,0.1625,0.3629,1,3,-2,124,52,72,88.71,61.54,19,25,-6,95,33,3,7,7,4,0.5254,0.1106,1,2,16,10,54.16,45.84,8.32,4,2,Home Win
3813297,2021-11-20,Indian Super league,2021/2022,Bengaluru,NorthEast United,30,2,2,0,0.5998,0.7778,-0.178,3,6,-3,205,97,108,85.85,63.92,39,41,-2,154,69,7,15,11,10,0.0745,0.1031,2,1,13,10,60.93,39.07,21.86,4,2,Home Win
3813297,2021-11-20,Indian Super league,2021/2022,Bengaluru,NorthEast United,45,3,2,1,0.646,0.8348,-0.1887,4,7,-3,314,138,176,85.03,62.32,66,58,8,239,91,11,20,13,12,0.0462,0.0,1,0,17,13,72.64,27.36,45.28,4,2,Home Win
3813297,2021-11-20,Indian Super league,2021/2022,Bengaluru,NorthEast United,60,3,2,1,0.805,0.8348,-0.0298,8,7,1,424,184,240,83.96,59.24,88,77,11,325,113,20,32,17,15,0.0623,0.0,2,0,11,7,77.61,22.39,55.22,4,2,Home Win
3813297,2021-11-20,Indian Super league,2021/2022,Bengaluru,NorthEast United,75,3,2,1,0.8648,0.9604,-0.0956,9,8,1,469,219,250,82.52,58.9,97,89,8,353,134,24,41,20,16,0.0599,0.1257,1,1,6,6,48.96,51.04,-2.09,4,2,Home Win
3813297,2021-11-20,Indian Super league,2021/2022,Bengaluru,NorthEast United,85,4,2,2,0.9243,1.4441,-0.5199,10,11,-1,503,247,256,81.91,59.51,115,97,18,373,152,24,49,21,18,0.0594,0.4837,1,3,18,8,36.49,63.51,-27.01,4,2,Home Win
3813298,2021-11-21,Indian Super league,2021/2022,East Bengal,Jamshedpur,15,0,0,0,0.102,0.1032,-0.0012,2,1,1,50,100,-50,64.0,80.0,15,26,-11,36,70,8,6,1,0,0.102,0.1032,2,1,10,13,48.44,51.56,-3.13,1,1,Draw
3813298,2021-11-21,Indian Super league,2021/2022,East Bengal,Jamshedpur,30,1,0,1,0.2862,0.1432,0.143,3,2,1,83,192,-109,56.63,80.21,30,37,-7,50,142,11,18,2,1,0.0,0.04,0,1,8,5,22.97,77.03,-54.05,1,1,Draw
3813298,2021-11-21,Indian Super league,2021/2022,East Bengal,Jamshedpur,45,1,0,1,0.4249,0.1768,0.2481,6,4,2,146,278,-132,59.59,79.5,45,61,-16,100,202,27,26,4,1,0.1387,0.0336,3,2,11,16,54.06,45.94,8.12,1,1,Draw
3813298,2021-11-21,Indian Super league,2021/2022,East Bengal,Jamshedpur,60,1,1,0,0.4995,0.8754,-0.3759,8,9,-1,202,339,-137,60.4,75.52,70,82,-12,137,246,36,40,7,2,0.0746,0.0,2,0,10,8,69.19,30.81,38.38,1,1,Draw
3813298,2021-11-21,Indian Super league,2021/2022,East Bengal,Jamshedpur,75,1,1,0,0.4995,0.9953,-0.4958,8,10,-2,245,414,-169,60.0,74.88,91,93,-2,163,298,47,45,13,5,0.0,0.1199,0,1,11,8,40.73,59.27,-18.55,1,1,Draw
3813298,2021-11-21,Indian Super league,2021/2022,East Bengal,Jamshedpur,85,1,1,0,0.5652,1.171,-0.6058,9,14,-5,261,440,-179,61.69,75.0,102,101,1,172,320,49,51,13,5,0.0657,0.1757,1,4,11,8,29.38,70.62,-41.24,1,1,Draw
3813270,2021-11-22,Indian Super league,2021/2022,Mumbai City,Goa,15,0,0,0,0.0375,0.0281,0.0094,1,1,0,77,70,7,68.83,82.86,18,14,4,51,53,6,6,1,2,0.0375,0.0,1,0,9,12,62.14,37.86,24.28,3,0,Home Win
3813270,2021-11-22,Indian Super league,2021/2022,Mumbai City,Goa,30,0,0,0,0.1215,0.0281,0.0934,2,1,1,138,144,-6,73.91,84.72,29,31,-2,94,114,11,11,1,4,0.084,0.0,1,0,8,14,59.22,40.78,18.45,3,0,Home Win
3813270,2021-11-22,Indian Super league,2021/2022,Mumbai City,Goa,45,2,0,2,1.5442,0.0281,1.5161,6,1,5,203,213,-10,75.86,84.04,41,58,-17,150,168,23,18,5,5,0.5185,0.0,2,0,12,18,63.23,36.77,26.46,3,0,Home Win
3813270,2021-11-22,Indian Super league,2021/2022,Mumbai City,Goa,60,2,0,2,1.6296,0.2234,1.4063,8,4,4,248,312,-64,74.19,83.97,62,83,-21,187,250,31,27,8,8,0.0854,0.0426,2,1,9,12,51.62,48.38,3.24,3,0,Home Win
3813270,2021-11-22,Indian Super league,2021/2022,Mumbai City,Goa,75,3,0,3,1.7455,0.2898,1.4557,9,5,4,299,386,-87,73.91,81.35,80,106,-26,223,311,39,42,14,8,0.1158,0.0664,1,1,14,12,46.49,53.51,-7.03,3,0,Home Win
3813270,2021-11-22,Indian Super league,2021/2022,Mumbai City,Goa,85,3,0,3,2.0076,0.3188,1.6887,11,6,5,327,426,-99,74.31,81.46,89,118,-29,250,344,47,47,14,10,0.2621,0.029,2,1,9,12,57.95,42.05,15.9,3,0,Home Win
3813309,2021-11-23,Indian Super league,2021/2022,SC Delhi,Chennaiyin,15,0,0,0,0.0,0.0,0.0,0,0,0,0,45,-45,0.0,53.33,0,21,-21,0,18,0,5,0,2,0.0,0.0,0,0,0,17,0.0,100.0,-100.0,0,1,Away Win
3813309,2021-11-23,Indian Super league,2021/2022,SC Delhi,Chennaiyin,30,0,0,0,0.0,0.0,0.0,0,0,0,0,76,-76,0.0,53.95,0,40,-40,0,38,0,11,0,2,0.0,0.0,0,0,0,14,0.0,100.0,-100.0,0,1,Away Win
3813309,2021-11-23,Indian Super league,2021/2022,SC Delhi,Chennaiyin,45,0,0,0,0.0,0.0501,-0.0501,0,1,-1,0,154,-154,0.0,63.64,0,66,-66,0,95,0,19,0,5,0.0,0.0501,0,1,0,19,0.0,100.0,-100.0,0,1,Away Win
3813309,2021-11-23,Indian Super league,2021/2022,SC Delhi,Chennaiyin,60,0,0,0,0.0,0.1014,-0.1014,0,4,-4,0,200,-200,0.0,64.5,0,88,-88,0,127,0,29,0,6,0.0,0.0208,0,2,0,10,0.0,100.0,-100.0,0,1,Away Win
3813309,2021-11-23,Indian Super league,2021/2022,SC Delhi,Chennaiyin,75,0,1,-1,0.0,0.913,-0.913,0,6,-6,0,246,-246,0.0,64.63,0,102,-102,0,165,0,38,0,7,0.0,0.0281,0,1,0,8,0.0,100.0,-100.0,0,1,Away Win
3813309,2021-11-23,Indian Super league,2021/2022,SC Delhi,Chennaiyin,85,0,1,-1,0.0,0.913,-0.913,0,6,-6,0,273,-273,0.0,63.74,0,114,-114,0,185,0,40,0,11,0.0,0.0,0,0,0,12,0.0,100.0,-100.0,0,1,Away Win
3813289,2021-11-24,Indian Super league,2021/2022,Odisha,Bengaluru,15,1,0,1,0.1169,0.0,0.1169,2,0,2,55,107,-52,65.45,81.31,26,30,-4,46,80,9,8,4,2,0.1,0.0,1,0,20,20,51.7,48.3,3.4,3,1,Home Win
3813289,2021-11-24,Indian Super league,2021/2022,Odisha,Bengaluru,30,1,1,0,0.1169,0.5036,-0.3868,2,6,-4,82,197,-115,65.85,82.23,47,38,9,66,155,11,14,10,5,0.0,0.2794,0,3,14,8,23.33,76.67,-53.33,3,1,Home Win
3813289,2021-11-24,Indian Super league,2021/2022,Odisha,Bengaluru,45,1,1,0,0.1169,0.659,-0.5421,2,8,-6,135,290,-155,68.15,83.45,67,55,12,107,224,18,20,15,7,0.0,0.0989,0,1,15,14,38.14,61.86,-23.71,3,1,Home Win
3813289,2021-11-24,Indian Super league,2021/2022,Odisha,Bengaluru,60,2,1,1,0.1965,0.857,-0.6606,3,10,-7,165,379,-214,67.27,82.59,89,66,23,125,288,24,29,17,8,0.0,0.1981,0,2,15,6,26.48,73.52,-47.04,3,1,Home Win
3813289,2021-11-24,Indian Super league,2021/2022,Odisha,Bengaluru,75,2,1,1,0.1965,1.7378,-1.5413,3,13,-10,217,446,-229,69.59,83.63,99,73,26,169,338,29,33,18,10,0.0,0.0972,0,2,8,3,29.62,70.38,-40.76,3,1,Home Win
3813289,2021-11-24,Indian Super league,2021/2022,Odisha,Bengaluru,85,2,1,1,0.1965,2.0928,-1.8964,3,16,-13,251,495,-244,68.53,82.02,114,86,28,200,373,40,40,19,10,0.0,0.3551,0,3,15,13,29.82,70.18,-40.36,3,1,Home Win
3813296,2021-11-25,Indian Super league,2021/2022,NorthEast United,Kerala Blasters,15,0,0,0,0.0,0.0,0.0,0,0,0,77,90,-13,75.32,78.89,27,36,-9,64,54,9,7,5,3,0.0,0.0,0,0,14,15,44.7,55.3,-10.61,0,0,Draw
3813296,2021-11-25,Indian Super league,2021/2022,NorthEast United,Kerala Blasters,30,0,0,0,0.1059,0.2037,-0.0978,2,1,1,135,161,-26,72.59,78.26,43,60,-17,105,104,17,13,7,5,0.0595,0.2037,1,1,7,14,40.31,59.69,-19.37,0,0,Draw
3813296,2021-11-25,Indian Super league,2021/2022,NorthEast United,Kerala Blasters,45,0,0,0,0.1297,0.8291,-0.6994,3,5,-2,167,230,-63,70.66,75.65,65,74,-9,128,151,22,24,9,6,0.0237,0.6053,1,3,17,12,33.29,66.71,-33.41,0,0,Draw
3813296,2021-11-25,Indian Super league,2021/2022,NorthEast United,Kerala Blasters,60,0,0,0,0.1584,1.3779,-1.2195,4,8,-4,249,268,-19,69.48,72.39,88,109,-21,188,175,36,30,11,12,0.0287,0.0736,1,2,15,14,45.3,54.7,-9.4,0,0,Draw
3813296,2021-11-25,Indian Super league,2021/2022,NorthEast United,Kerala Blasters,75,0,0,0,0.3327,1.3779,-1.0452,6,8,-2,299,335,-36,68.56,72.54,107,125,-18,222,218,40,32,17,13,0.0,0.0,0,0,11,4,58.25,41.75,16.5,0,0,Draw
3813296,2021-11-25,Indian Super league,2021/2022,NorthEast United,Kerala Blasters,85,0,0,0,0.3327,1.5438,-1.2111,6,11,-5,319,382,-63,68.34,71.73,124,136,-12,238,249,45,36,22,15,0.0,0.1659,0,3,17,11,28.46,71.54,-43.09,0,0,Draw
3813315,2021-11-26,Indian Super league,2021/2022,Goa,Jamshedpur,15,0,0,0,0.0224,0.1186,-0.0961,1,1,0,130,33,97,84.62,54.55,21,26,-5,106,23,6,5,2,5,0.0224,0.0,1,0,10,15,66.99,33.01,33.98,1,3,Away Win
3813315,2021-11-26,Indian Super league,2021/2022,Goa,Jamshedpur,30,0,0,0,0.0224,0.2186,-0.1961,1,2,-1,187,61,126,83.96,55.74,34,38,-4,154,40,10,8,4,5,0.0,0.0,0,0,8,7,61.71,38.29,23.42,1,3,Away Win
3813315,2021-11-26,Indian Super league,2021/2022,Goa,Jamshedpur,45,0,0,0,0.031,0.8826,-0.8516,2,9,-7,294,96,198,84.69,58.33,53,55,-2,239,63,15,12,5,10,0.0085,0.6431,1,6,13,7,30.06,69.94,-39.88,1,3,Away Win
3813315,2021-11-26,Indian Super league,2021/2022,Goa,Jamshedpur,60,0,2,-2,0.1917,1.3925,-1.2007,4,13,-9,371,125,246,84.1,57.6,69,77,-8,306,81,23,21,6,11,0.0,0.4192,0,3,10,13,24.15,75.85,-51.7,1,3,Away Win
3813315,2021-11-26,Indian Super league,2021/2022,Goa,Jamshedpur,75,0,2,-2,0.4279,1.3925,-0.9646,5,13,-8,458,148,310,84.06,54.05,83,93,-10,378,96,29,26,9,16,0.2362,0.0,1,0,9,9,74.3,25.7,48.59,1,3,Away Win
3813315,2021-11-26,Indian Super league,2021/2022,Goa,Jamshedpur,85,1,3,-2,0.6379,1.6649,-1.0271,8,14,-6,519,167,352,84.59,54.49,85,109,-24,431,103,34,30,11,18,0.21,0.2725,3,1,2,16,60.54,39.46,21.08,1,3,Away Win
3813277,2021-11-27,Indian Super league,2021/2022,Mumbai City,SC Delhi,15,1,0,1,0.3012,0.0,0.3012,1,0,1,67,0,67,71.64,0.0,24,0,24,53,0,6,0,3,0,0.0,0.0,0,0,19,0,100.0,0.0,100.0,1,3,Away Win
3813277,2021-11-27,Indian Super league,2021/2022,Mumbai City,SC Delhi,30,1,0,1,0.7365,0.0,0.7365,5,0,5,134,0,134,77.61,0.0,36,0,36,113,0,15,0,3,0,0.4094,0.0,3,0,6,0,100.0,0.0,100.0,1,3,Away Win
3813277,2021-11-27,Indian Super league,2021/2022,Mumbai City,SC Delhi,45,1,0,1,1.1064,0.0,1.1064,8,0,8,206,0,206,76.21,0.0,72,0,72,174,0,26,0,4,0,0.3699,0.0,3,0,26,0,100.0,0.0,100.0,1,3,Away Win
3813277,2021-11-27,Indian Super league,2021/2022,Mumbai City,SC Delhi,60,1,0,1,1.114,0.0,1.114,9,0,9,305,0,305,78.03,0.0,99,0,99,262,0,31,0,9,0,0.0,0.0,0,0,17,0,100.0,0.0,100.0,1,3,Away Win
3813277,2021-11-27,Indian Super league,2021/2022,Mumbai City,SC Delhi,75,1,0,1,1.172,0.0,1.172,10,0,10,382,0,382,77.23,0.0,124,0,124,320,0,36,0,14,0,0.0,0.0,0,0,13,0,100.0,0.0,100.0,1,3,Away Win
3813277,2021-11-27,Indian Super league,2021/2022,Mumbai City,SC Delhi,85,1,0,1,1.2965,0.0,1.2965,12,0,12,434,0,434,77.65,0.0,133,0,133,365,0,42,0,17,0,0.1245,0.0,2,0,9,0,100.0,0.0,100.0,1,3,Away Win
3813291,2021-11-27,Indian Super league,2021/2022,East Bengal,Mohun Bagan Super Giant,15,0,0,0,0.0,0.0,0.0,0,0,0,107,0,107,76.64,0.0,21,0,21,87,0,7,0,1,0,0.0,0.0,0,0,11,0,100.0,0.0,100.0,0,3,Away Win
3813291,2021-11-27,Indian Super league,2021/2022,East Bengal,Mohun Bagan Super Giant,30,0,0,0,0.0,0.0,0.0,0,0,0,162,0,162,79.63,0.0,42,0,42,140,0,14,0,4,0,0.0,0.0,0,0,10,0,100.0,0.0,100.0,0,3,Away Win
3813291,2021-11-27,Indian Super league,2021/2022,East Bengal,Mohun Bagan Super Giant,45,0,0,0,0.0,0.0,0.0,0,0,0,240,0,240,80.0,0.0,73,0,73,194,0,18,0,7,0,0.0,0.0,0,0,25,0,100.0,0.0,100.0,0,3,Away Win
3813291,2021-11-27,Indian Super league,2021/2022,East Bengal,Mohun Bagan Super Giant,60,0,0,0,0.334,0.0,0.334,5,0,5,326,0,326,79.14,0.0,95,0,95,262,0,33,0,8,0,0.0186,0.0,1,0,12,0,100.0,0.0,100.0,0,3,Away Win
3813291,2021-11-27,Indian Super league,2021/2022,East Bengal,Mohun Bagan Super Giant,75,0,0,0,0.4877,0.0,0.4877,6,0,6,417,0,417,79.86,0.0,107,0,107,334,0,41,0,9,0,0.1537,0.0,1,0,9,0,100.0,0.0,100.0,0,3,Away Win
3813291,2021-11-27,Indian Super league,2021/2022,East Bengal,Mohun Bagan Super Giant,85,0,0,0,0.4877,0.0,0.4877,6,0,6,482,0,482,79.25,0.0,119,0,119,377,0,48,0,11,0,0.0,0.0,0,0,12,0,100.0,0.0,100.0,0,3,Away Win
3802837,2021-11-28,Ligue 1,2021/2022,Saint-Étienne,Paris Saint-Germain,15,0,0,0,0.0,0.3676,-0.3676,0,2,-2,67,123,-56,86.57,92.68,30,41,-11,62,98,8,6,4,0,0.0,0.3676,0,2,17,26,30.43,69.57,-39.14,1,3,Away Win
3802837,2021-11-28,Ligue 1,2021/2022,Saint-Étienne,Paris Saint-Germain,30,1,0,1,0.3337,0.3676,-0.0339,2,2,0,94,229,-135,78.72,92.58,67,62,5,82,194,15,13,6,3,0.3337,0.0,2,0,22,12,63.51,36.49,27.02,1,3,Away Win
3802837,2021-11-28,Ligue 1,2021/2022,Saint-Étienne,Paris Saint-Germain,45,1,0,1,0.3393,1.0605,-0.7211,3,5,-2,157,360,-203,78.98,91.11,106,88,18,136,299,26,20,7,6,0.0056,0.6928,1,3,22,22,33.29,66.71,-33.41,1,3,Away Win
3802837,2021-11-28,Ligue 1,2021/2022,Saint-Étienne,Paris Saint-Germain,60,1,1,0,0.4392,1.644,-1.2048,5,11,-6,199,523,-324,77.89,90.63,141,110,31,169,423,31,28,13,7,0.0266,0.5561,1,5,13,11,23.19,76.81,-53.63,1,3,Away Win
3802837,2021-11-28,Ligue 1,2021/2022,Saint-Étienne,Paris Saint-Germain,75,1,1,0,0.5161,2.3509,-1.8347,6,13,-7,256,610,-354,76.95,89.67,158,139,19,212,500,41,40,18,8,0.0,0.7069,0,2,11,16,23.01,76.99,-53.98,1,3,Away Win
3802837,2021-11-28,Ligue 1,2021/2022,Saint-Étienne,Paris Saint-Germain,85,1,2,-1,0.5161,2.706,-2.1899,6,14,-8,292,672,-380,78.08,90.03,174,147,27,239,552,43,43,21,10,0.0,0.3551,0,1,16,8,35.25,64.75,-29.5,1,3,Away Win
3813292,2021-11-28,Indian Super league,2021/2022,Bengaluru,Kerala Blasters,15,0,0,0,0.0236,0.0467,-0.023,1,2,-1,140,38,102,82.14,47.37,12,36,-24,96,19,12,5,1,6,0.0,0.0248,0,1,12,15,48.99,51.01,-2.03,1,1,Draw
3813292,2021-11-28,Indian Super league,2021/2022,Bengaluru,Kerala Blasters,30,0,0,0,0.1242,0.0467,0.0775,2,2,0,212,83,129,79.25,57.83,30,46,-16,145,50,19,13,1,8,0.1005,0.0,1,0,17,10,66.92,33.08,33.84,1,1,Draw
3813292,2021-11-28,Indian Super league,2021/2022,Bengaluru,Kerala Blasters,45,0,0,0,0.1322,0.0708,0.0615,3,3,0,306,146,160,79.41,59.59,52,66,-14,205,92,27,23,3,8,0.0081,0.0241,1,1,14,19,45.64,54.36,-8.71,1,1,Draw
3813292,2021-11-28,Indian Super league,2021/2022,Bengaluru,Kerala Blasters,60,0,0,0,0.4518,0.2239,0.2279,7,7,0,404,214,190,78.96,58.88,73,85,-12,260,137,36,31,3,14,0.2375,0.0771,2,3,14,7,48.58,51.42,-2.84,1,1,Draw
3813292,2021-11-28,Indian Super league,2021/2022,Bengaluru,Kerala Blasters,75,0,0,0,0.4694,0.2239,0.2455,8,7,1,487,255,232,78.03,56.47,90,99,-9,322,159,48,37,4,14,0.0176,0.0,1,0,8,10,67.64,32.36,35.28,1,1,Draw
3813292,2021-11-28,Indian Super league,2021/2022,Bengaluru,Kerala Blasters,85,1,0,1,0.9932,0.2239,0.7692,10,7,3,522,289,233,76.63,57.44,102,106,-4,343,173,50,39,5,14,0.5237,0.0,2,0,12,7,80.48,19.52,60.95,1,1,Draw
3813294,2021-11-29,Indian Super league,2021/2022,NorthEast United,Chennaiyin,15,0,0,0,0.0263,0.0138,0.0125,1,1,0,110,77,33,80.0,76.62,16,30,-14,90,56,10,6,6,3,0.0263,0.0138,1,1,11,18,46.9,53.1,-6.2,1,2,Away Win
3813294,2021-11-29,Indian Super league,2021/2022,NorthEast United,Chennaiyin,30,0,0,0,0.0795,0.0138,0.0657,3,1,2,172,132,40,77.33,71.97,38,52,-14,136,96,15,12,7,7,0.0241,0.0,1,0,14,6,67.88,32.12,35.77,1,2,Away Win
3813294,2021-11-29,Indian Super league,2021/2022,NorthEast United,Chennaiyin,45,0,1,-1,0.1842,0.3301,-0.1459,5,6,-1,243,210,33,76.95,76.19,74,68,6,191,161,16,17,14,9,0.1047,0.3163,2,5,26,12,40.03,59.97,-19.95,1,2,Away Win
3813294,2021-11-29,Indian Super league,2021/2022,NorthEast United,Chennaiyin,60,1,1,0,0.5402,0.6754,-0.1352,9,8,1,317,303,14,76.03,76.57,105,91,14,238,227,20,24,16,11,0.2128,0.3453,2,2,19,14,47.35,52.65,-5.29,1,2,Away Win
3813294,2021-11-29,Indian Super league,2021/2022,NorthEast United,Chennaiyin,75,1,2,-1,0.5865,1.2088,-0.6223,11,10,1,375,383,-8,75.73,78.07,123,109,14,286,297,27,30,21,15,0.0463,0.5334,2,2,5,13,38.16,61.84,-23.67,1,2,Away Win
3813294,2021-11-29,Indian Super league,2021/2022,NorthEast United,Chennaiyin,85,1,2,-1,0.5865,1.2156,-0.629,11,11,0,414,424,-10,75.6,78.07,134,119,15,322,328,35,33,21,16,0.0,0.0068,0,1,11,10,44.44,55.56,-11.12,1,2,Away Win
3813317,2021-11-30,Indian Super league,2021/2022,Odisha,East Bengal,15,0,1,-1,0.0,0.0583,-0.0583,0,1,-1,87,81,6,81.61,72.84,15,33,-18,70,62,11,7,3,4,0.0,0.0583,0,1,11,21,35.59,64.41,-28.82,6,4,Home Win
3813317,2021-11-30,Indian Super league,2021/2022,Odisha,East Bengal,30,0,1,-1,0.183,0.0626,0.1204,1,2,-1,178,150,28,84.27,74.0,36,53,-17,148,107,18,13,6,6,0.183,0.0,1,0,12,13,66.73,33.27,33.47,6,4,Home Win
3813317,2021-11-30,Indian Super league,2021/2022,Odisha,East Bengal,45,3,1,2,0.944,0.087,0.8569,7,4,3,235,201,34,82.98,72.14,52,76,-24,194,139,25,19,8,7,0.6263,0.0244,5,2,15,20,65.45,34.55,30.91,6,4,Home Win
3813317,2021-11-30,Indian Super league,2021/2022,Odisha,East Bengal,60,3,1,2,0.9627,0.1471,0.8156,8,7,1,357,277,80,82.91,71.12,73,105,-32,295,194,30,29,11,16,0.0187,0.0601,1,3,13,23,39.51,60.49,-20.98,6,4,Home Win
3813317,2021-11-30,Indian Super league,2021/2022,Odisha,East Bengal,75,4,1,3,1.1122,0.2425,0.8697,11,9,2,413,315,98,82.81,71.43,86,128,-42,346,218,37,31,12,19,0.1143,0.0954,2,2,11,9,52.04,47.96,4.08,6,4,Home Win
3813317,2021-11-30,Indian Super league,2021/2022,Odisha,East Bengal,85,5,2,3,1.221,0.4315,0.7895,12,12,0,427,372,55,82.44,73.12,100,132,-32,353,252,37,33,16,19,0.1089,0.1891,1,3,14,4,35.28,64.72,-29.44,6,4,Home Win
3802793,2021-12-01,Ligue 1,2021/2022,Paris Saint-Germain,OGC Nice,15,0,0,0,0.2223,0.0223,0.2,4,1,3,154,58,96,90.26,77.59,21,25,-4,137,46,10,2,3,6,0.1796,0.0223,3,1,12,18,64.47,35.53,28.94,0,0,Draw
3802793,2021-12-01,Ligue 1,2021/2022,Paris Saint-Germain,OGC Nice,30,0,0,0,0.2907,0.0223,0.2684,6,1,5,299,135,164,92.64,78.52,42,53,-11,271,107,18,8,5,10,0.049,0.0,1,0,16,20,61.37,38.63,22.73,0,0,Draw
3802793,2021-12-01,Ligue 1,2021/2022,Paris Saint-Germain,OGC Nice,45,0,0,0,0.4347,0.1361,0.2986,10,2,8,426,191,235,91.78,76.96,56,86,-30,395,149,29,10,9,15,0.1357,0.0,3,0,8,29,67.54,32.46,35.08,0,0,Draw
3802793,2021-12-01,Ligue 1,2021/2022,Paris Saint-Germain,OGC Nice,60,0,0,0,0.9686,0.8675,0.1011,14,3,11,553,223,330,91.14,75.78,77,107,-30,508,177,39,13,12,19,0.1686,0.7315,2,1,14,15,55.67,44.33,11.35,0,0,Draw
3802793,2021-12-01,Ligue 1,2021/2022,Paris Saint-Germain,OGC Nice,75,0,0,0,1.5247,0.8675,0.6571,19,3,16,674,275,399,90.21,74.55,101,130,-29,618,217,51,20,17,25,0.1786,0.0,4,0,20,14,80.54,19.46,61.09,0,0,Draw
3802793,2021-12-01,Ligue 1,2021/2022,Paris Saint-Germain,OGC Nice,85,0,0,0,1.6363,0.8675,0.7688,20,3,17,740,324,416,89.46,74.38,112,141,-29,672,255,55,23,18,28,0.1116,0.0,1,0,11,11,64.2,35.8,28.4,0,0,Draw
3813312,2021-12-01,Indian Super league,2021/2022,Mohun Bagan Super Giant,Mumbai City,15,0,1,-1,0.0351,0.186,-0.1509,1,2,-1,62,97,-35,70.97,77.32,26,16,10,45,71,5,10,2,3,0.0351,0.0962,1,1,17,12,48.28,51.72,-3.44,1,5,Away Win
3813312,2021-12-01,Indian Super league,2021/2022,Mohun Bagan Super Giant,Mumbai City,30,0,2,-2,0.1511,1.3531,-1.202,3,4,-1,120,165,-45,75.0,78.79,39,36,3,94,129,12,18,3,4,0.116,1.1671,2,2,8,7,36.93,63.07,-26.15,1,5,Away Win
3813312,2021-12-01,Indian Super league,2021/2022,Mohun Bagan Super Giant,Mumbai City,45,0,3,-3,0.2255,2.2967,-2.0712,4,9,-5,168,247,-79,73.81,79.35,62,41,21,124,200,15,30,5,5,0.0744,0.7639,1,3,13,3,32.02,67.98,-35.96,1,5,Away Win
3813312,2021-12-01,Indian Super league,2021/2022,Mohun Bagan Super Giant,Mumbai City,60,1,5,-4,0.48,2.7852,-2.3052,8,13,-5,230,349,-119,73.91,81.09,79,50,29,175,285,23,35,6,8,0.1687,0.3965,2,3,10,5,41.71,58.29,-16.59,1,5,Away Win
3813312,2021-12-01,Indian Super league,2021/2022,Mohun Bagan Super Giant,Mumbai City,75,1,5,-4,0.48,2.9563,-2.4763,8,15,-7,268,404,-136,73.51,81.68,95,56,39,204,337,26,42,10,9,0.0,0.1093,0,1,12,6,36.26,63.74,-27.48,1,5,Away Win
3813312,2021-12-01,Indian Super league,2021/2022,Mohun Bagan Super Giant,Mumbai City,85,1,5,-4,0.48,3.0949,-2.6149,8,17,-9,295,498,-203,73.56,83.94,115,65,50,232,430,32,48,10,11,0.0,0.1386,0,2,20,9,31.92,68.08,-36.16,1,5,Away Win
3813288,2021-12-02,Indian Super league,2021/2022,Jamshedpur,SC Delhi,15,0,0,0,0.0698,0.0,0.0698,2,0,2,55,0,55,69.09,0.0,26,0,26,32,0,12,0,1,0,0.0,0.0,0,0,17,0,100.0,0.0,100.0,1,1,Draw
3813288,2021-12-02,Indian Super league,2021/2022,Jamshedpur,SC Delhi,30,0,0,0,0.594,0.0,0.594,6,0,6,89,0,89,59.55,0.0,40,0,40,55,0,25,0,2,0,0.4061,0.0,3,0,8,0,100.0,0.0,100.0,1,1,Draw
3813288,2021-12-02,Indian Super league,2021/2022,Jamshedpur,SC Delhi,45,1,0,1,0.7478,0.0,0.7478,7,0,7,130,0,130,60.0,0.0,56,0,56,79,0,29,0,4,0,0.1538,0.0,1,0,13,0,100.0,0.0,100.0,1,1,Draw
3813288,2021-12-02,Indian Super league,2021/2022,Jamshedpur,SC Delhi,60,1,0,1,0.8309,0.0,0.8309,9,0,9,169,0,169,56.21,0.0,74,0,74,93,0,37,0,5,0,0.0831,0.0,2,0,9,0,100.0,0.0,100.0,1,1,Draw
3813288,2021-12-02,Indian Super league,2021/2022,Jamshedpur,SC Delhi,75,1,0,1,0.8309,0.0,0.8309,9,0,9,209,0,209,55.02,0.0,101,0,101,120,0,48,0,7,0,0.0,0.0,0,0,19,0,100.0,0.0,100.0,1,1,Draw
3813288,2021-12-02,Indian Super league,2021/2022,Jamshedpur,SC Delhi,85,1,0,1,0.9403,0.0,0.9403,10,0,10,242,0,242,54.96,0.0,107,0,107,131,0,52,0,8,0,0.1094,0.0,1,0,6,0,100.0,0.0,100.0,1,1,Draw
3813280,2021-12-03,Indian Super league,2021/2022,Chennaiyin,East Bengal,15,0,0,0,0.7406,0.0,0.7406,4,0,4,91,79,12,76.92,75.95,15,32,-17,69,59,8,4,2,1,0.6545,0.0,3,0,7,26,67.25,32.75,34.5,0,0,Draw
3813280,2021-12-03,Indian Super league,2021/2022,Chennaiyin,East Bengal,30,0,0,0,0.9042,0.0,0.9042,6,0,6,167,146,21,79.64,76.03,28,65,-37,133,114,18,11,5,3,0.0,0.0,0,0,6,15,41.51,58.49,-16.99,0,0,Draw
3813280,2021-12-03,Indian Super league,2021/2022,Chennaiyin,East Bengal,45,0,0,0,1.2674,0.2099,1.0575,11,3,8,260,208,52,81.15,75.0,40,85,-45,207,161,24,18,6,6,0.3292,0.0426,3,2,12,9,58.08,41.92,16.16,0,0,Draw
3813280,2021-12-03,Indian Super league,2021/2022,Chennaiyin,East Bengal,60,0,0,0,2.0126,0.2807,1.7319,18,4,14,340,264,76,79.41,73.11,46,107,-61,272,201,39,24,9,9,0.4311,0.0,3,0,6,12,72.59,27.41,45.18,0,0,Draw
3813280,2021-12-03,Indian Super league,2021/2022,Chennaiyin,East Bengal,75,0,0,0,2.1255,0.843,1.2825,20,7,13,422,305,117,79.15,72.46,56,127,-71,333,229,44,27,10,11,0.1129,0.5244,2,2,6,7,45.31,54.69,-9.38,0,0,Draw
3813280,2021-12-03,Indian Super league,2021/2022,Chennaiyin,East Bengal,85,0,0,0,2.1255,0.95,1.1755,20,8,12,453,332,121,79.25,72.59,64,134,-70,360,251,48,32,11,11,0.0,0.1071,0,1,8,7,37.63,62.37,-24.75,0,0,Draw
3802685,2021-12-04,Ligue 1,2021/2022,Lens,Paris Saint-Germain,15,0,0,0,0.0774,0.0,0.0774,2,0,2,101,179,-78,85.15,91.62,37,26,11,90,132,6,8,3,3,0.0774,0.0,2,0,21,10,56.56,43.44,13.13,1,1,Draw
3802685,2021-12-04,Ligue 1,2021/2022,Lens,Paris Saint-Germain,30,0,0,0,0.4259,0.1196,0.3063,8,2,6,196,247,-51,83.16,89.07,53,50,3,174,181,17,12,5,8,0.3485,0.0459,6,1,11,19,71.43,28.57,42.85,1,1,Draw
3802685,2021-12-04,Ligue 1,2021/2022,Lens,Paris Saint-Germain,45,0,0,0,0.5694,1.0873,-0.5179,12,6,6,271,384,-113,83.39,90.1,83,71,12,232,284,25,18,6,10,0.0597,0.9677,1,4,18,15,29.96,70.04,-40.08,1,1,Draw
3802685,2021-12-04,Ligue 1,2021/2022,Lens,Paris Saint-Germain,60,0,0,0,0.7139,1.112,-0.3981,13,7,6,319,482,-163,81.5,89.42,100,90,10,268,359,29,24,8,13,0.0,0.0,0,0,12,10,38.23,61.77,-23.54,1,1,Draw
3802685,2021-12-04,Ligue 1,2021/2022,Lens,Paris Saint-Germain,75,1,0,1,0.8379,1.3423,-0.5044,15,8,7,386,601,-215,82.64,89.02,124,121,3,336,461,39,32,12,15,0.1012,0.2303,1,1,17,26,42.71,57.29,-14.58,1,1,Draw
3802685,2021-12-04,Ligue 1,2021/2022,Lens,Paris Saint-Germain,85,1,0,1,1.0683,1.3423,-0.274,18,8,10,407,682,-275,82.56,89.15,138,132,6,358,525,43,33,13,16,0.2304,0.0,3,0,14,11,65.88,34.12,31.75,1,1,Draw
3813274,2021-12-04,Indian Super league,2021/2022,Bengaluru,Mumbai City,15,0,1,-1,0.0843,0.7835,-0.6992,2,1,1,73,62,11,65.75,69.35,19,31,-12,53,33,9,9,1,5,0.0511,0.7835,1,1,13,19,37.41,62.59,-25.18,1,3,Away Win
3813274,2021-12-04,Indian Super league,2021/2022,Bengaluru,Mumbai City,30,1,1,0,0.1893,0.7835,-0.5942,4,1,3,115,128,-13,66.09,73.44,42,45,-3,79,76,13,17,5,5,0.0384,0.0,1,0,19,9,59.97,40.03,19.94,1,3,Away Win
3813274,2021-12-04,Indian Super league,2021/2022,Bengaluru,Mumbai City,45,1,1,0,1.0707,0.8134,0.2573,6,2,4,157,192,-35,61.15,73.96,70,68,2,107,120,22,28,7,5,0.7835,0.0,1,0,16,17,66.74,33.26,33.49,1,3,Away Win
3813274,2021-12-04,Indian Super league,2021/2022,Bengaluru,Mumbai City,60,1,2,-1,1.0707,0.8422,0.2285,6,3,3,208,249,-41,58.65,71.49,94,83,11,134,158,26,35,9,7,0.0,0.0288,0,1,14,9,40.42,59.58,-19.16,1,3,Away Win
3813274,2021-12-04,Indian Super league,2021/2022,Bengaluru,Mumbai City,75,1,2,-1,1.1716,0.876,0.2956,9,4,5,257,293,-36,59.53,69.62,116,106,10,171,192,35,44,11,10,0.0731,0.0337,2,1,15,16,56.01,43.99,12.03,1,3,Away Win
3813274,2021-12-04,Indian Super league,2021/2022,Bengaluru,Mumbai City,85,1,3,-2,1.2932,1.0236,0.2696,12,7,5,286,331,-45,59.79,70.69,131,118,13,188,216,40,47,12,10,0.1217,0.1477,3,3,15,12,50.42,49.58,0.84,1,3,Away Win
3813316,2021-12-04,Indian Super league,2021/2022,NorthEast United,Goa,15,1,1,0,0.462,1.5557,-1.0938,1,4,-3,58,133,-75,67.24,84.21,47,33,14,42,112,7,11,3,3,0.462,1.3329,1,3,25,21,34.14,65.86,-31.73,2,1,Home Win
3813316,2021-12-04,Indian Super league,2021/2022,NorthEast United,Goa,30,1,1,0,0.7325,1.7402,-1.0078,2,9,-7,107,247,-140,64.49,85.43,76,50,26,78,215,14,17,5,6,0.0,0.1088,0,3,15,14,27.64,72.36,-44.71,2,1,Home Win
3813316,2021-12-04,Indian Super league,2021/2022,NorthEast United,Goa,45,1,1,0,0.8539,2.369,-1.5151,4,14,-10,145,333,-188,63.45,82.88,102,70,32,104,278,17,28,9,6,0.1214,0.0,2,0,16,16,64.19,35.81,28.39,2,1,Home Win
3813316,2021-12-04,Indian Super league,2021/2022,NorthEast United,Goa,60,1,1,0,0.9135,2.5057,-1.5922,5,19,-14,209,416,-207,65.07,80.77,130,107,23,153,341,26,37,10,10,0.0596,0.0854,1,2,15,13,42.75,57.25,-14.5,2,1,Home Win
3813316,2021-12-04,Indian Super league,2021/2022,NorthEast United,Goa,75,1,1,0,0.9468,2.5519,-1.6051,7,20,-13,251,510,-259,64.14,79.61,149,127,22,191,416,35,47,19,13,0.0333,0.0462,2,1,12,15,50.03,49.97,0.06,2,1,Home Win
3813316,2021-12-04,Indian Super league,2021/2022,NorthEast United,Goa,85,1,1,0,0.9468,2.558,-1.6112,7,21,-14,276,555,-279,63.04,79.1,159,143,16,208,452,39,53,22,13,0.0,0.0061,0,1,10,16,29.81,70.19,-40.37,2,1,Home Win
3813300,2021-12-05,Indian Super league,2021/2022,Kerala Blasters,Odisha,15,0,0,0,0.0666,0.2244,-0.1577,1,1,0,128,57,71,78.12,70.18,27,35,-8,98,35,9,12,3,1,0.0,0.2244,0,1,20,19,46.79,53.21,-6.42,2,1,Home Win
3813300,2021-12-05,Indian Super league,2021/2022,Kerala Blasters,Odisha,30,0,0,0,0.075,0.3326,-0.2576,2,4,-2,211,117,94,74.88,65.81,58,56,2,154,72,16,25,7,7,0.0,0.0055,0,1,14,17,47.67,52.33,-4.66,2,1,Home Win
3813300,2021-12-05,Indian Super league,2021/2022,Kerala Blasters,Odisha,45,0,0,0,0.6103,1.3244,-0.7142,4,11,-7,292,159,133,74.66,64.15,78,70,8,207,101,25,38,8,9,0.5353,0.9919,2,7,20,8,34.7,65.3,-30.59,2,1,Home Win
3813300,2021-12-05,Indian Super league,2021/2022,Kerala Blasters,Odisha,60,0,0,0,0.6994,1.387,-0.6875,5,13,-8,368,221,147,75.0,64.71,102,90,12,261,142,31,49,10,9,0.0,0.0625,0,2,14,11,36.03,63.97,-27.94,2,1,Home Win
3813300,2021-12-05,Indian Super league,2021/2022,Kerala Blasters,Odisha,75,1,0,1,1.8125,1.387,0.4255,8,13,-5,412,269,143,74.51,66.17,127,102,25,294,176,34,57,10,10,0.1386,0.0,2,0,20,9,73.75,26.25,47.5,2,1,Home Win
3813300,2021-12-05,Indian Super league,2021/2022,Kerala Blasters,Odisha,85,2,0,2,2.0158,1.4532,0.5626,9,15,-6,435,344,91,73.79,70.93,141,111,30,307,239,36,62,11,12,0.2033,0.0663,1,2,14,9,39.39,60.61,-21.23,2,1,Home Win
3813268,2021-12-06,Indian Super league,2021/2022,Jamshedpur,Mohun Bagan Super Giant,15,0,0,0,0.1782,0.0,0.1782,2,0,2,50,0,50,52.0,0.0,23,0,23,28,0,11,0,2,0,0.0446,0.0,1,0,17,0,100.0,0.0,100.0,2,1,Home Win
3813268,2021-12-06,Indian Super league,2021/2022,Jamshedpur,Mohun Bagan Super Giant,30,0,0,0,0.2492,0.0,0.2492,3,0,3,114,0,114,64.91,0.0,40,0,40,77,0,21,0,2,0,0.071,0.0,1,0,11,0,100.0,0.0,100.0,2,1,Home Win
3813268,2021-12-06,Indian Super league,2021/2022,Jamshedpur,Mohun Bagan Super Giant,45,1,0,1,0.4847,0.0,0.4847,6,0,6,158,0,158,62.66,0.0,63,0,63,103,0,28,0,4,0,0.1899,0.0,2,0,16,0,100.0,0.0,100.0,2,1,Home Win
3813268,2021-12-06,Indian Super league,2021/2022,Jamshedpur,Mohun Bagan Super Giant,60,1,0,1,0.5282,0.0,0.5282,8,0,8,216,0,216,62.04,0.0,92,0,92,142,0,37,0,5,0,0.0,0.0,0,0,21,0,100.0,0.0,100.0,2,1,Home Win
3813268,2021-12-06,Indian Super league,2021/2022,Jamshedpur,Mohun Bagan Super Giant,75,1,0,1,0.6773,0.0,0.6773,11,0,11,251,0,251,62.15,0.0,106,0,106,168,0,45,0,7,0,0.1491,0.0,3,0,4,0,100.0,0.0,100.0,2,1,Home Win
3813268,2021-12-06,Indian Super league,2021/2022,Jamshedpur,Mohun Bagan Super Giant,85,2,0,2,0.7735,0.0,0.7735,13,0,13,265,0,265,62.26,0.0,120,0,120,180,0,50,0,7,0,0.0962,0.0,2,0,14,0,100.0,0.0,100.0,2,1,Home Win
3813267,2021-12-07,Indian Super league,2021/2022,East Bengal,Goa,15,0,1,-1,0.0,0.076,-0.076,0,2,-2,43,155,-112,44.19,87.74,45,18,27,25,127,8,7,2,4,0.0,0.0211,0,1,30,13,41.89,58.11,-16.23,3,4,Away Win
3813267,2021-12-07,Indian Super league,2021/2022,East Bengal,Goa,30,1,1,0,0.1516,0.7032,-0.5516,3,5,-2,86,254,-168,60.47,88.98,80,40,40,56,216,14,15,4,5,0.101,0.3688,2,2,29,11,47.04,52.96,-5.92,3,4,Away Win
3813267,2021-12-07,Indian Super league,2021/2022,East Bengal,Goa,45,2,3,-1,0.2268,1.5959,-1.3691,5,7,-2,119,322,-203,61.34,86.65,106,50,56,77,265,19,19,7,8,0.0752,0.1091,2,1,22,8,59.19,40.81,18.38,3,4,Away Win
3813267,2021-12-07,Indian Super league,2021/2022,East Bengal,Goa,60,3,3,0,0.4657,1.6463,-1.1805,7,9,-2,165,444,-279,60.0,85.81,148,84,64,110,366,23,28,10,11,0.2389,0.0504,2,2,24,15,48.37,51.63,-3.26,3,4,Away Win
3813267,2021-12-07,Indian Super league,2021/2022,East Bengal,Goa,75,3,3,0,0.4657,2.4029,-1.9371,7,15,-8,201,512,-311,58.71,84.38,186,98,88,133,426,29,41,14,15,0.0,0.3316,0,4,27,10,30.2,69.8,-39.6,3,4,Away Win
3813267,2021-12-07,Indian Super league,2021/2022,East Bengal,Goa,85,3,4,-1,0.6501,2.9253,-2.2752,10,16,-6,232,542,-310,60.34,84.13,201,109,92,161,452,35,45,14,16,0.1844,0.5225,3,1,15,11,58.2,41.8,16.39,3,4,Away Win
3813299,2021-12-08,Indian Super league,2021/2022,SC Delhi,Bengaluru,15,0,0,0,0.0,0.0,0.0,0,0,0,0,56,-56,0.0,58.93,0,36,-36,0,32,0,6,0,4,0.0,0.0,0,0,0,14,0.0,100.0,-100.0,1,0,Home Win
3813299,2021-12-08,Indian Super league,2021/2022,SC Delhi,Bengaluru,30,0,0,0,0.0,0.0,0.0,0,0,0,0,134,-134,0.0,61.94,0,61,-61,0,94,0,17,0,9,0.0,0.0,0,0,0,15,0.0,100.0,-100.0,1,0,Home Win
3813299,2021-12-08,Indian Super league,2021/2022,SC Delhi,Bengaluru,45,0,0,0,0.0,0.0691,-0.0691,0,1,-1,0,188,-188,0.0,61.7,0,72,-72,0,121,0,20,0,10,0.0,0.0691,0,1,0,7,0.0,100.0,-100.0,1,0,Home Win
3813299,2021-12-08,Indian Super league,2021/2022,SC Delhi,Bengaluru,60,0,0,0,0.0,0.3694,-0.3694,0,5,-5,0,261,-261,0.0,61.3,0,97,-97,0,168,0,27,0,13,0.0,0.2576,0,3,0,11,0.0,100.0,-100.0,1,0,Home Win
3813299,2021-12-08,Indian Super league,2021/2022,SC Delhi,Bengaluru,75,0,0,0,0.0,0.4379,-0.4379,0,6,-6,0,346,-346,0.0,64.45,0,109,-109,0,240,0,39,0,16,0.0,0.0,0,0,0,8,0.0,100.0,-100.0,1,0,Home Win
3813299,2021-12-08,Indian Super league,2021/2022,SC Delhi,Bengaluru,85,0,0,0,0.0,0.4585,-0.4585,0,7,-7,0,386,-386,0.0,64.51,0,113,-113,0,267,0,44,0,17,0.0,0.0206,0,1,0,4,0.0,100.0,-100.0,1,0,Home Win
3813284,2021-12-09,Indian Super league,2021/2022,Mumbai City,Jamshedpur,15,1,0,1,0.0145,0.1845,-0.17,1,2,-1,119,52,67,78.99,67.31,23,21,2,94,46,11,8,2,5,0.0,0.0326,0,1,18,15,47.05,52.95,-5.9,4,2,Home Win
3813284,2021-12-09,Indian Super league,2021/2022,Mumbai City,Jamshedpur,30,3,0,3,1.0965,0.2028,0.8937,5,3,2,204,91,113,80.39,73.63,39,37,2,154,76,20,14,3,6,0.1455,0.0183,3,1,8,8,69.69,30.31,39.39,4,2,Home Win
3813284,2021-12-09,Indian Super league,2021/2022,Mumbai City,Jamshedpur,45,3,0,3,1.3143,0.2585,1.0558,6,5,1,292,174,118,81.51,74.71,56,57,-1,232,145,27,21,5,11,0.2178,0.0556,1,2,12,9,44.69,55.31,-10.61,4,2,Home Win
3813284,2021-12-09,Indian Super league,2021/2022,Mumbai City,Jamshedpur,60,3,2,1,1.3143,1.1783,0.136,6,8,-2,361,213,148,77.84,70.89,72,76,-4,268,168,33,27,7,16,0.0,0.8563,0,2,6,9,16.96,83.04,-66.09,4,2,Home Win
3813284,2021-12-09,Indian Super league,2021/2022,Mumbai City,Jamshedpur,75,4,2,2,1.427,1.1783,0.2487,8,8,0,407,252,155,77.15,69.84,81,92,-11,297,197,38,36,8,17,0.1127,0.0,2,0,3,13,64.66,35.34,29.32,4,2,Home Win
3813284,2021-12-09,Indian Super league,2021/2022,Mumbai City,Jamshedpur,85,4,2,2,1.4674,1.5027,-0.0352,9,10,-1,425,306,119,76.0,71.24,98,99,-1,306,242,42,41,9,19,0.0405,0.3244,1,2,17,7,38.4,61.6,-23.2,4,2,Home Win
3813301,2021-12-10,Indian Super league,2021/2022,Odisha,NorthEast United,15,0,0,0,0.0,0.104,-0.104,0,4,-4,112,60,52,76.79,63.33,20,28,-8,91,38,9,12,3,6,0.0,0.104,0,4,11,20,30.49,69.51,-39.03,1,0,Home Win
3813301,2021-12-10,Indian Super league,2021/2022,Odisha,NorthEast United,30,0,0,0,0.0133,0.2133,-0.2001,2,6,-4,203,86,117,77.34,61.63,29,44,-15,154,50,14,17,3,9,0.0063,0.1094,1,2,8,10,45.3,54.7,-9.4,1,0,Home Win
3813301,2021-12-10,Indian Super league,2021/2022,Odisha,NorthEast United,45,0,0,0,0.0133,0.738,-0.7247,2,13,-11,322,148,174,79.19,63.51,46,75,-29,254,95,26,28,4,13,0.0,0.5247,0,7,12,20,24.02,75.98,-51.97,1,0,Home Win
3813301,2021-12-10,Indian Super league,2021/2022,Odisha,NorthEast United,60,0,0,0,0.4696,1.03,-0.5604,4,15,-11,394,209,185,77.66,64.11,64,96,-32,305,135,30,40,6,17,0.4563,0.2317,2,1,11,13,57.11,42.89,14.22,1,0,Home Win
3813301,2021-12-10,Indian Super league,2021/2022,Odisha,NorthEast United,75,0,0,0,0.4803,1.2585,-0.7782,5,20,-15,470,260,210,76.17,63.46,77,112,-35,359,168,39,50,6,22,0.0107,0.1035,1,4,11,12,35.63,64.37,-28.73,1,0,Home Win
3813301,2021-12-10,Indian Super league,2021/2022,Odisha,NorthEast United,85,1,0,1,0.6361,1.3655,-0.7295,7,21,-14,502,292,210,75.7,63.7,84,122,-38,390,189,51,54,6,24,0.1558,0.107,2,1,7,10,59.78,40.22,19.55,1,0,Home Win
3813281,2021-12-11,Indian Super league,2021/2022,Mohun Bagan Super Giant,Chennaiyin,15,0,0,0,0.1069,0.0537,0.0531,3,2,1,91,92,-1,80.22,68.48,21,18,3,65,70,6,9,7,2,0.0774,0.0238,1,1,12,12,46.23,53.77,-7.54,1,1,Draw
3813281,2021-12-11,Indian Super league,2021/2022,Mohun Bagan Super Giant,Chennaiyin,30,1,0,1,0.3439,0.2945,0.0494,4,6,-2,128,162,-34,78.12,71.6,36,30,6,93,129,13,18,11,3,0.0,0.1283,0,3,9,8,22.15,77.85,-55.69,1,1,Draw
3813281,2021-12-11,Indian Super league,2021/2022,Mohun Bagan Super Giant,Chennaiyin,45,1,1,0,0.3596,0.4165,-0.0569,5,8,-3,163,222,-59,74.85,68.02,57,45,12,116,166,18,29,13,5,0.0,0.122,0,2,16,12,30.73,69.27,-38.54,1,1,Draw
3813281,2021-12-11,Indian Super league,2021/2022,Mohun Bagan Super Giant,Chennaiyin,60,1,1,0,0.4226,0.5399,-0.1172,6,10,-4,222,337,-115,73.87,72.7,79,69,10,160,260,26,38,18,7,0.0,0.1233,0,2,19,16,31.01,68.99,-37.98,1,1,Draw
3813281,2021-12-11,Indian Super league,2021/2022,Mohun Bagan Super Giant,Chennaiyin,75,1,1,0,0.6964,0.6253,0.071,8,12,-4,293,390,-97,74.74,72.31,93,86,7,207,300,34,46,22,9,0.0811,0.0328,1,1,8,13,50.41,49.59,0.83,1,1,Draw
3813281,2021-12-11,Indian Super league,2021/2022,Mohun Bagan Super Giant,Chennaiyin,85,1,1,0,0.6964,0.7576,-0.0613,8,14,-6,334,446,-112,73.65,72.65,118,100,18,232,345,37,52,23,11,0.0,0.1323,0,2,25,14,37.8,62.2,-24.41,1,1,Draw
3813285,2021-12-11,Indian Super league,2021/2022,Goa,Bengaluru,15,1,0,1,0.1766,0.0,0.1766,5,0,5,83,54,29,71.08,64.81,22,31,-9,63,28,11,3,1,0,0.1605,0.0,3,0,12,13,75.49,24.51,50.97,2,1,Home Win
3813285,2021-12-11,Indian Super league,2021/2022,Goa,Bengaluru,30,1,0,1,0.1766,0.6062,-0.4297,5,2,3,165,125,40,71.52,65.6,57,51,6,132,77,22,11,3,3,0.0,0.0,0,0,19,9,60.22,39.78,20.44,2,1,Home Win
3813285,2021-12-11,Indian Super league,2021/2022,Goa,Bengaluru,45,1,1,0,0.1766,0.6141,-0.4375,5,3,2,223,170,53,69.96,64.12,74,68,6,171,105,31,16,5,5,0.0,0.0079,0,1,7,11,39.3,60.7,-21.41,2,1,Home Win
3813285,2021-12-11,Indian Super league,2021/2022,Goa,Bengaluru,60,1,1,0,0.2044,0.7632,-0.5587,7,6,1,262,205,57,69.47,63.41,94,89,5,205,121,39,18,7,6,0.0279,0.0,2,0,6,9,74.8,25.2,49.59,2,1,Home Win
3813285,2021-12-11,Indian Super league,2021/2022,Goa,Bengaluru,75,2,1,1,0.7195,0.9259,-0.2065,8,9,-1,275,250,25,69.45,65.6,115,95,20,214,151,42,25,9,6,0.515,0.0727,1,1,9,1,62.98,37.02,25.96,2,1,Home Win
3813285,2021-12-11,Indian Super league,2021/2022,Goa,Bengaluru,85,2,1,1,0.7195,0.955,-0.2355,8,10,-2,291,289,2,68.04,67.13,126,105,21,222,180,44,29,9,6,0.0,0.029,0,1,11,10,30.77,69.23,-38.45,2,1,Home Win
3802683,2021-12-12,Ligue 1,2021/2022,Paris Saint-Germain,AS Monaco,15,1,0,1,1.0713,0.231,0.8403,4,2,2,84,81,3,91.67,88.89,15,33,-18,84,57,10,3,2,2,1.0713,0.0198,4,1,7,10,74.97,25.03,49.94,2,0,Home Win
3802683,2021-12-12,Ligue 1,2021/2022,Paris Saint-Germain,AS Monaco,30,1,0,1,1.0998,0.3462,0.7536,5,5,0,144,155,-11,88.19,88.39,39,54,-15,132,117,14,12,4,7,0.0286,0.1152,1,3,16,16,36.09,63.91,-27.83,2,0,Home Win
3802683,2021-12-12,Ligue 1,2021/2022,Paris Saint-Germain,AS Monaco,45,2,0,2,1.1989,0.451,0.7479,6,8,-2,247,284,-37,88.26,88.38,63,76,-13,224,216,18,19,7,10,0.0991,0.1048,1,3,15,12,39.54,60.46,-20.92,2,0,Home Win
3802683,2021-12-12,Ligue 1,2021/2022,Paris Saint-Germain,AS Monaco,60,2,0,2,1.1989,0.5119,0.687,6,9,-3,368,374,-6,88.32,86.63,80,109,-29,330,276,26,25,11,11,0.0,0.0,0,0,6,22,47.73,52.27,-4.54,2,0,Home Win
3802683,2021-12-12,Ligue 1,2021/2022,Paris Saint-Germain,AS Monaco,75,2,0,2,1.4058,0.5686,0.8372,8,10,-2,464,452,12,87.28,84.96,106,136,-30,420,333,32,35,13,13,0.1604,0.0567,1,1,21,15,52.67,47.33,5.33,2,0,Home Win
3802683,2021-12-12,Ligue 1,2021/2022,Paris Saint-Germain,AS Monaco,85,2,0,2,1.4626,0.5923,0.8703,9,11,-2,534,493,41,87.08,84.38,114,156,-42,483,372,37,45,14,14,0.0568,0.0237,1,1,8,20,46.86,53.14,-6.28,2,0,Home Win
3813310,2021-12-12,Indian Super league,2021/2022,East Bengal,Kerala Blasters,15,0,0,0,0.0963,0.021,0.0753,1,1,0,46,124,-78,63.04,87.9,26,10,16,31,95,7,6,1,2,0.0963,0.021,1,1,13,6,51.22,48.78,2.45,1,1,Draw
3813310,2021-12-12,Indian Super league,2021/2022,East Bengal,Kerala Blasters,30,0,0,0,0.2167,0.1008,0.1159,4,2,2,77,179,-102,62.34,86.03,33,23,10,49,128,11,10,1,2,0.0552,0.0,1,0,6,5,58.55,41.45,17.09,1,1,Draw
3813310,2021-12-12,Indian Super league,2021/2022,East Bengal,Kerala Blasters,45,1,1,0,0.3136,0.1526,0.161,5,5,0,108,245,-137,60.19,82.45,53,29,24,63,168,15,12,1,3,0.0969,0.0186,1,2,11,2,43.57,56.43,-12.86,1,1,Draw
3813310,2021-12-12,Indian Super league,2021/2022,East Bengal,Kerala Blasters,60,1,1,0,0.3664,0.1526,0.2138,7,5,2,153,370,-217,60.13,79.19,87,52,35,97,242,22,19,5,3,0.0059,0.0,1,0,20,18,54.12,45.88,8.23,1,1,Draw
3813310,2021-12-12,Indian Super league,2021/2022,East Bengal,Kerala Blasters,75,1,1,0,0.4196,0.185,0.2346,8,6,2,194,470,-276,57.22,78.72,104,66,38,121,317,31,29,5,5,0.0532,0.0324,1,1,8,7,43.12,56.88,-13.75,1,1,Draw
3813310,2021-12-12,Indian Super league,2021/2022,East Bengal,Kerala Blasters,85,1,1,0,0.4724,0.2174,0.2551,9,8,1,217,526,-309,55.76,78.9,110,76,34,133,359,36,30,5,6,0.0528,0.0323,1,2,6,10,35.22,64.78,-29.55,1,1,Draw
3813290,2021-12-13,Indian Super league,2021/2022,SC Delhi,NorthEast United,15,0,0,0,0.0,0.0,0.0,0,0,0,0,51,-51,0.0,60.78,0,29,-29,0,27,0,10,0,3,0.0,0.0,0,0,0,12,0.0,100.0,-100.0,5,1,Home Win
3813290,2021-12-13,Indian Super league,2021/2022,SC Delhi,NorthEast United,30,0,0,0,0.0,0.1088,-0.1088,0,3,-3,0,119,-119,0.0,64.71,0,47,-47,0,71,0,19,0,5,0.0,0.1088,0,3,0,9,0.0,100.0,-100.0,5,1,Home Win
3813290,2021-12-13,Indian Super league,2021/2022,SC Delhi,NorthEast United,45,0,1,-1,0.0,0.994,-0.994,0,8,-8,0,182,-182,0.0,67.03,0,69,-69,0,109,0,26,0,5,0.0,0.8852,0,5,0,10,0.0,100.0,-100.0,5,1,Home Win
3813290,2021-12-13,Indian Super league,2021/2022,SC Delhi,NorthEast United,60,0,1,-1,0.0,1.3911,-1.3911,0,10,-10,0,254,-254,0.0,66.14,0,85,-85,0,158,0,38,0,9,0.0,0.2717,0,1,0,8,0.0,100.0,-100.0,5,1,Home Win
3813290,2021-12-13,Indian Super league,2021/2022,SC Delhi,NorthEast United,75,0,1,-1,0.0,1.3911,-1.3911,0,10,-10,0,311,-311,0.0,64.95,0,99,-99,0,193,0,46,0,11,0.0,0.0,0,0,0,9,0.0,100.0,-100.0,5,1,Home Win
3813290,2021-12-13,Indian Super league,2021/2022,SC Delhi,NorthEast United,85,0,1,-1,0.0,1.4159,-1.4159,0,11,-11,0,357,-357,0.0,66.39,0,113,-113,0,233,0,53,0,11,0.0,0.0249,0,1,0,14,0.0,100.0,-100.0,5,1,Home Win
3813269,2021-12-14,Indian Super league,2021/2022,Odisha,Jamshedpur,15,0,2,-2,0.0,0.1421,-0.1421,0,3,-3,68,52,16,73.53,71.15,20,16,4,53,42,6,5,2,1,0.0,0.0085,0,1,12,10,47.29,52.71,-5.43,0,4,Away Win
3813269,2021-12-14,Indian Super league,2021/2022,Odisha,Jamshedpur,30,0,3,-3,0.1219,0.3039,-0.182,2,6,-4,173,116,57,80.92,75.0,43,41,2,158,98,18,18,7,3,0.1219,0.0783,2,1,15,14,60.7,39.3,21.4,0,4,Away Win
3813269,2021-12-14,Indian Super league,2021/2022,Odisha,Jamshedpur,45,0,4,-4,0.1219,0.458,-0.3361,2,8,-6,238,164,74,79.41,71.95,61,57,4,202,137,26,27,11,5,0.0,0.0424,0,1,11,12,43.31,56.69,-13.38,0,4,Away Win
3813269,2021-12-14,Indian Super league,2021/2022,Odisha,Jamshedpur,60,0,4,-4,0.1631,0.9795,-0.8164,4,10,-6,323,219,104,78.64,68.95,83,82,1,274,168,45,35,15,8,0.0143,0.5215,1,2,10,12,41.1,58.9,-17.81,0,4,Away Win
3813269,2021-12-14,Indian Super league,2021/2022,Odisha,Jamshedpur,75,0,4,-4,0.3002,1.349,-1.0488,6,16,-10,395,262,133,78.23,66.79,98,103,-5,330,195,58,44,15,9,0.0059,0.3344,1,5,12,15,31.53,68.47,-36.94,0,4,Away Win
3813269,2021-12-14,Indian Super league,2021/2022,Odisha,Jamshedpur,85,0,4,-4,0.3555,1.3892,-1.0337,8,18,-10,431,296,135,77.49,67.23,111,111,0,355,217,65,48,15,9,0.0553,0.0402,2,2,13,8,54.33,45.67,8.65,0,4,Away Win
3813286,2021-12-15,Indian Super league,2021/2022,Mumbai City,Chennaiyin,15,0,0,0,0.088,0.0246,0.0634,2,1,1,136,40,96,84.56,50.0,16,34,-18,121,20,6,12,5,3,0.0674,0.0,1,0,5,21,65.2,34.8,30.4,1,0,Home Win
3813286,2021-12-15,Indian Super league,2021/2022,Mumbai City,Chennaiyin,30,0,0,0,0.2474,0.0246,0.2228,6,1,5,264,91,173,85.98,59.34,29,59,-30,237,58,13,22,6,7,0.1401,0.0,3,0,8,18,72.12,27.88,44.25,1,0,Home Win
3813286,2021-12-15,Indian Super league,2021/2022,Mumbai City,Chennaiyin,45,0,0,0,0.2652,0.5264,-0.2612,7,3,4,386,159,227,85.49,65.41,39,82,-43,339,106,21,29,8,11,0.0178,0.5019,1,2,7,15,38.69,61.31,-22.63,1,0,Home Win
3813286,2021-12-15,Indian Super league,2021/2022,Mumbai City,Chennaiyin,60,0,0,0,0.2704,0.6356,-0.3652,8,5,3,483,211,272,85.3,64.93,51,94,-43,423,133,27,36,10,15,0.0052,0.0423,1,1,9,9,55.92,44.08,11.85,1,0,Home Win
3813286,2021-12-15,Indian Super league,2021/2022,Mumbai City,Chennaiyin,75,0,0,0,0.4957,0.6969,-0.2013,13,6,7,589,246,343,85.23,66.67,64,115,-51,523,167,38,40,13,16,0.2192,0.0613,4,1,6,12,74.56,25.44,49.11,1,0,Home Win
3813286,2021-12-15,Indian Super league,2021/2022,Mumbai City,Chennaiyin,85,1,0,1,0.6706,0.6969,-0.0263,14,6,8,630,266,364,83.81,64.66,66,118,-52,554,174,44,42,15,18,0.175,0.0,1,0,2,3,81.32,18.68,62.63,1,0,Home Win
3813287,2021-12-16,Indian Super league,2021/2022,Bengaluru,Mohun Bagan Super Giant,15,0,0,0,0.3969,0.0,0.3969,5,0,5,77,0,77,68.83,0.0,18,0,18,53,0,12,0,5,0,0.3648,0.0,4,0,7,0,100.0,0.0,100.0,3,3,Draw
3813287,2021-12-16,Indian Super league,2021/2022,Bengaluru,Mohun Bagan Super Giant,30,2,0,2,1.4494,0.0,1.4494,9,0,9,99,0,99,65.66,0.0,32,0,32,66,0,17,0,6,0,0.2691,0.0,3,0,9,0,100.0,0.0,100.0,3,3,Draw
3813287,2021-12-16,Indian Super league,2021/2022,Bengaluru,Mohun Bagan Super Giant,45,2,0,2,1.5088,0.0,1.5088,11,0,11,137,0,137,62.77,0.0,52,0,52,82,0,25,0,9,0,0.0594,0.0,2,0,11,0,100.0,0.0,100.0,3,3,Draw
3813287,2021-12-16,Indian Super league,2021/2022,Bengaluru,Mohun Bagan Super Giant,60,2,0,2,1.6155,0.0,1.6155,12,0,12,183,0,183,61.2,0.0,69,0,69,111,0,29,0,14,0,0.1067,0.0,1,0,8,0,100.0,0.0,100.0,3,3,Draw
3813287,2021-12-16,Indian Super league,2021/2022,Bengaluru,Mohun Bagan Super Giant,75,3,0,3,2.0345,0.0,2.0345,14,0,14,232,0,232,63.36,0.0,85,0,85,144,0,35,0,17,0,0.2032,0.0,1,0,9,0,100.0,0.0,100.0,3,3,Draw
3813287,2021-12-16,Indian Super league,2021/2022,Bengaluru,Mohun Bagan Super Giant,85,3,0,3,2.0641,0.0,2.0641,15,0,15,260,0,260,63.85,0.0,98,0,98,162,0,36,0,18,0,0.0297,0.0,1,0,13,0,100.0,0.0,100.0,3,3,Draw
3813276,2021-12-17,Indian Super league,2021/2022,NorthEast United,East Bengal,15,0,0,0,0.0,0.0945,-0.0945,0,2,-2,86,63,23,70.93,57.14,25,24,1,56,40,11,14,1,3,0.0,0.0,0,0,9,14,55.16,44.84,10.32,2,0,Home Win
3813276,2021-12-17,Indian Super league,2021/2022,NorthEast United,East Bengal,30,0,0,0,0.2049,0.0945,0.1104,1,2,-1,160,126,34,74.38,62.7,46,55,-9,110,77,16,19,2,5,0.0,0.0,0,0,11,15,51.42,48.58,2.84,2,0,Home Win
3813276,2021-12-17,Indian Super league,2021/2022,NorthEast United,East Bengal,45,0,0,0,0.2896,0.407,-0.1174,3,5,-2,232,198,34,74.14,65.66,79,74,5,162,128,22,31,5,9,0.0847,0.3125,2,3,21,14,44.95,55.05,-10.09,2,0,Home Win
3813276,2021-12-17,Indian Super league,2021/2022,NorthEast United,East Bengal,60,1,0,1,0.7372,0.4728,0.2644,10,6,4,295,237,58,74.92,64.98,97,108,-11,210,154,27,38,9,13,0.3153,0.0,4,0,11,24,71.29,28.71,42.58,2,0,Home Win
3813276,2021-12-17,Indian Super league,2021/2022,NorthEast United,East Bengal,75,2,0,2,1.4191,0.4728,0.9463,14,6,8,345,281,64,75.65,65.12,114,122,-8,252,188,32,44,14,14,0.5274,0.0,3,0,14,9,77.2,22.8,54.39,2,0,Home Win
3813276,2021-12-17,Indian Super league,2021/2022,NorthEast United,East Bengal,85,2,0,2,1.5374,0.4728,1.0646,17,6,11,405,330,75,77.28,66.97,125,142,-17,309,232,39,52,17,16,0.1183,0.0,3,0,11,20,64.59,35.41,29.19,2,0,Home Win
3813272,2021-12-18,Indian Super league,2021/2022,Goa,SC Delhi,15,0,0,0,0.1228,0.0,0.1228,2,0,2,124,0,124,78.23,0.0,22,0,22,104,0,17,0,2,0,0.0324,0.0,1,0,12,0,100.0,0.0,100.0,1,1,Draw
3813272,2021-12-18,Indian Super league,2021/2022,Goa,SC Delhi,30,0,0,0,0.1228,0.0,0.1228,2,0,2,204,0,204,77.94,0.0,42,0,42,164,0,21,0,4,0,0.0,0.0,0,0,6,0,100.0,0.0,100.0,1,1,Draw
3813272,2021-12-18,Indian Super league,2021/2022,Goa,SC Delhi,45,0,0,0,0.1432,0.0,0.1432,3,0,3,289,0,289,77.85,0.0,63,0,63,228,0,31,0,4,0,0.0205,0.0,1,0,15,0,100.0,0.0,100.0,1,1,Draw
3813272,2021-12-18,Indian Super league,2021/2022,Goa,SC Delhi,60,0,0,0,0.1804,0.0,0.1804,4,0,4,351,0,351,77.49,0.0,82,0,82,261,0,37,0,7,0,0.0,0.0,0,0,8,0,100.0,0.0,100.0,1,1,Draw
3813272,2021-12-18,Indian Super league,2021/2022,Goa,SC Delhi,75,1,0,1,1.2488,0.0,1.2488,8,0,8,431,0,431,77.03,0.0,94,0,94,331,0,52,0,13,0,0.0,0.0,0,0,5,0,100.0,0.0,100.0,1,1,Draw
3813272,2021-12-18,Indian Super league,2021/2022,Goa,SC Delhi,85,1,0,1,1.2603,0.0,1.2603,9,0,9,461,0,461,76.14,0.0,104,0,104,354,0,57,0,15,0,0.0115,0.0,1,0,10,0,100.0,0.0,100.0,1,1,Draw
3813279,2021-12-18,Indian Super league,2021/2022,Chennaiyin,Odisha,15,0,0,0,0.1368,0.0246,0.1122,3,1,2,73,58,15,75.34,68.97,18,20,-2,57,40,12,5,2,2,0.0827,0.0246,2,1,16,9,62.29,37.71,24.59,2,1,Home Win
3813279,2021-12-18,Indian Super league,2021/2022,Chennaiyin,Odisha,30,1,0,1,0.5121,0.0656,0.4465,8,2,6,162,108,54,82.1,73.15,28,40,-12,129,74,21,9,4,5,0.3569,0.0,4,0,9,12,80.11,19.89,60.23,2,1,Home Win
3813279,2021-12-18,Indian Super league,2021/2022,Chennaiyin,Odisha,45,1,0,1,0.6166,0.1672,0.4494,10,4,6,250,177,73,82.4,75.14,50,68,-18,202,137,33,20,8,6,0.0,0.1017,0,2,13,15,35.1,64.9,-29.8,2,1,Home Win
3813279,2021-12-18,Indian Super league,2021/2022,Chennaiyin,Odisha,60,1,0,1,1.0058,0.248,0.7578,12,7,5,320,246,74,81.88,73.17,72,90,-18,260,192,43,33,12,9,0.0,0.0808,0,3,8,12,24.21,75.79,-51.59,2,1,Home Win
3813279,2021-12-18,Indian Super league,2021/2022,Chennaiyin,Odisha,75,2,0,2,1.0476,0.3115,0.7361,14,8,6,414,297,117,82.13,72.39,85,115,-30,333,230,48,41,13,11,0.0,0.0635,0,1,9,16,37.66,62.34,-24.67,2,1,Home Win
3813279,2021-12-18,Indian Super league,2021/2022,Chennaiyin,Odisha,85,2,0,2,1.9886,0.3115,1.6771,18,8,10,478,332,146,82.22,72.89,96,134,-38,383,250,53,45,13,13,0.9409,0.0,4,0,11,19,78.18,21.82,56.35,2,1,Home Win
3813282,2021-12-19,Indian Super league,2021/2022,Mumbai City,Kerala Blasters,15,0,0,0,0.1362,0.0134,0.1228,3,2,1,72,53,19,72.22,67.92,29,22,7,55,39,10,10,4,6,0.0329,0.0134,1,2,24,12,50.08,49.92,0.16,0,3,Away Win
3813282,2021-12-19,Indian Super league,2021/2022,Mumbai City,Kerala Blasters,30,0,1,-1,0.1362,0.126,0.0102,3,4,-1,119,89,30,68.07,66.29,43,35,8,86,63,17,15,5,12,0.0,0.1126,0,2,5,7,23.25,76.75,-53.5,0,3,Away Win
3813282,2021-12-19,Indian Super league,2021/2022,Mumbai City,Kerala Blasters,45,0,1,-1,0.1875,0.1533,0.0342,4,5,-1,202,137,65,69.31,61.31,57,56,1,149,87,26,24,8,12,0.0513,0.0273,1,1,10,8,56.28,43.72,12.55,0,3,Away Win
3813282,2021-12-19,Indian Super league,2021/2022,Mumbai City,Kerala Blasters,60,0,3,-3,0.2198,1.1852,-0.9653,5,9,-4,271,187,84,69.74,62.57,76,71,5,200,116,34,32,12,16,0.0324,0.1621,1,2,15,13,44.81,55.19,-10.38,0,3,Away Win
3813282,2021-12-19,Indian Super league,2021/2022,Mumbai City,Kerala Blasters,75,0,3,-3,1.1472,1.2431,-0.0959,9,10,-1,380,239,141,72.63,63.6,99,93,6,294,157,47,37,15,22,0.1916,0.0579,2,1,13,15,62.72,37.28,25.44,0,3,Away Win
3813282,2021-12-19,Indian Super league,2021/2022,Mumbai City,Kerala Blasters,85,0,3,-3,1.4056,1.2952,0.1104,13,11,2,430,260,170,72.56,63.08,110,106,4,332,174,54,43,17,23,0.2584,0.0521,4,1,11,13,69.83,30.17,39.65,0,3,Away Win
3813307,2021-12-20,Indian Super league,2021/2022,Jamshedpur,Bengaluru,15,0,0,0,0.226,0.0,0.226,3,0,3,57,62,-5,57.89,58.06,11,22,-11,34,31,8,3,1,2,0.1652,0.0,1,0,6,15,60.07,39.93,20.15,0,0,Draw
3813307,2021-12-20,Indian Super league,2021/2022,Jamshedpur,Bengaluru,30,0,0,0,0.2824,0.0,0.2824,4,0,4,104,127,-23,53.85,63.78,34,34,0,62,87,17,15,1,5,0.0,0.0,0,0,11,10,46.02,53.98,-7.96,0,0,Draw
3813307,2021-12-20,Indian Super league,2021/2022,Jamshedpur,Bengaluru,45,0,0,0,0.3071,0.1846,0.1225,5,3,2,133,204,-71,53.38,67.65,43,51,-8,86,143,30,22,3,5,0.0248,0.1846,1,3,6,7,29.97,70.03,-40.06,0,0,Draw
3813307,2021-12-20,Indian Super league,2021/2022,Jamshedpur,Bengaluru,60,0,0,0,0.4294,0.2981,0.1314,8,5,3,175,277,-102,55.43,69.31,60,63,-3,112,194,36,28,4,5,0.0508,0.1135,2,2,10,9,47.58,52.42,-4.84,0,0,Draw
3813307,2021-12-20,Indian Super league,2021/2022,Jamshedpur,Bengaluru,75,0,0,0,0.7417,0.2981,0.4437,12,5,7,217,355,-138,54.84,71.55,72,75,-3,143,254,47,36,6,5,0.3123,0.0,4,0,10,10,73.92,26.08,47.84,0,0,Draw
3813307,2021-12-20,Indian Super league,2021/2022,Jamshedpur,Bengaluru,85,0,0,0,0.7417,0.6354,0.1064,12,7,5,234,395,-161,52.56,71.65,85,81,4,153,286,54,41,6,8,0.0,0.3373,0,2,13,6,28.48,71.52,-43.04,0,0,Draw
3813306,2021-12-21,Indian Super league,2021/2022,NorthEast United,Mohun Bagan Super Giant,15,1,0,1,0.1172,0.0,0.1172,3,0,3,40,0,40,55.0,0.0,31,0,31,29,0,7,0,10,0,0.0,0.0,0,0,20,0,100.0,0.0,100.0,2,3,Away Win
3813306,2021-12-21,Indian Super league,2021/2022,NorthEast United,Mohun Bagan Super Giant,30,1,0,1,0.1823,0.0,0.1823,5,0,5,86,0,86,59.3,0.0,60,0,60,70,0,17,0,12,0,0.0387,0.0,1,0,26,0,100.0,0.0,100.0,2,3,Away Win
3813306,2021-12-21,Indian Super league,2021/2022,NorthEast United,Mohun Bagan Super Giant,45,1,0,1,0.2787,0.0,0.2787,8,0,8,147,0,147,61.9,0.0,83,0,83,117,0,26,0,17,0,0.0821,0.0,2,0,13,0,100.0,0.0,100.0,2,3,Away Win
3813306,2021-12-21,Indian Super league,2021/2022,NorthEast United,Mohun Bagan Super Giant,60,1,0,1,1.287,0.0,1.287,13,0,13,246,0,246,66.67,0.0,123,0,123,201,0,40,0,29,0,0.1288,0.0,2,0,27,0,100.0,0.0,100.0,2,3,Away Win
3813306,2021-12-21,Indian Super league,2021/2022,NorthEast United,Mohun Bagan Super Giant,75,1,0,1,1.3144,0.0,1.3144,14,0,14,297,0,297,65.32,0.0,156,0,156,236,0,44,0,33,0,0.0274,0.0,1,0,20,0,100.0,0.0,100.0,2,3,Away Win
3813306,2021-12-21,Indian Super league,2021/2022,NorthEast United,Mohun Bagan Super Giant,85,1,0,1,1.3502,0.0,1.3502,16,0,16,332,0,332,66.57,0.0,177,0,177,270,0,49,0,36,0,0.0358,0.0,2,0,21,0,100.0,0.0,100.0,2,3,Away Win
3802690,2021-12-22,Ligue 1,2021/2022,Lorient,Paris Saint-Germain,15,0,0,0,0.7052,0.3745,0.3307,4,2,2,41,163,-122,65.85,90.8,38,19,19,33,144,6,10,5,2,0.7052,0.0,4,0,20,11,71.14,28.86,42.29,1,1,Draw
3802690,2021-12-22,Ligue 1,2021/2022,Lorient,Paris Saint-Germain,30,0,0,0,0.8369,0.4252,0.4118,8,4,4,90,322,-232,70.0,90.68,61,42,19,77,273,15,17,10,3,0.0672,0.0352,1,1,15,15,39.76,60.24,-20.47,1,1,Draw
3802690,2021-12-22,Ligue 1,2021/2022,Lorient,Paris Saint-Germain,45,1,0,1,0.9963,0.552,0.4443,11,6,5,135,449,-314,72.59,90.42,75,61,14,120,381,24,25,11,6,0.1593,0.0,3,0,11,11,68.72,31.28,37.43,1,1,Draw
3802690,2021-12-22,Ligue 1,2021/2022,Lorient,Paris Saint-Germain,60,1,0,1,1.1137,1.0669,0.0468,13,8,5,186,577,-391,73.12,90.81,99,87,12,169,484,32,34,16,7,0.0245,0.5149,1,2,22,12,35.59,64.41,-28.82,1,1,Draw
3802690,2021-12-22,Ligue 1,2021/2022,Lorient,Paris Saint-Germain,75,1,0,1,1.1994,1.2393,-0.04,15,11,4,229,721,-492,70.74,89.32,120,109,11,208,600,43,45,22,12,0.0418,0.0723,1,1,14,16,41.39,58.61,-17.22,1,1,Draw
3802690,2021-12-22,Ligue 1,2021/2022,Lorient,Paris Saint-Germain,85,1,0,1,1.1994,1.5194,-0.32,15,14,1,238,796,-558,68.91,88.94,128,114,14,214,659,48,48,23,12,0.0,0.2801,0,3,8,5,15.87,84.13,-68.26,1,1,Draw
3813278,2021-12-22,Indian Super league,2021/2022,Chennaiyin,Kerala Blasters,15,0,1,-1,0.0,0.1616,-0.1616,0,2,-2,64,110,-46,73.44,80.91,28,14,14,36,87,10,6,5,2,0.0,0.1616,0,2,15,4,36.7,63.3,-26.6,0,3,Away Win
3813278,2021-12-22,Indian Super league,2021/2022,Chennaiyin,Kerala Blasters,30,0,1,-1,0.3105,0.2989,0.0116,2,5,-3,128,196,-68,73.44,76.02,46,27,19,81,147,19,16,8,3,0.3105,0.1373,2,3,14,10,47.36,52.64,-5.29,0,3,Away Win
3813278,2021-12-22,Indian Super league,2021/2022,Chennaiyin,Kerala Blasters,45,0,2,-2,0.3105,0.8676,-0.557,2,7,-5,214,262,-48,70.09,74.05,69,38,31,130,197,31,27,10,7,0.0,0.5687,0,2,18,9,38.69,61.31,-22.63,0,3,Away Win
3813278,2021-12-22,Indian Super league,2021/2022,Chennaiyin,Kerala Blasters,60,0,2,-2,0.3596,1.2825,-0.9229,3,10,-7,304,330,-26,70.07,71.82,89,59,30,187,247,40,35,11,14,0.0,0.0,0,0,12,13,52.39,47.61,4.78,0,3,Away Win
3813278,2021-12-22,Indian Super league,2021/2022,Chennaiyin,Kerala Blasters,75,0,2,-2,0.5957,1.2825,-0.6868,7,10,-3,393,408,-15,71.76,73.04,118,77,41,248,320,52,45,11,17,0.2361,0.0,4,0,12,13,80.27,19.73,60.54,0,3,Away Win
3813278,2021-12-22,Indian Super league,2021/2022,Chennaiyin,Kerala Blasters,85,0,3,-3,0.6508,1.3177,-0.6669,9,11,-2,430,434,-4,72.56,72.58,131,82,49,274,339,58,49,11,21,0.0551,0.0353,2,1,13,5,65.52,34.48,31.05,0,3,Away Win
3813304,2021-12-23,Indian Super league,2021/2022,SC Delhi,East Bengal,15,0,0,0,0.0,0.0,0.0,0,0,0,0,64,-64,0.0,62.5,0,31,-31,0,46,0,9,0,5,0.0,0.0,0,0,0,18,0.0,100.0,-100.0,1,1,Draw
3813304,2021-12-23,Indian Super league,2021/2022,SC Delhi,East Bengal,30,0,1,-1,0.0,0.4319,-0.4319,0,2,-2,0,103,-103,0.0,61.17,0,44,-44,0,76,0,14,0,9,0.0,0.3871,0,1,0,8,0.0,100.0,-100.0,1,1,Draw
3813304,2021-12-23,Indian Super league,2021/2022,SC Delhi,East Bengal,45,0,1,-1,0.0,0.5743,-0.5743,0,5,-5,0,142,-142,0.0,59.15,0,63,-63,0,96,0,20,0,11,0.0,0.0704,0,2,0,11,0.0,100.0,-100.0,1,1,Draw
3813304,2021-12-23,Indian Super league,2021/2022,SC Delhi,East Bengal,60,0,1,-1,0.0,0.5743,-0.5743,0,5,-5,0,196,-196,0.0,59.69,0,83,-83,0,128,0,25,0,15,0.0,0.0,0,0,0,9,0.0,100.0,-100.0,1,1,Draw
3813304,2021-12-23,Indian Super league,2021/2022,SC Delhi,East Bengal,75,0,1,-1,0.0,0.5862,-0.5862,0,6,-6,0,225,-225,0.0,59.11,0,90,-90,0,145,0,29,0,17,0.0,0.0119,0,1,0,2,0.0,100.0,-100.0,1,1,Draw
3813304,2021-12-23,Indian Super league,2021/2022,SC Delhi,East Bengal,85,0,1,-1,0.0,0.635,-0.635,0,7,-7,0,244,-244,0.0,57.38,0,105,-105,0,159,0,37,0,19,0.0,0.0489,0,1,0,15,0.0,100.0,-100.0,1,1,Draw
3813308,2021-12-24,Indian Super league,2021/2022,Odisha,Goa,15,0,0,0,0.2505,0.1344,0.1162,2,1,1,64,102,-38,73.44,83.33,32,16,16,43,92,8,5,2,6,0.1953,0.1344,1,1,17,11,51.03,48.97,2.06,1,1,Draw
3813308,2021-12-24,Indian Super league,2021/2022,Odisha,Goa,30,0,0,0,0.2505,0.3163,-0.0658,2,4,-2,127,215,-88,74.02,85.12,67,36,31,88,200,16,14,5,11,0.0,0.1819,0,3,25,11,29.81,70.19,-40.38,1,1,Draw
3813308,2021-12-24,Indian Super league,2021/2022,Odisha,Goa,45,0,1,-1,0.3222,1.2222,-0.9,4,8,-4,181,263,-82,74.59,84.79,86,57,29,113,241,21,18,5,12,0.0716,0.5887,2,2,14,17,43.22,56.78,-13.56,1,1,Draw
3813308,2021-12-24,Indian Super league,2021/2022,Odisha,Goa,60,1,1,0,0.7078,1.2387,-0.5309,7,9,-2,253,354,-101,72.33,81.07,119,83,36,170,314,37,34,9,14,0.3857,0.0166,3,1,14,17,62.68,37.32,25.36,1,1,Draw
3813308,2021-12-24,Indian Super league,2021/2022,Odisha,Goa,75,1,1,0,0.9581,1.2705,-0.3124,11,11,0,323,422,-99,72.14,80.57,143,95,48,214,377,45,50,10,16,0.2335,0.0211,3,1,13,7,66.6,33.4,33.21,1,1,Draw
3813308,2021-12-24,Indian Super league,2021/2022,Odisha,Goa,85,1,1,0,1.0101,1.2705,-0.2604,12,11,1,371,491,-120,71.97,80.45,157,111,46,249,434,53,56,12,20,0.052,0.0,1,0,14,16,53.19,46.81,6.38,1,1,Draw
3813275,2021-12-26,Indian Super league,2021/2022,Kerala Blasters,Jamshedpur,15,0,1,-1,0.0,0.5234,-0.5234,0,8,-8,61,72,-11,65.57,66.67,21,24,-3,28,41,7,10,1,1,0.0,0.4874,0,7,14,20,16.84,83.16,-66.32,1,1,Draw
3813275,2021-12-26,Indian Super league,2021/2022,Kerala Blasters,Jamshedpur,30,1,1,0,0.7174,0.6982,0.0192,2,10,-8,121,119,2,66.12,62.18,35,48,-13,66,64,21,18,1,4,0.7174,0.0,2,0,10,15,72.47,27.53,44.94,1,1,Draw
3813275,2021-12-26,Indian Super league,2021/2022,Kerala Blasters,Jamshedpur,45,1,1,0,0.7452,0.7317,0.0135,3,11,-8,179,167,12,67.6,63.47,58,69,-11,99,102,27,28,3,6,0.0278,0.0335,1,1,17,15,49.94,50.06,-0.12,1,1,Draw
3813275,2021-12-26,Indian Super league,2021/2022,Kerala Blasters,Jamshedpur,60,1,1,0,0.8432,0.8342,0.0089,6,13,-7,267,253,14,67.04,62.85,91,108,-17,166,161,45,46,8,8,0.0319,0.1026,2,2,21,27,49.73,50.27,-0.55,1,1,Draw
3813275,2021-12-26,Indian Super league,2021/2022,Kerala Blasters,Jamshedpur,75,1,1,0,0.8432,0.867,-0.0238,6,14,-8,328,312,16,67.38,63.14,111,130,-19,211,200,49,61,12,9,0.0,0.0328,0,1,14,12,40.88,59.12,-18.23,1,1,Draw
3813275,2021-12-26,Indian Super league,2021/2022,Kerala Blasters,Jamshedpur,85,1,1,0,0.875,1.1932,-0.3183,7,18,-11,363,350,13,68.04,64.29,124,151,-27,244,219,55,64,14,9,0.0318,0.3262,1,4,13,21,31.53,68.47,-36.93,1,1,Draw
3813318,2021-12-27,Indian Super league,2021/2022,NorthEast United,Mumbai City,15,0,0,0,0.2662,0.316,-0.0499,4,5,-1,28,84,-56,57.14,77.38,28,27,1,29,56,13,12,8,1,0.2662,0.1378,4,4,20,15,50.53,49.47,1.06,3,3,Draw
3813318,2021-12-27,Indian Super league,2021/2022,NorthEast United,Mumbai City,30,1,0,1,0.7674,0.4149,0.3525,7,7,0,57,165,-108,64.91,77.58,55,48,7,55,112,18,19,14,4,0.5012,0.0,3,0,13,12,73.87,26.13,47.74,3,3,Draw
3813318,2021-12-27,Indian Super league,2021/2022,NorthEast United,Mumbai City,45,1,2,-1,0.835,0.7696,0.0653,9,9,0,122,259,-137,68.85,79.15,85,77,8,116,177,29,27,22,6,0.0676,0.0845,2,1,18,18,56.48,43.52,12.95,3,3,Draw
3813318,2021-12-27,Indian Super league,2021/2022,NorthEast United,Mumbai City,60,2,3,-1,1.4977,1.2798,0.2179,11,12,-1,165,344,-179,70.91,79.94,119,100,19,152,252,35,33,26,8,0.5309,0.5102,1,3,24,16,40.13,59.87,-19.74,3,3,Draw
3813318,2021-12-27,Indian Super league,2021/2022,NorthEast United,Mumbai City,75,2,3,-1,1.5654,1.6613,-0.0959,12,16,-4,219,418,-199,70.78,79.67,153,117,36,194,312,44,42,30,10,0.0676,0.3815,1,4,23,9,37.43,62.57,-25.15,3,3,Draw
3813318,2021-12-27,Indian Super league,2021/2022,NorthEast United,Mumbai City,85,3,3,0,2.2043,1.6613,0.543,14,16,-2,246,461,-215,69.11,79.61,177,128,49,215,346,50,48,31,10,0.639,0.0,2,0,24,11,74.51,25.49,49.01,3,3,Draw
3813295,2021-12-28,Indian Super league,2021/2022,SC Delhi,Odisha,15,0,1,-1,0.0,0.0,0.0,0,0,0,0,55,-55,0.0,61.82,0,21,-21,0,37,0,6,0,4,0.0,0.0,0,0,0,10,0.0,100.0,-100.0,6,1,Home Win
3813295,2021-12-28,Indian Super league,2021/2022,SC Delhi,Odisha,30,0,1,-1,0.0,0.7951,-0.7951,0,6,-6,0,109,-109,0.0,72.48,0,39,-39,0,84,0,17,0,7,0.0,0.0508,0,2,0,13,0.0,100.0,-100.0,6,1,Home Win
3813295,2021-12-28,Indian Super league,2021/2022,SC Delhi,Odisha,45,0,1,-1,0.0,0.8649,-0.8649,0,8,-8,0,155,-155,0.0,70.97,0,63,-63,0,115,0,21,0,9,0.0,0.0535,0,1,0,20,0.0,100.0,-100.0,6,1,Home Win
3813295,2021-12-28,Indian Super league,2021/2022,SC Delhi,Odisha,60,0,1,-1,0.0,0.8649,-0.8649,0,8,-8,0,231,-231,0.0,72.73,0,89,-89,0,175,0,28,0,11,0.0,0.0,0,0,0,15,0.0,100.0,-100.0,6,1,Home Win
3813295,2021-12-28,Indian Super league,2021/2022,SC Delhi,Odisha,75,0,1,-1,0.0,0.8707,-0.8707,0,9,-9,0,295,-295,0.0,72.88,0,112,-112,0,224,0,36,0,13,0.0,0.0,0,0,0,16,0.0,100.0,-100.0,6,1,Home Win
3813295,2021-12-28,Indian Super league,2021/2022,SC Delhi,Odisha,85,0,1,-1,0.0,0.8707,-0.8707,0,9,-9,0,327,-327,0.0,72.48,0,128,-128,0,243,0,40,0,15,0.0,0.0,0,0,0,16,0.0,100.0,-100.0,6,1,Home Win
3813303,2021-12-29,Indian Super league,2021/2022,Mohun Bagan Super Giant,Goa,15,0,0,0,0.0,0.236,-0.236,0,2,-2,132,91,41,87.88,82.42,36,37,-1,105,79,7,6,2,1,0.0,0.0234,0,1,14,22,46.62,53.38,-6.76,2,1,Home Win
3813303,2021-12-29,Indian Super league,2021/2022,Mohun Bagan Super Giant,Goa,30,1,0,1,0.0488,0.4327,-0.3839,3,6,-3,185,145,40,84.86,82.07,55,55,0,151,118,12,14,7,4,0.0488,0.0321,3,2,12,13,55.05,44.95,10.11,2,1,Home Win
3813303,2021-12-29,Indian Super league,2021/2022,Mohun Bagan Super Giant,Goa,45,1,0,1,0.1299,0.4327,-0.3028,4,6,-2,243,212,31,83.54,81.13,83,78,5,204,171,18,19,11,6,0.0811,0.0,1,0,23,22,58.49,41.51,16.99,2,1,Home Win
3813303,2021-12-29,Indian Super league,2021/2022,Mohun Bagan Super Giant,Goa,60,2,0,2,0.2457,0.648,-0.4023,7,9,-2,326,296,30,83.13,80.74,119,101,18,272,248,27,30,18,8,0.0849,0.066,2,1,17,14,55.79,44.21,11.57,2,1,Home Win
3813303,2021-12-29,Indian Super league,2021/2022,Mohun Bagan Super Giant,Goa,75,2,0,2,0.2457,0.7592,-0.5135,7,12,-5,380,399,-19,81.32,82.21,155,125,30,312,345,33,41,21,9,0.0,0.1112,0,3,22,20,31.72,68.28,-36.56,2,1,Home Win
3813303,2021-12-29,Indian Super league,2021/2022,Mohun Bagan Super Giant,Goa,85,2,1,1,0.2457,0.8005,-0.5548,7,13,-6,406,463,-57,80.3,82.07,176,144,32,332,406,38,48,26,10,0.0,0.0413,0,1,21,19,35.78,64.22,-28.45,2,1,Home Win
3813283,2021-12-30,Indian Super league,2021/2022,Chennaiyin,Bengaluru,15,1,0,1,0.2022,0.0,0.2022,3,0,3,69,98,-29,75.36,79.59,31,31,0,38,76,12,5,5,2,0.0229,0.0,2,0,21,20,60.83,39.17,21.67,2,4,Away Win
3813283,2021-12-30,Indian Super league,2021/2022,Chennaiyin,Bengaluru,30,1,0,1,0.3845,0.3001,0.0844,5,4,1,129,152,-23,75.97,79.61,45,56,-11,80,128,17,11,9,4,0.0,0.1024,0,3,10,23,26.09,73.91,-47.83,2,4,Away Win
3813283,2021-12-30,Indian Super league,2021/2022,Chennaiyin,Bengaluru,45,1,2,-1,0.3845,1.3118,-0.9272,5,8,-3,166,229,-63,72.89,79.48,61,69,-8,95,186,21,20,17,5,0.0,0.9716,0,3,8,9,15.25,84.75,-69.5,2,4,Away Win
3813283,2021-12-30,Indian Super league,2021/2022,Chennaiyin,Bengaluru,60,2,2,0,0.5914,1.4216,-0.8301,8,10,-2,246,312,-66,72.76,78.21,97,105,-8,136,241,32,28,21,8,0.1159,0.0208,2,1,29,24,57.46,42.54,14.91,2,4,Away Win
3813283,2021-12-30,Indian Super league,2021/2022,Chennaiyin,Bengaluru,75,2,4,-2,0.5914,1.8149,-1.2234,8,12,-4,297,371,-74,72.73,77.09,111,114,-3,157,278,34,36,23,10,0.0,0.3933,0,2,7,3,19.85,80.15,-60.29,2,4,Away Win
3813283,2021-12-30,Indian Super league,2021/2022,Chennaiyin,Bengaluru,85,2,4,-2,0.6386,1.9849,-1.3463,9,14,-5,350,403,-53,73.71,76.67,120,128,-8,187,302,37,43,23,13,0.0471,0.17,1,2,9,14,39.28,60.72,-21.45,2,4,Away Win
3813271,2022-01-02,Indian Super league,2021/2022,Kerala Blasters,Goa,15,1,0,1,0.8317,0.0,0.8317,5,0,5,54,94,-40,62.96,79.79,32,14,18,30,64,6,6,3,4,0.6774,0.0,4,0,23,7,80.81,19.19,61.62,2,2,Draw
3813271,2022-01-02,Indian Super league,2021/2022,Kerala Blasters,Goa,30,2,1,1,0.8712,0.2098,0.6614,7,5,2,106,174,-68,64.15,82.18,61,30,31,62,130,10,18,9,5,0.0337,0.1917,1,4,16,12,31.76,68.24,-36.49,2,2,Draw
3813271,2022-01-02,Indian Super league,2021/2022,Kerala Blasters,Goa,45,2,2,0,1.3413,0.2806,1.0607,8,8,0,139,241,-102,64.75,78.84,81,41,40,83,178,14,24,14,9,0.0,0.0708,0,3,12,5,25.66,74.34,-48.68,2,2,Draw
3813271,2022-01-02,Indian Super league,2021/2022,Kerala Blasters,Goa,60,2,2,0,1.3413,0.4587,0.8827,8,13,-5,183,329,-146,63.39,79.94,121,62,59,114,262,18,42,19,11,0.0,0.1711,0,4,24,11,27.87,72.13,-44.26,2,2,Draw
3813271,2022-01-02,Indian Super league,2021/2022,Kerala Blasters,Goa,75,2,2,0,1.3846,0.7066,0.678,9,16,-7,245,387,-142,65.71,79.33,154,85,69,161,313,26,52,20,12,0.0433,0.2043,1,1,27,20,51.07,48.93,2.15,2,2,Draw
3813271,2022-01-02,Indian Super league,2021/2022,Kerala Blasters,Goa,85,2,2,0,1.3846,0.7992,0.5854,9,18,-9,271,479,-208,64.94,79.96,172,99,73,179,387,31,58,25,13,0.0,0.0926,0,2,18,14,28.65,71.35,-42.7,2,2,Draw
3813311,2022-01-02,Indian Super league,2021/2022,Jamshedpur,Chennaiyin,15,0,0,0,0.2425,0.246,-0.0035,4,1,3,80,91,-11,73.75,73.63,23,29,-6,56,56,12,5,2,3,0.1057,0.246,2,1,19,14,54.88,45.12,9.77,0,1,Away Win
3813311,2022-01-02,Indian Super league,2021/2022,Jamshedpur,Chennaiyin,30,0,1,-1,0.3964,0.3834,0.013,6,3,3,139,152,-13,73.38,71.71,40,62,-22,101,85,18,13,4,6,0.1269,0.1375,1,2,16,13,41.84,58.16,-16.31,0,1,Away Win
3813311,2022-01-02,Indian Super league,2021/2022,Jamshedpur,Chennaiyin,45,0,1,-1,0.5738,0.3834,0.1904,9,3,6,238,199,39,76.05,68.84,53,93,-40,183,120,27,22,6,9,0.1774,0.0,3,0,9,23,65.96,34.04,31.92,0,1,Away Win
3813311,2022-01-02,Indian Super league,2021/2022,Jamshedpur,Chennaiyin,60,0,1,-1,0.6554,0.4816,0.1738,11,4,7,335,253,82,77.01,68.77,69,126,-57,257,166,35,31,7,14,0.0488,0.0982,1,1,14,18,50.2,49.8,0.4,0,1,Away Win
3813311,2022-01-02,Indian Super league,2021/2022,Jamshedpur,Chennaiyin,75,0,1,-1,0.9599,0.4978,0.4621,17,6,11,413,297,116,76.76,69.7,85,147,-62,318,209,43,42,9,20,0.2998,0.0061,5,1,9,13,70.46,29.54,40.91,0,1,Away Win
3813311,2022-01-02,Indian Super league,2021/2022,Jamshedpur,Chennaiyin,85,0,1,-1,1.2762,0.5061,0.77,18,7,11,440,314,126,76.36,69.11,93,150,-57,339,219,47,43,10,23,0.3163,0.0084,1,1,8,3,66.61,33.39,33.22,0,1,Away Win
3813273,2022-01-03,Indian Super league,2021/2022,Odisha,Mumbai City,15,1,1,0,0.0744,0.3199,-0.2455,1,5,-4,72,68,4,75.0,79.41,26,21,5,54,56,3,10,2,2,0.0,0.2983,0,4,18,7,24.57,75.43,-50.85,4,2,Home Win
3813273,2022-01-03,Indian Super league,2021/2022,Odisha,Mumbai City,30,1,1,0,0.0744,0.5873,-0.513,1,9,-8,133,176,-43,75.94,86.93,53,41,12,102,154,6,17,4,8,0.0,0.2675,0,4,20,15,26.32,73.68,-47.35,4,2,Home Win
3813273,2022-01-03,Indian Super league,2021/2022,Odisha,Mumbai City,45,1,2,-1,0.0744,0.7737,-0.6993,1,12,-11,178,324,-146,74.72,88.89,87,51,36,138,280,14,21,5,10,0.0,0.1697,0,2,21,7,35.39,64.61,-29.23,4,2,Home Win
3813273,2022-01-03,Indian Super league,2021/2022,Odisha,Mumbai City,60,1,2,-1,0.1646,0.8268,-0.6622,3,14,-11,240,400,-160,74.17,87.75,105,74,31,184,349,20,28,9,11,0.0649,0.0,1,0,11,15,57.12,42.88,14.24,4,2,Home Win
3813273,2022-01-03,Indian Super league,2021/2022,Odisha,Mumbai City,75,2,2,0,0.6825,0.8268,-0.1443,5,14,-9,277,423,-146,75.09,87.23,116,89,27,214,368,25,36,9,14,0.3257,0.0,1,0,4,7,73.45,26.55,46.9,4,2,Home Win
3813273,2022-01-03,Indian Super league,2021/2022,Odisha,Mumbai City,85,3,2,1,0.9822,0.8908,0.0914,7,15,-8,300,462,-162,74.67,86.58,128,101,27,231,395,28,39,12,15,0.2997,0.064,2,1,12,12,58.29,41.71,16.58,4,2,Home Win
3813293,2022-01-04,Indian Super league,2021/2022,Bengaluru,East Bengal,15,0,0,0,0.1218,0.0674,0.0545,1,1,0,116,51,65,81.03,66.67,26,19,7,89,36,5,8,2,3,0.0,0.0674,0,1,20,9,54.84,45.16,9.67,1,1,Draw
3813293,2022-01-04,Indian Super league,2021/2022,Bengaluru,East Bengal,30,0,1,-1,0.1378,0.1557,-0.0179,2,3,-1,213,83,130,80.75,65.06,37,32,5,174,53,16,13,3,6,0.0,0.0328,0,1,10,9,54.36,45.64,8.72,1,1,Draw
3813293,2022-01-04,Indian Super league,2021/2022,Bengaluru,East Bengal,45,0,1,-1,0.2988,0.262,0.0367,3,4,-1,310,124,186,81.29,61.29,50,51,-1,252,80,22,18,5,9,0.1609,0.1064,1,1,11,8,57.19,42.81,14.38,1,1,Draw
3813293,2022-01-04,Indian Super league,2021/2022,Bengaluru,East Bengal,60,1,1,0,0.3464,0.3306,0.0158,5,5,0,435,160,275,82.3,56.25,63,74,-11,356,95,28,23,6,14,0.0296,0.0685,1,1,8,16,55.9,44.1,11.79,1,1,Draw
3813293,2022-01-04,Indian Super league,2021/2022,Bengaluru,East Bengal,75,1,1,0,0.6817,0.3306,0.3511,8,5,3,523,192,331,82.22,55.73,81,92,-11,425,118,43,27,6,18,0.299,0.0,2,0,15,9,79.24,20.76,58.48,1,1,Draw
3813293,2022-01-04,Indian Super league,2021/2022,Bengaluru,East Bengal,85,1,1,0,0.6817,0.3306,0.3511,8,5,3,585,219,366,81.37,54.79,90,105,-15,468,135,46,30,8,21,0.0,0.0,0,0,9,13,55.28,44.72,10.57,1,1,Draw
3813264,2022-01-05,Indian Super league,2021/2022,Mohun Bagan Super Giant,SC Delhi,15,1,0,1,0.0332,0.2586,-0.2254,1,3,-2,74,94,-20,72.97,68.09,14,17,-3,48,69,9,14,2,3,0.0,0.0222,0,1,10,11,35.55,64.45,-28.91,2,2,Draw
3813264,2022-01-05,Indian Super league,2021/2022,Mohun Bagan Super Giant,SC Delhi,30,1,1,0,0.0612,0.898,-0.8369,2,8,-6,165,141,24,80.61,71.63,18,25,-7,119,111,14,20,3,6,0.0279,0.2407,1,3,2,7,38.45,61.55,-23.1,2,2,Draw
3813264,2022-01-05,Indian Super league,2021/2022,Mohun Bagan Super Giant,SC Delhi,45,1,1,0,0.069,0.898,-0.8291,3,8,-5,199,177,22,80.4,71.75,29,34,-5,146,135,23,23,3,7,0.0,0.0,0,0,7,8,56.04,43.96,12.09,2,2,Draw
3813264,2022-01-05,Indian Super league,2021/2022,Mohun Bagan Super Giant,SC Delhi,60,1,1,0,0.3085,1.0021,-0.6936,7,11,-4,331,261,70,80.36,72.03,51,65,-14,239,199,32,31,6,11,0.1817,0.0634,2,2,16,27,49.23,50.77,-1.55,2,2,Draw
3813264,2022-01-05,Indian Super league,2021/2022,Mohun Bagan Super Giant,SC Delhi,75,2,1,1,0.5647,1.0509,-0.4862,11,13,-2,389,319,70,80.98,72.41,61,80,-19,290,247,36,39,10,11,0.0934,0.0488,2,2,8,8,49.06,50.94,-1.88,2,2,Draw
3813264,2022-01-05,Indian Super league,2021/2022,Mohun Bagan Super Giant,SC Delhi,85,2,1,1,0.7276,1.3054,-0.5779,12,17,-5,434,369,65,79.95,72.09,67,89,-22,322,288,43,48,11,12,0.1629,0.2546,1,4,6,9,31.56,68.44,-36.88,2,2,Draw
3813302,2022-01-06,Indian Super league,2021/2022,Jamshedpur,NorthEast United,15,0,1,-1,0.5122,0.3647,0.1475,1,3,-2,90,102,-12,65.56,74.51,34,20,14,64,70,14,7,4,2,0.5122,0.0507,1,2,16,14,52.97,47.03,5.94,3,2,Home Win
3813302,2022-01-06,Indian Super league,2021/2022,Jamshedpur,NorthEast United,30,0,1,-1,0.6858,0.3647,0.321,4,3,1,167,172,-5,70.06,73.84,50,34,16,122,124,23,16,8,5,0.0908,0.0,2,0,9,10,66.93,33.07,33.86,3,2,Home Win
3813302,2022-01-06,Indian Super league,2021/2022,Jamshedpur,NorthEast United,45,1,1,0,0.999,0.3942,0.6048,7,4,3,232,218,14,70.69,69.72,62,51,11,170,149,35,23,10,6,0.3132,0.0,3,0,9,12,74.8,25.2,49.59,3,2,Home Win
3813302,2022-01-06,Indian Super league,2021/2022,Jamshedpur,NorthEast United,60,2,1,1,2.5261,0.3942,2.1319,16,4,12,313,285,28,70.93,67.37,90,79,11,236,192,52,31,16,7,1.4336,0.0,7,0,16,19,83.12,16.88,66.24,3,2,Home Win
3813302,2022-01-06,Indian Super league,2021/2022,Jamshedpur,NorthEast United,75,2,1,1,2.8351,0.4184,2.4167,19,5,14,365,399,-34,71.78,72.93,135,92,43,276,294,60,39,22,9,0.0361,0.0,1,0,33,8,61.17,38.83,22.33,3,2,Home Win
3813302,2022-01-06,Indian Super league,2021/2022,Jamshedpur,NorthEast United,85,2,1,1,2.8463,0.5629,2.2834,20,6,14,393,432,-39,71.25,72.45,149,105,44,295,315,62,44,23,9,0.0112,0.1445,1,1,14,13,46.28,53.72,-7.45,3,2,Home Win
3813265,2022-01-07,Indian Super league,2021/2022,East Bengal,Mumbai City,15,0,0,0,0.2519,0.0488,0.2031,3,1,2,35,82,-47,45.71,75.61,30,16,14,20,51,7,6,0,2,0.2519,0.0488,3,1,21,11,64.54,35.46,29.08,0,0,Draw
3813265,2022-01-07,Indian Super league,2021/2022,East Bengal,Mumbai City,30,0,0,0,0.2519,0.1133,0.1385,3,3,0,66,178,-112,51.52,79.21,48,32,16,40,131,12,16,3,4,0.0,0.0646,0,2,9,10,20.19,79.81,-59.61,0,0,Draw
3813265,2022-01-07,Indian Super league,2021/2022,East Bengal,Mumbai City,45,0,0,0,0.2519,0.1582,0.0937,3,5,-2,114,269,-155,55.26,80.3,80,51,29,72,205,21,28,6,7,0.0,0.0449,0,2,18,11,33.03,66.97,-33.95,0,0,Draw
3813265,2022-01-07,Indian Super league,2021/2022,East Bengal,Mumbai City,60,0,0,0,0.3829,0.4721,-0.0892,5,10,-5,156,377,-221,56.41,79.84,106,70,36,106,284,34,42,11,8,0.1056,0.2856,1,4,15,13,30.25,69.75,-39.49,0,0,Draw
3813265,2022-01-07,Indian Super league,2021/2022,East Bengal,Mumbai City,75,0,0,0,0.3829,0.4882,-0.1053,5,11,-6,184,430,-246,55.43,77.91,128,84,44,115,321,39,54,11,10,0.0,0.0,0,0,10,8,46.88,53.12,-6.23,0,0,Draw
3813265,2022-01-07,Indian Super league,2021/2022,East Bengal,Mumbai City,85,0,0,0,0.3829,0.5281,-0.1452,5,13,-8,206,504,-298,54.85,78.37,143,95,48,125,376,42,62,13,11,0.0,0.0399,0,2,15,11,26.31,73.69,-47.37,0,0,Draw
3813266,2022-01-08,Indian Super league,2021/2022,Goa,Chennaiyin,15,0,0,0,0.2594,0.0473,0.2121,2,2,0,127,52,75,86.61,69.23,18,34,-16,106,40,11,11,2,3,0.2594,0.009,2,1,11,18,61.13,38.87,22.27,1,0,Home Win
3813266,2022-01-08,Indian Super league,2021/2022,Goa,Chennaiyin,30,0,0,0,0.448,0.0629,0.3851,3,3,0,206,89,117,84.95,67.42,32,53,-21,171,60,14,16,3,7,0.0,0.0156,0,1,11,10,46.14,53.86,-7.71,1,0,Home Win
3813266,2022-01-08,Indian Super league,2021/2022,Goa,Chennaiyin,45,0,0,0,0.9076,0.0629,0.8447,7,3,4,323,151,172,84.21,64.9,43,99,-56,284,89,29,23,11,10,0.4597,0.0,4,0,7,36,69.52,30.48,39.04,1,0,Home Win
3813266,2022-01-08,Indian Super league,2021/2022,Goa,Chennaiyin,60,0,0,0,1.1906,0.0629,1.1277,10,3,7,397,189,208,81.36,62.43,57,125,-68,343,108,39,27,14,12,0.0518,0.0,1,0,10,9,71.59,28.41,43.18,1,0,Home Win
3813266,2022-01-08,Indian Super league,2021/2022,Goa,Chennaiyin,75,0,0,0,1.3742,0.1407,1.2334,15,4,11,501,239,262,81.84,64.02,78,164,-86,437,139,52,34,15,16,0.0252,0.0779,1,1,15,26,51.66,48.34,3.31,1,0,Home Win
3813266,2022-01-08,Indian Super league,2021/2022,Goa,Chennaiyin,85,1,0,1,1.4266,0.1407,1.2859,17,4,13,535,256,279,81.5,63.28,82,182,-100,468,148,57,37,15,16,0.0525,0.0,2,0,4,18,63.95,36.05,27.91,1,0,Home Win
3813305,2022-01-09,Indian Super league,2021/2022,Kerala Blasters,SC Delhi,15,0,0,0,0.0,0.0,0.0,0,0,0,64,0,64,54.69,0.0,38,0,38,47,0,14,0,2,0,0.0,0.0,0,0,20,0,100.0,0.0,100.0,1,0,Home Win
3813305,2022-01-09,Indian Super league,2021/2022,Kerala Blasters,SC Delhi,30,0,0,0,0.253,0.0,0.253,2,0,2,115,0,115,59.13,0.0,54,0,54,80,0,23,0,7,0,0.253,0.0,2,0,10,0,100.0,0.0,100.0,1,0,Home Win
3813305,2022-01-09,Indian Super league,2021/2022,Kerala Blasters,SC Delhi,45,1,0,1,0.5582,0.0,0.5582,4,0,4,178,0,178,62.36,0.0,71,0,71,124,0,30,0,8,0,0.3052,0.0,2,0,12,0,100.0,0.0,100.0,1,0,Home Win
3813305,2022-01-09,Indian Super league,2021/2022,Kerala Blasters,SC Delhi,60,1,0,1,0.6752,0.0,0.6752,7,0,7,229,0,229,62.01,0.0,110,0,110,167,0,43,0,10,0,0.1169,0.0,3,0,28,0,100.0,0.0,100.0,1,0,Home Win
3813305,2022-01-09,Indian Super league,2021/2022,Kerala Blasters,SC Delhi,75,1,0,1,0.7226,0.0,0.7226,9,0,9,268,0,268,63.43,0.0,125,0,125,195,0,46,0,12,0,0.0375,0.0,1,0,9,0,100.0,0.0,100.0,1,0,Home Win
3813305,2022-01-09,Indian Super league,2021/2022,Kerala Blasters,SC Delhi,85,1,0,1,0.8488,0.0,0.8488,11,0,11,293,0,293,61.77,0.0,139,0,139,212,0,49,0,14,0,0.1262,0.0,2,0,14,0,100.0,0.0,100.0,1,0,Home Win
3817849,2022-01-10,Indian Super league,2021/2022,Mumbai City,Bengaluru,15,0,1,-1,0.1786,0.1818,-0.0032,2,2,0,72,81,-9,76.39,67.9,23,35,-12,48,60,11,13,2,0,0.0,0.1818,0,2,15,21,31.48,68.52,-37.04,0,3,Away Win
3817849,2022-01-10,Indian Super league,2021/2022,Mumbai City,Bengaluru,30,0,2,-2,0.1786,0.4896,-0.311,2,4,-2,138,127,11,74.64,66.93,37,58,-21,92,99,18,21,4,4,0.0,0.3078,0,2,7,13,25.95,74.05,-48.11,0,3,Away Win
3817849,2022-01-10,Indian Super league,2021/2022,Mumbai City,Bengaluru,45,0,2,-2,0.2848,1.3337,-1.0489,3,10,-7,182,172,10,75.82,66.86,51,75,-24,121,127,22,27,6,5,0.1062,0.5768,1,3,11,9,34.22,65.78,-31.56,0,3,Away Win
3817849,2022-01-10,Indian Super league,2021/2022,Mumbai City,Bengaluru,60,0,3,-3,0.2848,1.6571,-1.3723,3,15,-12,285,247,38,77.54,66.8,81,98,-17,202,197,37,45,8,9,0.0,0.0,0,0,12,13,53.88,46.12,7.77,0,3,Away Win
3817849,2022-01-10,Indian Super league,2021/2022,Mumbai City,Bengaluru,75,0,3,-3,0.8014,1.6571,-0.8557,9,15,-6,384,312,72,77.08,68.59,99,126,-27,287,251,54,50,13,16,0.3674,0.0,4,0,14,18,73.97,26.03,47.93,0,3,Away Win
3817849,2022-01-10,Indian Super league,2021/2022,Mumbai City,Bengaluru,85,0,3,-3,0.8724,1.7334,-0.861,10,16,-6,418,341,77,78.23,68.91,110,136,-26,313,277,58,54,13,16,0.071,0.0763,1,1,11,10,50.91,49.09,1.82,0,3,Away Win
3817850,2022-01-11,Indian Super league,2021/2022,Jamshedpur,East Bengal,15,0,0,0,0.1036,0.0379,0.0657,1,3,-2,78,63,15,64.1,60.32,16,17,-1,42,27,7,10,2,2,0.1036,0.0211,1,2,14,7,49.23,50.77,-1.54,1,0,Home Win
3817850,2022-01-11,Indian Super league,2021/2022,Jamshedpur,East Bengal,30,0,0,0,0.1869,0.2244,-0.0375,2,5,-3,141,101,40,63.83,53.47,31,39,-8,83,47,18,17,2,3,0.0833,0.1575,1,1,7,16,46.03,53.97,-7.95,1,0,Home Win
3817850,2022-01-11,Indian Super league,2021/2022,Jamshedpur,East Bengal,45,0,0,0,0.2482,0.2244,0.0238,4,5,-1,207,163,44,61.35,52.76,50,66,-16,125,81,30,26,3,6,0.0,0.0,0,0,14,18,45.57,54.43,-8.87,1,0,Home Win
3817850,2022-01-11,Indian Super league,2021/2022,Jamshedpur,East Bengal,60,0,0,0,0.454,0.2815,0.1725,7,6,1,267,193,74,60.3,49.74,62,84,-22,160,100,42,32,4,9,0.0499,0.0571,1,1,9,8,53.25,46.75,6.5,1,0,Home Win
3817850,2022-01-11,Indian Super league,2021/2022,Jamshedpur,East Bengal,75,0,0,0,0.7652,0.2815,0.4837,10,6,4,366,234,132,64.21,48.72,75,111,-36,232,119,55,39,4,11,0.2834,0.0,2,0,10,17,69.91,30.09,39.82,1,0,Home Win
3817850,2022-01-11,Indian Super league,2021/2022,Jamshedpur,East Bengal,85,0,0,0,0.9613,0.2815,0.6799,12,6,6,434,262,172,66.36,48.47,83,128,-45,282,133,63,46,5,14,0.1962,0.0,2,0,8,17,68.67,31.33,37.33,1,0,Home Win
3817851,2022-01-12,Indian Super league,2021/2022,Odisha,Kerala Blasters,15,0,0,0,0.0,0.0454,-0.0454,0,1,-1,89,88,1,75.28,71.59,15,40,-25,67,66,13,11,3,3,0.0,0.0,0,0,7,23,38.78,61.22,-22.43,0,2,Away Win
3817851,2022-01-12,Indian Super league,2021/2022,Odisha,Kerala Blasters,30,0,1,-1,0.1121,0.3088,-0.1966,1,4,-3,136,156,-20,72.79,73.08,33,64,-31,98,119,23,15,5,7,0.1121,0.0615,1,1,11,16,45.65,54.35,-8.71,0,2,Away Win
3817851,2022-01-12,Indian Super league,2021/2022,Odisha,Kerala Blasters,45,0,2,-2,0.2226,0.44,-0.2175,2,8,-6,196,269,-73,70.41,78.07,60,90,-30,142,207,32,25,7,10,0.0,0.1273,0,3,17,20,28.0,72.0,-44.0,0,2,Away Win
3817851,2022-01-12,Indian Super league,2021/2022,Odisha,Kerala Blasters,60,0,2,-2,0.3021,0.8077,-0.5056,4,12,-8,284,384,-100,70.77,79.69,99,127,-28,202,313,48,39,7,21,0.0429,0.0393,1,2,22,21,43.19,56.81,-13.63,0,2,Away Win
3817851,2022-01-12,Indian Super league,2021/2022,Odisha,Kerala Blasters,75,0,2,-2,0.6037,0.9011,-0.2974,9,14,-5,362,425,-63,73.2,78.59,111,154,-43,264,345,58,42,11,26,0.1846,0.0934,3,2,9,17,56.7,43.3,13.41,0,2,Away Win
3817851,2022-01-12,Indian Super league,2021/2022,Odisha,Kerala Blasters,85,0,2,-2,0.6623,0.9165,-0.2541,10,15,-5,402,455,-53,73.63,78.46,123,160,-37,292,373,61,44,12,28,0.0586,0.0154,1,1,12,6,56.7,43.3,13.41,0,2,Away Win
3817879,2022-01-13,Indian Super league,2021/2022,Chennaiyin,SC Delhi,15,1,0,1,0.1206,0.0,0.1206,2,0,2,80,0,80,72.5,0.0,31,0,31,53,0,9,0,1,0,0.1206,0.0,2,0,19,0,100.0,0.0,100.0,1,1,Draw
3817879,2022-01-13,Indian Super league,2021/2022,Chennaiyin,SC Delhi,30,1,0,1,0.1206,0.0,0.1206,2,0,2,133,0,133,69.17,0.0,55,0,55,78,0,14,0,3,0,0.0,0.0,0,0,16,0,100.0,0.0,100.0,1,1,Draw
3817879,2022-01-13,Indian Super league,2021/2022,Chennaiyin,SC Delhi,45,1,0,1,0.1206,0.0,0.1206,2,0,2,178,0,178,68.54,0.0,77,0,77,107,0,18,0,4,0,0.0,0.0,0,0,17,0,100.0,0.0,100.0,1,1,Draw
3817879,2022-01-13,Indian Super league,2021/2022,Chennaiyin,SC Delhi,60,1,0,1,0.6008,0.0,0.6008,6,0,6,237,0,237,69.2,0.0,101,0,101,152,0,27,0,7,0,0.3188,0.0,2,0,12,0,100.0,0.0,100.0,1,1,Draw
3817879,2022-01-13,Indian Super league,2021/2022,Chennaiyin,SC Delhi,75,1,0,1,0.8771,0.0,0.8771,9,0,9,303,0,303,74.26,0.0,116,0,116,213,0,34,0,9,0,0.2763,0.0,3,0,8,0,100.0,0.0,100.0,1,1,Draw
3817879,2022-01-13,Indian Super league,2021/2022,Chennaiyin,SC Delhi,85,1,0,1,0.8771,0.0,0.8771,9,0,9,333,0,333,74.47,0.0,124,0,124,237,0,39,0,11,0,0.0,0.0,0,0,8,0,100.0,0.0,100.0,1,1,Draw
3817890,2022-01-14,Indian Super league,2021/2022,Goa,NorthEast United,15,0,1,-1,0.3475,0.163,0.1845,3,2,1,119,48,71,83.19,68.75,27,29,-2,80,38,9,9,0,5,0.3475,0.1554,3,1,15,19,65.2,34.8,30.4,1,1,Draw
3817890,2022-01-14,Indian Super league,2021/2022,Goa,NorthEast United,30,0,1,-1,0.8598,0.3848,0.475,6,6,0,218,100,118,82.11,67.0,60,46,14,146,77,18,20,2,9,0.4731,0.2218,2,4,22,12,49.82,50.18,-0.36,1,1,Draw
3817890,2022-01-14,Indian Super league,2021/2022,Goa,NorthEast United,45,1,1,0,0.9684,0.3848,0.5836,11,6,5,309,127,182,82.52,62.99,72,66,6,210,90,25,23,3,15,0.1026,0.0,4,0,9,20,75.17,24.83,50.34,1,1,Draw
3817890,2022-01-14,Indian Super league,2021/2022,Goa,NorthEast United,60,1,1,0,1.1413,0.3848,0.7565,15,6,9,368,154,214,82.34,61.04,86,77,9,247,106,32,26,3,19,0.0458,0.0,1,0,9,7,73.44,26.56,46.88,1,1,Draw
3817890,2022-01-14,Indian Super league,2021/2022,Goa,NorthEast United,75,1,1,0,1.6768,0.4687,1.2081,20,9,11,451,189,262,80.49,58.73,100,96,4,309,121,46,32,4,23,0.47,0.0839,4,3,8,10,62.02,37.98,24.03,1,1,Draw
3817890,2022-01-14,Indian Super league,2021/2022,Goa,NorthEast United,85,1,1,0,1.831,0.4687,1.3624,23,9,14,479,225,254,80.17,57.78,115,106,9,325,143,53,40,6,26,0.1543,0.0,3,0,15,10,73.75,26.25,47.51,1,1,Draw
3817865,2022-01-18,Indian Super league,2021/2022,NorthEast United,Odisha,15,0,0,0,0.2423,0.0511,0.1912,1,1,0,99,82,17,83.84,79.27,15,21,-6,74,73,6,12,4,1,0.2423,0.0,1,0,11,18,56.02,43.98,12.03,0,2,Away Win
3817865,2022-01-18,Indian Super league,2021/2022,NorthEast United,Odisha,30,0,2,-2,0.7762,0.9733,-0.1971,6,3,3,188,127,61,85.64,78.74,33,46,-13,150,104,15,17,4,3,0.5339,0.1182,5,1,11,18,72.09,27.91,44.17,0,2,Away Win
3817865,2022-01-18,Indian Super league,2021/2022,NorthEast United,Odisha,45,0,2,-2,0.8017,1.072,-0.2704,7,7,0,233,203,30,82.83,77.34,53,63,-10,186,170,23,31,7,6,0.0255,0.0341,1,2,12,12,39.31,60.69,-21.38,0,2,Away Win
3817865,2022-01-18,Indian Super league,2021/2022,NorthEast United,Odisha,60,0,2,-2,0.8558,1.2303,-0.3744,9,9,0,314,269,45,82.8,76.58,83,85,-2,262,222,31,40,10,7,0.0444,0.0,1,0,20,17,64.92,35.08,29.85,0,2,Away Win
3817865,2022-01-18,Indian Super league,2021/2022,NorthEast United,Odisha,75,0,2,-2,0.8661,1.7297,-0.8636,10,14,-4,380,326,54,82.89,76.69,102,100,2,321,267,35,47,11,7,0.0,0.4761,0,4,12,8,22.38,77.62,-55.24,0,2,Away Win
3817865,2022-01-18,Indian Super league,2021/2022,NorthEast United,Odisha,85,0,2,-2,0.8661,1.9526,-1.0865,10,16,-6,415,356,59,81.45,76.97,117,114,3,343,299,38,52,13,10,0.0,0.2229,0,2,15,14,30.66,69.34,-38.69,0,2,Away Win
3817853,2022-01-19,Indian Super league,2021/2022,Goa,East Bengal,15,0,1,-1,0.0364,0.2239,-0.1876,1,1,0,118,52,66,85.59,67.31,26,23,3,94,28,8,5,2,2,0.0,0.2239,0,1,10,17,42.87,57.13,-14.26,1,2,Away Win
3817853,2022-01-19,Indian Super league,2021/2022,Goa,East Bengal,30,0,1,-1,0.3589,0.2239,0.1349,5,1,4,245,100,145,84.49,65.0,53,45,8,195,59,17,11,5,7,0.2133,0.0,3,0,13,13,78.94,21.06,57.87,1,2,Away Win
3817853,2022-01-19,Indian Super league,2021/2022,Goa,East Bengal,45,1,2,-1,0.8632,0.6153,0.2479,11,3,8,320,135,185,84.38,62.22,68,61,7,244,81,19,17,9,9,0.4788,0.3702,5,1,9,5,71.46,28.54,42.92,1,2,Away Win
3817853,2022-01-19,Indian Super league,2021/2022,Goa,East Bengal,60,1,2,-1,0.9653,0.6153,0.35,13,3,10,425,184,241,82.59,59.24,90,89,1,334,114,31,27,15,15,0.1021,0.0,2,0,8,18,66.86,33.14,33.73,1,2,Away Win
3817853,2022-01-19,Indian Super league,2021/2022,Goa,East Bengal,75,1,2,-1,1.0178,0.6153,0.4025,16,3,13,496,214,282,82.06,58.88,98,107,-9,400,130,39,32,17,16,0.0525,0.0,3,0,6,13,77.59,22.41,55.18,1,2,Away Win
3817853,2022-01-19,Indian Super league,2021/2022,Goa,East Bengal,85,1,2,-1,1.106,0.6153,0.4907,18,3,15,576,239,337,82.12,58.16,110,122,-12,464,148,44,36,19,20,0.0883,0.0,2,0,12,15,72.39,27.61,44.78,1,2,Away Win
3817876,2022-01-22,Indian Super league,2021/2022,Chennaiyin,NorthEast United,15,0,0,0,0.2605,0.0544,0.2061,4,2,2,99,73,26,76.77,69.86,25,29,-4,74,53,13,8,2,2,0.0899,0.0544,1,2,19,18,46.15,53.85,-7.69,2,1,Home Win
3817876,2022-01-22,Indian Super league,2021/2022,Chennaiyin,NorthEast United,30,0,0,0,0.3615,0.7779,-0.4164,5,4,1,176,121,55,78.98,66.12,46,42,4,128,83,18,16,3,8,0.0,0.7236,0,2,13,8,32.51,67.49,-34.97,2,1,Home Win
3817876,2022-01-22,Indian Super league,2021/2022,Chennaiyin,NorthEast United,45,0,1,-1,0.4909,1.9254,-1.4345,6,10,-4,253,177,76,79.45,66.67,71,64,7,183,125,26,30,3,9,0.0,0.3335,0,4,18,16,27.96,72.04,-44.08,2,1,Home Win
3817876,2022-01-22,Indian Super league,2021/2022,Chennaiyin,NorthEast United,60,2,1,1,0.5213,1.9975,-1.4762,8,12,-4,334,239,95,79.64,67.36,97,76,21,243,168,35,43,5,14,0.0304,0.0,2,0,5,8,76.32,23.68,52.64,2,1,Home Win
3817876,2022-01-22,Indian Super league,2021/2022,Chennaiyin,NorthEast United,75,2,1,1,0.5213,2.3114,-1.79,8,19,-11,382,325,57,79.58,71.08,113,86,27,276,240,39,52,6,14,0.0,0.303,0,6,6,8,12.92,87.08,-74.16,2,1,Home Win
3817876,2022-01-22,Indian Super league,2021/2022,Chennaiyin,NorthEast United,85,2,1,1,0.5441,2.3782,-1.834,9,21,-12,426,371,55,78.64,70.35,126,100,26,314,278,48,65,9,17,0.0228,0.0668,1,2,13,14,42.05,57.95,-15.9,2,1,Home Win
3802802,2022-01-23,Ligue 1,2021/2022,Paris Saint-Germain,Stade de Reims,15,0,0,0,0.071,0.0,0.071,3,0,3,174,62,112,89.08,85.48,27,37,-10,128,52,10,6,2,4,0.026,0.0,1,0,20,23,63.0,37.0,25.99,4,0,Home Win
3802802,2022-01-23,Ligue 1,2021/2022,Paris Saint-Germain,Stade de Reims,30,0,0,0,0.199,0.1361,0.0629,5,2,3,305,161,144,90.82,86.96,63,68,-5,229,138,18,15,4,7,0.128,0.1054,2,1,26,22,57.04,42.96,14.08,4,0,Home Win
3802802,2022-01-23,Ligue 1,2021/2022,Paris Saint-Germain,Stade de Reims,45,1,0,1,0.501,0.3261,0.175,9,4,5,413,265,148,90.8,87.92,97,87,10,309,223,26,21,7,9,0.1242,0.0402,2,1,27,15,61.83,38.17,23.67,4,0,Home Win
3802802,2022-01-23,Ligue 1,2021/2022,Paris Saint-Germain,Stade de Reims,60,1,0,1,0.6236,0.4905,0.1331,12,6,6,558,303,255,89.43,86.8,119,122,-3,418,252,37,27,10,14,0.0503,0.1644,1,2,13,15,51.36,48.64,2.73,4,0,Home Win
3802802,2022-01-23,Ligue 1,2021/2022,Paris Saint-Germain,Stade de Reims,75,4,0,4,2.17,0.5194,1.6506,20,7,13,661,355,306,88.8,85.07,135,154,-19,484,296,44,34,15,20,0.5148,0.0,5,0,8,27,72.31,27.69,44.63,4,0,Home Win
3802802,2022-01-23,Ligue 1,2021/2022,Paris Saint-Germain,Stade de Reims,85,4,0,4,2.466,0.5194,1.9467,21,7,14,798,385,413,89.85,84.94,149,171,-22,593,323,49,37,15,22,0.296,0.0,1,0,14,17,72.78,27.22,45.55,4,0,Home Win
3813313,2022-01-23,Indian Super league,2021/2022,Mohun Bagan Super Giant,Odisha,15,0,0,0,0.5137,0.1827,0.3309,4,2,2,84,87,-3,83.33,85.06,28,19,9,73,73,11,7,4,4,0.5137,0.0823,4,1,21,15,68.65,31.35,37.31,0,0,Draw
3813313,2022-01-23,Indian Super league,2021/2022,Mohun Bagan Super Giant,Odisha,30,0,0,0,1.2654,0.254,1.0114,11,5,6,184,139,45,86.41,81.29,40,41,-1,165,113,19,17,6,8,0.6614,0.047,5,2,6,19,66.41,33.59,32.83,0,0,Draw
3813313,2022-01-23,Indian Super league,2021/2022,Mohun Bagan Super Giant,Odisha,45,0,0,0,1.5275,0.2743,1.2532,14,6,8,258,189,69,82.95,79.89,49,59,-10,218,150,27,24,6,11,0.0694,0.0203,2,1,4,14,56.22,43.78,12.45,0,0,Draw
3813313,2022-01-23,Indian Super league,2021/2022,Mohun Bagan Super Giant,Odisha,60,0,0,0,1.81,0.5109,1.2992,15,9,6,339,250,89,83.19,79.6,71,83,-12,287,207,35,39,7,13,0.0,0.2366,0,3,17,17,29.74,70.26,-40.51,0,0,Draw
3813313,2022-01-23,Indian Super league,2021/2022,Mohun Bagan Super Giant,Odisha,75,0,0,0,1.8153,0.6152,1.2001,16,12,4,442,314,128,83.26,78.98,92,106,-14,372,259,40,46,9,16,0.0052,0.1043,1,3,18,14,40.61,59.39,-18.77,0,0,Draw
3813313,2022-01-23,Indian Super league,2021/2022,Mohun Bagan Super Giant,Odisha,85,0,0,0,1.8153,0.6152,1.2001,16,12,4,489,370,119,82.62,78.92,112,122,-10,405,308,41,52,11,19,0.0,0.0,0,0,20,16,47.57,52.43,-4.86,0,0,Draw
3817874,2022-01-23,Indian Super league,2021/2022,Bengaluru,Goa,15,0,0,0,0.0292,0.0762,-0.047,2,1,1,64,76,-12,60.94,60.53,22,21,1,41,54,10,14,10,3,0.008,0.0762,1,1,14,15,47.39,52.61,-5.23,1,1,Draw
3817874,2022-01-23,Indian Super league,2021/2022,Bengaluru,Goa,30,0,0,0,0.2785,0.1553,0.1232,6,2,4,107,126,-19,61.68,66.67,44,46,-2,66,95,17,19,12,4,0.0652,0.0,2,0,16,15,65.73,34.27,31.46,1,1,Draw
3817874,2022-01-23,Indian Super league,2021/2022,Bengaluru,Goa,45,0,1,-1,0.2917,1.1582,-0.8665,7,7,0,150,206,-56,60.0,71.36,76,63,13,88,166,23,29,13,5,0.0,0.8011,0,3,21,12,25.81,74.19,-48.38,1,1,Draw
3817874,2022-01-23,Indian Super league,2021/2022,Bengaluru,Goa,60,1,1,0,0.5839,1.1642,-0.5803,10,8,2,198,261,-63,59.09,70.5,97,83,14,116,207,30,36,15,8,0.2691,0.0,2,0,6,11,71.61,28.39,43.22,1,1,Draw
3817874,2022-01-23,Indian Super league,2021/2022,Bengaluru,Goa,75,1,1,0,0.6084,1.2942,-0.6858,11,11,0,234,313,-79,59.4,71.25,117,99,18,147,255,34,45,21,9,0.0245,0.13,1,3,17,7,36.48,63.52,-27.05,1,1,Draw
3817874,2022-01-23,Indian Super league,2021/2022,Bengaluru,Goa,85,1,1,0,0.6084,1.2942,-0.6858,11,11,0,265,368,-103,58.11,72.01,128,115,13,170,301,38,50,27,10,0.0,0.0,0,0,11,16,38.35,61.65,-23.31,1,1,Draw
3817878,2022-01-24,Indian Super league,2021/2022,East Bengal,SC Delhi,15,0,0,0,0.0,0.0,0.0,0,0,0,61,0,61,72.13,0.0,18,0,18,49,0,10,0,4,0,0.0,0.0,0,0,5,0,100.0,0.0,100.0,0,4,Away Win
3817878,2022-01-24,Indian Super league,2021/2022,East Bengal,SC Delhi,30,0,0,0,0.0,0.0,0.0,0,0,0,104,0,104,70.19,0.0,37,0,37,73,0,16,0,5,0,0.0,0.0,0,0,15,0,100.0,0.0,100.0,0,4,Away Win
3817878,2022-01-24,Indian Super league,2021/2022,East Bengal,SC Delhi,45,0,0,0,0.3354,0.0,0.3354,7,0,7,192,0,192,70.83,0.0,55,0,55,126,0,27,0,6,0,0.2951,0.0,5,0,14,0,100.0,0.0,100.0,0,4,Away Win
3817878,2022-01-24,Indian Super league,2021/2022,East Bengal,SC Delhi,60,0,0,0,0.4214,0.0,0.4214,10,0,10,275,0,275,72.36,0.0,70,0,70,187,0,33,0,7,0,0.078,0.0,2,0,10,0,100.0,0.0,100.0,0,4,Away Win
3817878,2022-01-24,Indian Super league,2021/2022,East Bengal,SC Delhi,75,0,0,0,0.4214,0.0,0.4214,10,0,10,367,0,367,71.66,0.0,82,0,82,250,0,40,0,10,0,0.0,0.0,0,0,6,0,100.0,0.0,100.0,0,4,Away Win
3817878,2022-01-24,Indian Super league,2021/2022,East Bengal,SC Delhi,85,0,0,0,1.2049,0.0,1.2049,11,0,11,405,0,405,71.6,0.0,98,0,98,274,0,44,0,12,0,0.7835,0.0,1,0,16,0,100.0,0.0,100.0,0,4,Away Win
3817867,2022-01-25,Indian Super league,2021/2022,Mumbai City,NorthEast United,15,0,0,0,0.3084,0.0,0.3084,5,0,5,63,84,-21,73.02,77.38,25,17,8,45,51,11,6,1,3,0.2539,0.0,3,0,14,8,81.21,18.79,62.42,1,1,Draw
3817867,2022-01-25,Indian Super league,2021/2022,Mumbai City,NorthEast United,30,1,0,1,1.2271,0.0102,1.2169,9,1,8,132,116,16,78.03,74.14,45,42,3,98,76,18,15,5,3,0.8416,0.0102,2,1,10,18,66.65,33.35,33.3,1,1,Draw
3817867,2022-01-25,Indian Super league,2021/2022,Mumbai City,NorthEast United,45,1,0,1,1.7517,0.0102,1.7415,12,1,11,184,184,0,77.17,77.17,72,61,11,138,126,24,21,8,4,0.4042,0.0,1,0,19,15,64.37,35.63,28.75,1,1,Draw
3817867,2022-01-25,Indian Super league,2021/2022,Mumbai City,NorthEast United,60,1,0,1,1.8151,0.5894,1.2257,13,6,7,258,278,-20,79.07,78.42,106,80,26,196,203,32,36,13,6,0.0635,0.1973,1,2,26,11,46.26,53.74,-7.49,1,1,Draw
3817867,2022-01-25,Indian Super league,2021/2022,Mumbai City,NorthEast United,75,1,0,1,1.8151,0.674,1.1411,13,8,5,319,347,-28,79.94,78.67,129,103,26,236,253,36,41,14,6,0.0,0.056,0,1,16,11,39.88,60.12,-20.24,1,1,Draw
3817867,2022-01-25,Indian Super league,2021/2022,Mumbai City,NorthEast United,85,1,1,0,2.3195,0.7641,1.5554,16,9,7,354,388,-34,78.53,76.8,144,121,23,259,282,43,48,17,7,0.5043,0.0901,3,1,15,18,62.21,37.79,24.41,1,1,Draw
3817868,2022-01-26,Indian Super league,2021/2022,Bengaluru,Chennaiyin,15,1,0,1,1.1739,0.7059,0.468,4,3,1,97,60,37,76.29,76.67,21,34,-13,75,42,11,9,2,6,0.7835,0.7059,1,3,11,21,40.48,59.52,-19.05,3,0,Home Win
3817868,2022-01-26,Indian Super league,2021/2022,Bengaluru,Chennaiyin,30,1,0,1,1.1739,0.7879,0.3861,4,5,-1,152,109,43,73.03,71.56,37,49,-12,113,75,16,15,5,10,0.0,0.0632,0,1,11,7,36.27,63.73,-27.46,3,0,Home Win
3817868,2022-01-26,Indian Super league,2021/2022,Bengaluru,Chennaiyin,45,2,0,2,1.8267,0.8488,0.978,5,7,-2,232,197,35,71.98,71.07,50,79,-29,169,129,23,24,11,13,0.6528,0.0256,1,1,6,22,52.75,47.25,5.5,3,0,Home Win
3817868,2022-01-26,Indian Super league,2021/2022,Bengaluru,Chennaiyin,60,3,0,3,2.692,1.1293,1.5627,6,9,-3,318,308,10,73.58,74.68,73,105,-32,229,191,34,28,14,17,0.8653,0.0625,1,1,8,15,59.48,40.52,18.96,3,0,Home Win
3817868,2022-01-26,Indian Super league,2021/2022,Bengaluru,Chennaiyin,75,3,0,3,2.8114,1.2514,1.5601,11,12,-1,368,398,-30,73.37,75.88,98,125,-27,265,255,39,33,22,18,0.0965,0.0891,3,2,15,9,54.21,45.79,8.41,3,0,Home Win
3817868,2022-01-26,Indian Super league,2021/2022,Bengaluru,Chennaiyin,85,3,0,3,2.8114,1.2514,1.5601,11,12,-1,409,480,-71,73.59,77.08,119,140,-21,298,310,44,37,27,20,0.0,0.0,0,0,21,15,48.63,51.37,-2.75,3,0,Home Win
3817860,2022-01-27,Indian Super league,2021/2022,Odisha,SC Delhi,15,0,0,0,0.0,0.0,0.0,0,0,0,93,0,93,76.34,0.0,34,0,34,67,0,10,0,1,0,0.0,0.0,0,0,24,0,100.0,0.0,100.0,2,3,Away Win
3817860,2022-01-27,Indian Super league,2021/2022,Odisha,SC Delhi,30,0,0,0,0.0,0.0,0.0,0,0,0,164,0,164,70.12,0.0,69,0,69,107,0,16,0,2,0,0.0,0.0,0,0,24,0,100.0,0.0,100.0,2,3,Away Win
3817860,2022-01-27,Indian Super league,2021/2022,Odisha,SC Delhi,45,1,0,1,0.1884,0.0,0.1884,1,0,1,224,0,224,67.86,0.0,93,0,93,149,0,27,0,3,0,0.1884,0.0,1,0,20,0,100.0,0.0,100.0,2,3,Away Win
3817860,2022-01-27,Indian Super league,2021/2022,Odisha,SC Delhi,60,1,0,1,0.2294,0.0,0.2294,4,0,4,313,0,313,66.13,0.0,114,0,114,207,0,33,0,8,0,0.0047,0.0,1,0,17,0,100.0,0.0,100.0,2,3,Away Win
3817860,2022-01-27,Indian Super league,2021/2022,Odisha,SC Delhi,75,1,0,1,0.4411,0.0,0.4411,5,0,5,354,0,354,66.1,0.0,129,0,129,228,0,36,0,10,0,0.0,0.0,0,0,11,0,100.0,0.0,100.0,2,3,Away Win
3817860,2022-01-27,Indian Super league,2021/2022,Odisha,SC Delhi,85,2,0,2,0.4714,0.0,0.4714,6,0,6,402,0,402,68.91,0.0,149,0,149,272,0,43,0,12,0,0.0302,0.0,1,0,20,0,100.0,0.0,100.0,2,3,Away Win
3817875,2022-01-28,Indian Super league,2021/2022,Jamshedpur,Goa,15,0,0,0,0.0,0.0372,-0.0372,0,1,-1,38,148,-110,57.89,85.81,37,23,14,27,136,10,9,7,1,0.0,0.0,0,0,20,9,42.45,57.55,-15.1,1,0,Home Win
3817875,2022-01-28,Indian Super league,2021/2022,Jamshedpur,Goa,30,0,0,0,0.0986,0.3921,-0.2935,1,4,-3,66,213,-147,53.03,81.69,54,34,20,43,187,16,21,9,2,0.0,0.3549,0,3,14,5,21.6,78.4,-56.8,1,0,Home Win
3817875,2022-01-28,Indian Super league,2021/2022,Jamshedpur,Goa,45,0,0,0,0.0986,0.4002,-0.3016,1,5,-4,115,277,-162,57.39,81.95,79,53,26,71,241,23,25,12,5,0.0,0.0081,0,1,14,9,44.03,55.97,-11.93,1,0,Home Win
3817875,2022-01-28,Indian Super league,2021/2022,Jamshedpur,Goa,60,1,0,1,0.3262,0.4002,-0.074,3,5,-2,170,403,-233,58.82,80.65,110,79,31,102,343,33,37,23,7,0.0984,0.0,1,0,18,19,49.02,50.98,-1.96,1,0,Home Win
3817875,2022-01-28,Indian Super league,2021/2022,Jamshedpur,Goa,75,1,0,1,0.3946,1.0359,-0.6414,5,8,-3,201,459,-258,60.7,81.05,121,88,33,120,387,42,41,26,7,0.0684,0.0069,2,1,6,8,55.63,44.37,11.25,1,0,Home Win
3817875,2022-01-28,Indian Super league,2021/2022,Jamshedpur,Goa,85,1,0,1,0.3946,1.4411,-1.0465,5,10,-5,227,509,-282,59.91,81.14,136,99,37,134,438,48,47,27,9,0.0,0.4052,0,2,15,11,26.91,73.09,-46.18,1,0,Home Win
3817888,2022-01-29,Indian Super league,2021/2022,Mohun Bagan Super Giant,East Bengal,15,0,0,0,0.0683,0.0512,0.0171,2,2,0,125,39,86,87.2,61.54,16,46,-30,95,26,9,5,5,5,0.0576,0.0512,1,2,4,35,38.94,61.06,-22.12,3,1,Home Win
3817888,2022-01-29,Indian Super league,2021/2022,Mohun Bagan Super Giant,East Bengal,30,0,0,0,0.1504,0.461,-0.3107,5,5,0,228,117,111,84.65,69.23,45,78,-33,172,91,21,17,6,7,0.082,0.3529,3,2,23,25,51.79,48.21,3.58,3,1,Home Win
3817888,2022-01-29,Indian Super league,2021/2022,Mohun Bagan Super Giant,East Bengal,45,0,0,0,0.3615,0.4921,-0.1307,9,6,3,322,146,176,83.85,65.75,62,115,-53,239,109,27,20,9,10,0.2111,0.0,4,0,11,25,71.96,28.04,43.91,3,1,Home Win
3817888,2022-01-29,Indian Super league,2021/2022,Mohun Bagan Super Giant,East Bengal,60,0,1,-1,0.8093,0.6581,0.1512,16,8,8,415,182,233,84.58,64.29,71,140,-69,307,127,39,23,9,12,0.1262,0.1659,3,2,7,18,54.74,45.26,9.49,3,1,Home Win
3817888,2022-01-29,Indian Super league,2021/2022,Mohun Bagan Super Giant,East Bengal,75,1,1,0,1.8752,0.664,1.2112,23,9,14,509,214,295,83.69,65.42,86,160,-74,373,149,47,27,12,16,0.1332,0.0059,4,1,11,15,70.56,29.44,41.11,3,1,Home Win
3817888,2022-01-29,Indian Super league,2021/2022,Mohun Bagan Super Giant,East Bengal,85,1,1,0,1.9854,0.949,1.0365,25,11,14,565,232,333,83.54,63.79,93,178,-85,416,159,53,31,12,18,0.1103,0.2849,2,2,7,18,48.09,51.91,-3.81,3,1,Home Win
3817861,2022-01-30,Indian Super league,2021/2022,Kerala Blasters,Bengaluru,15,0,0,0,0.0437,0.0704,-0.0267,2,1,1,51,56,-5,60.78,58.93,17,18,-1,25,36,5,8,5,2,0.0437,0.0704,2,1,7,13,55.84,44.16,11.68,0,1,Away Win
3817861,2022-01-30,Indian Super league,2021/2022,Kerala Blasters,Bengaluru,30,0,0,0,0.111,0.4389,-0.3279,5,4,1,96,112,-16,60.42,62.5,38,26,12,42,74,9,12,10,5,0.043,0.2076,2,1,13,8,57.03,42.97,14.07,0,1,Away Win
3817861,2022-01-30,Indian Super league,2021/2022,Kerala Blasters,Bengaluru,45,0,0,0,0.1465,0.5548,-0.4083,6,7,-1,147,165,-18,59.86,57.58,60,41,19,79,100,19,20,15,6,0.0354,0.1159,1,3,19,12,42.83,57.17,-14.35,0,1,Away Win
3817861,2022-01-30,Indian Super league,2021/2022,Kerala Blasters,Bengaluru,60,0,1,-1,0.2004,0.7223,-0.5219,8,11,-3,195,229,-34,61.03,61.14,86,61,25,105,145,24,29,22,9,0.0,0.1203,0,2,12,16,27.65,72.35,-44.7,0,1,Away Win
3817861,2022-01-30,Indian Super league,2021/2022,Kerala Blasters,Bengaluru,75,0,1,-1,0.5482,0.7505,-0.2023,13,13,0,270,266,4,66.3,59.77,103,83,20,163,166,34,37,24,9,0.3478,0.0282,5,2,6,13,67.03,32.97,34.06,0,1,Away Win
3817861,2022-01-30,Indian Super league,2021/2022,Kerala Blasters,Bengaluru,85,0,1,-1,0.5482,1.1833,-0.6351,13,16,-3,296,301,-5,66.89,60.13,117,89,28,178,182,41,41,24,9,0.0,0.4327,0,3,14,6,27.75,72.25,-44.5,0,1,Away Win
3817871,2022-01-31,Indian Super league,2021/2022,NorthEast United,SC Delhi,15,0,0,0,0.1203,0.0,0.1203,3,0,3,74,0,74,68.92,0.0,21,0,21,51,0,11,0,2,0,0.0584,0.0,2,0,13,0,100.0,0.0,100.0,0,5,Away Win
3817871,2022-01-31,Indian Super league,2021/2022,NorthEast United,SC Delhi,30,0,0,0,0.1203,0.0,0.1203,3,0,3,140,0,140,68.57,0.0,39,0,39,96,0,22,0,3,0,0.0,0.0,0,0,8,0,100.0,0.0,100.0,0,5,Away Win
3817871,2022-01-31,Indian Super league,2021/2022,NorthEast United,SC Delhi,45,0,0,0,0.1203,0.0,0.1203,3,0,3,201,0,201,70.65,0.0,69,0,69,139,0,30,0,6,0,0.0,0.0,0,0,18,0,100.0,0.0,100.0,0,5,Away Win
3817871,2022-01-31,Indian Super league,2021/2022,NorthEast United,SC Delhi,60,0,0,0,0.1203,0.0,0.1203,3,0,3,288,0,288,72.57,0.0,90,0,90,192,0,35,0,6,0,0.0,0.0,0,0,12,0,100.0,0.0,100.0,0,5,Away Win
3817871,2022-01-31,Indian Super league,2021/2022,NorthEast United,SC Delhi,75,0,0,0,0.2388,0.0,0.2388,7,0,7,343,0,343,73.18,0.0,109,0,109,234,0,41,0,6,0,0.1104,0.0,3,0,12,0,100.0,0.0,100.0,0,5,Away Win
3817871,2022-01-31,Indian Super league,2021/2022,NorthEast United,SC Delhi,85,0,0,0,0.2892,0.0,0.2892,8,0,8,382,0,382,73.56,0.0,125,0,125,260,0,44,0,7,0,0.0504,0.0,1,0,16,0,100.0,0.0,100.0,0,5,Away Win
3817894,2022-02-01,Indian Super league,2021/2022,Goa,Odisha,15,0,0,0,0.2441,0.1798,0.0644,5,2,3,118,74,44,87.29,67.57,29,28,1,77,54,7,10,4,3,0.1962,0.0618,3,1,23,20,62.49,37.51,24.98,1,1,Draw
3817894,2022-02-01,Indian Super league,2021/2022,Goa,Odisha,30,0,0,0,0.2921,0.3028,-0.0107,6,3,3,187,135,52,82.89,66.67,52,44,8,126,95,13,17,11,5,0.048,0.123,1,1,12,11,50.21,49.79,0.42,1,1,Draw
3817894,2022-02-01,Indian Super league,2021/2022,Goa,Odisha,45,0,0,0,0.4904,0.4482,0.0421,12,4,8,282,191,91,81.21,67.02,67,73,-6,199,137,22,27,14,8,0.1001,0.1455,2,1,10,14,54.88,45.12,9.75,1,1,Draw
3817894,2022-02-01,Indian Super league,2021/2022,Goa,Odisha,60,0,1,-1,0.8538,1.7351,-0.8812,14,9,5,339,230,109,80.24,65.22,85,88,-3,243,163,32,37,15,12,0.0353,0.8584,1,2,9,9,34.37,65.63,-31.26,1,1,Draw
3817894,2022-02-01,Indian Super league,2021/2022,Goa,Odisha,75,0,1,-1,1.1519,1.8419,-0.69,19,10,9,419,265,154,80.67,64.91,96,110,-14,299,182,43,41,15,13,0.0327,0.1068,2,1,9,17,57.56,42.44,15.13,1,1,Draw
3817894,2022-02-01,Indian Super league,2021/2022,Goa,Odisha,85,0,1,-1,1.3434,1.9164,-0.573,21,11,10,459,280,179,80.83,64.64,105,123,-18,334,193,48,45,15,14,0.1915,0.0745,2,1,9,13,61.26,38.74,22.52,1,1,Draw
3817882,2022-02-02,Indian Super league,2021/2022,East Bengal,Chennaiyin,15,0,2,-2,0.0637,0.2132,-0.1495,2,2,0,54,98,-44,72.22,77.55,24,21,3,38,65,10,15,7,0,0.0637,0.0151,2,1,8,16,51.03,48.97,2.05,2,2,Draw
3817882,2022-02-02,Indian Super league,2021/2022,East Bengal,Chennaiyin,30,0,2,-2,0.2117,0.26,-0.0483,5,3,2,138,211,-73,78.99,83.41,53,52,1,105,145,18,19,9,3,0.148,0.0,3,0,13,20,64.83,35.17,29.66,2,2,Draw
3817882,2022-02-02,Indian Super league,2021/2022,East Bengal,Chennaiyin,45,0,2,-2,0.6283,0.26,0.3683,10,3,7,226,289,-63,80.97,82.7,77,76,1,167,196,25,23,9,4,0.4166,0.0,5,0,16,21,75.96,24.04,51.93,2,2,Draw
3817882,2022-02-02,Indian Super league,2021/2022,East Bengal,Chennaiyin,60,1,2,-1,0.9524,0.4738,0.4786,17,5,12,315,356,-41,79.68,81.18,105,103,2,234,235,38,31,13,6,0.3241,0.0,7,0,14,23,80.66,19.34,61.32,2,2,Draw
3817882,2022-02-02,Indian Super league,2021/2022,East Bengal,Chennaiyin,75,1,2,-1,1.1637,0.4738,0.6899,22,5,17,392,432,-40,79.59,81.25,127,125,2,298,284,47,36,16,7,0.0956,0.0,4,0,15,15,73.34,26.66,46.67,2,2,Draw
3817882,2022-02-02,Indian Super league,2021/2022,East Bengal,Chennaiyin,85,1,2,-1,1.2481,0.6533,0.5948,23,6,17,417,471,-54,79.38,81.1,144,131,13,321,310,50,37,20,9,0.0845,0.1795,1,1,17,6,55.21,44.79,10.42,2,2,Draw
3817864,2022-02-03,Indian Super league,2021/2022,Mumbai City,Mohun Bagan Super Giant,15,0,0,0,0.0,0.0,0.0,0,0,0,40,0,40,75.0,0.0,45,0,45,30,0,5,0,3,0,0.0,0.0,0,0,28,0,100.0,0.0,100.0,1,1,Draw
3817864,2022-02-03,Indian Super league,2021/2022,Mumbai City,Mohun Bagan Super Giant,30,1,0,1,0.2571,0.0,0.2571,4,0,4,115,0,115,80.87,0.0,66,0,66,93,0,14,0,4,0,0.2571,0.0,4,0,14,0,100.0,0.0,100.0,1,1,Draw
3817864,2022-02-03,Indian Super league,2021/2022,Mumbai City,Mohun Bagan Super Giant,45,1,0,1,0.33,0.0,0.33,5,0,5,206,0,206,77.67,0.0,87,0,87,163,0,28,0,8,0,0.0,0.0,0,0,15,0,100.0,0.0,100.0,1,1,Draw
3817864,2022-02-03,Indian Super league,2021/2022,Mumbai City,Mohun Bagan Super Giant,60,1,0,1,0.6895,0.0,0.6895,10,0,10,267,0,267,74.91,0.0,113,0,113,212,0,40,0,11,0,0.3594,0.0,5,0,16,0,100.0,0.0,100.0,1,1,Draw
3817864,2022-02-03,Indian Super league,2021/2022,Mumbai City,Mohun Bagan Super Giant,75,1,0,1,0.8122,0.0,0.8122,15,0,15,319,0,319,75.24,0.0,130,0,130,254,0,52,0,12,0,0.0745,0.0,3,0,8,0,100.0,0.0,100.0,1,1,Draw
3817864,2022-02-03,Indian Super league,2021/2022,Mumbai City,Mohun Bagan Super Giant,85,1,0,1,1.0715,0.0,1.0715,16,0,16,362,0,362,74.03,0.0,156,0,156,284,0,56,0,13,0,0.2593,0.0,1,0,26,0,100.0,0.0,100.0,1,1,Draw
3817886,2022-02-04,Indian Super league,2021/2022,Kerala Blasters,NorthEast United,15,0,0,0,0.0269,0.0715,-0.0446,2,1,1,117,76,41,76.92,69.74,38,27,11,100,61,14,10,9,7,0.0269,0.0715,2,1,21,19,57.92,42.08,15.83,2,1,Home Win
3817886,2022-02-04,Indian Super league,2021/2022,Kerala Blasters,NorthEast United,30,0,0,0,0.1117,0.1425,-0.0308,5,3,2,179,153,26,77.09,70.59,70,45,25,151,122,21,17,14,8,0.0511,0.0709,2,2,27,9,53.47,46.53,6.94,2,1,Home Win
3817886,2022-02-04,Indian Super league,2021/2022,Kerala Blasters,NorthEast United,45,0,0,0,0.1913,0.2333,-0.042,7,5,2,245,188,57,77.14,69.68,86,69,17,202,151,28,21,15,11,0.0797,0.0909,2,2,9,17,50.66,49.34,1.32,2,1,Home Win
3817886,2022-02-04,Indian Super league,2021/2022,Kerala Blasters,NorthEast United,60,0,0,0,0.3185,0.3811,-0.0627,12,8,4,319,231,88,77.43,67.1,115,102,13,265,186,41,33,20,15,0.0849,0.0772,2,1,14,14,59.88,40.12,19.76,2,1,Home Win
3817886,2022-02-04,Indian Super league,2021/2022,Kerala Blasters,NorthEast United,75,1,0,1,0.8777,0.3891,0.4886,13,9,4,364,283,81,75.82,68.55,129,119,10,297,217,47,40,23,18,0.0,0.008,0,1,5,11,30.1,69.9,-39.8,2,1,Home Win
3817886,2022-02-04,Indian Super league,2021/2022,Kerala Blasters,NorthEast United,85,2,0,2,1.4166,0.3891,1.0275,16,9,7,382,325,57,74.87,70.15,146,121,25,308,250,49,43,26,19,0.5389,0.0,3,0,17,2,82.87,17.13,65.74,2,1,Home Win
3817883,2022-02-05,Indian Super league,2021/2022,Bengaluru,Jamshedpur,15,0,1,-1,0.0888,0.4996,-0.4108,2,2,0,72,48,24,72.22,52.08,32,29,3,38,43,8,15,6,5,0.0328,0.0,1,0,14,20,55.04,44.96,10.08,3,1,Home Win
3817883,2022-02-05,Indian Super league,2021/2022,Bengaluru,Jamshedpur,30,0,1,-1,0.0966,0.5134,-0.4168,3,3,0,170,82,88,77.65,57.32,55,45,10,109,69,14,24,10,6,0.0,0.0138,0,1,13,11,47.23,52.77,-5.54,3,1,Home Win
3817883,2022-02-05,Indian Super league,2021/2022,Bengaluru,Jamshedpur,45,0,1,-1,0.6374,0.5485,0.0889,6,4,2,239,123,116,77.82,54.47,76,62,14,150,96,21,36,11,7,0.5408,0.0,3,0,11,9,80.4,19.6,60.8,3,1,Home Win
3817883,2022-02-05,Indian Super league,2021/2022,Bengaluru,Jamshedpur,60,1,1,0,1.2952,0.5921,0.703,8,5,3,335,194,141,77.91,60.82,107,83,24,223,159,34,51,12,11,0.6577,0.0,2,0,17,6,78.29,21.71,56.59,3,1,Home Win
3817883,2022-02-05,Indian Super league,2021/2022,Bengaluru,Jamshedpur,75,2,1,1,1.3863,0.6997,0.6867,10,7,3,384,237,147,77.08,60.76,125,103,22,249,190,39,64,18,12,0.0491,0.1075,1,2,15,14,40.72,59.28,-18.56,3,1,Home Win
3817883,2022-02-05,Indian Super league,2021/2022,Bengaluru,Jamshedpur,85,2,1,1,1.3863,0.8794,0.5069,10,10,0,408,272,136,76.47,62.13,146,109,37,260,217,40,68,19,14,0.0,0.1797,0,3,21,6,31.49,68.51,-37.02,3,1,Home Win
3802907,2022-02-06,Ligue 1,2021/2022,Lille,Paris Saint-Germain,15,0,1,-1,0.235,0.7807,-0.5457,3,2,1,85,124,-39,87.06,87.9,23,19,4,70,103,7,8,5,0,0.235,0.7096,3,1,12,8,53.37,46.63,6.74,1,5,Away Win
3802907,2022-02-06,Ligue 1,2021/2022,Lille,Paris Saint-Germain,30,1,1,0,0.4855,0.866,-0.3805,5,5,0,169,218,-49,85.8,89.91,41,35,6,126,184,8,12,8,2,0.2505,0.04,2,1,11,12,59.76,40.24,19.53,1,5,Away Win
3802907,2022-02-06,Ligue 1,2021/2022,Lille,Paris Saint-Germain,45,1,3,-2,0.4855,2.1607,-1.6753,5,9,-4,249,277,-28,85.14,89.89,63,57,6,191,245,17,19,9,3,0.0,0.6644,0,3,16,17,28.91,71.09,-42.19,1,5,Away Win
3802907,2022-02-06,Ligue 1,2021/2022,Lille,Paris Saint-Germain,60,1,4,-3,0.5079,2.6402,-2.1322,6,13,-7,320,414,-94,85.0,89.86,102,82,20,250,361,27,27,14,8,0.0225,0.0,1,0,23,18,55.55,44.45,11.1,1,5,Away Win
3802907,2022-02-06,Ligue 1,2021/2022,Lille,Paris Saint-Germain,75,1,5,-4,0.6331,2.7518,-2.1188,7,16,-9,392,530,-138,85.2,90.19,128,109,19,310,450,33,28,19,8,0.1251,0.0694,1,2,14,19,41.93,58.07,-16.14,1,5,Away Win
3802907,2022-02-06,Ligue 1,2021/2022,Lille,Paris Saint-Germain,85,1,5,-4,0.8148,2.9327,-2.1178,9,18,-9,437,582,-145,86.27,90.55,145,122,23,347,494,33,29,20,8,0.1818,0.1808,2,2,17,13,50.55,49.45,1.11,1,5,Away Win
3817852,2022-02-06,Indian Super league,2021/2022,Chennaiyin,Mumbai City,15,0,0,0,0.0447,0.2859,-0.2412,1,3,-2,59,113,-54,77.97,83.19,35,18,17,43,84,5,9,3,0,0.0447,0.2859,1,3,16,12,35.52,64.48,-28.96,0,1,Away Win
3817852,2022-02-06,Indian Super league,2021/2022,Chennaiyin,Mumbai City,30,0,0,0,0.0447,0.4733,-0.4286,1,5,-4,120,167,-47,75.0,78.44,51,36,15,88,115,11,13,6,2,0.0,0.026,0,1,8,10,43.82,56.18,-12.36,0,1,Away Win
3817852,2022-02-06,Indian Super league,2021/2022,Chennaiyin,Mumbai City,45,0,0,0,0.1984,0.5337,-0.3353,4,6,-2,168,246,-78,72.02,75.61,76,51,25,120,171,24,19,10,9,0.1369,0.0604,2,1,18,10,58.0,42.0,16.01,0,1,Away Win
3817852,2022-02-06,Indian Super league,2021/2022,Chennaiyin,Mumbai City,60,0,0,0,0.1984,0.697,-0.4986,4,10,-6,237,354,-117,70.89,77.4,110,78,32,168,256,31,29,16,14,0.0,0.1083,0,3,15,18,28.55,71.45,-42.89,0,1,Away Win
3817852,2022-02-06,Indian Super league,2021/2022,Chennaiyin,Mumbai City,75,0,0,0,0.2358,1.1905,-0.9547,5,11,-6,289,412,-123,71.63,76.7,118,95,23,204,293,34,37,20,16,0.0374,0.0,1,0,4,11,58.15,41.85,16.29,0,1,Away Win
3817852,2022-02-06,Indian Super league,2021/2022,Chennaiyin,Mumbai City,85,0,1,-1,0.2613,1.6737,-1.4124,6,14,-8,316,437,-121,70.25,76.2,124,104,20,218,313,40,42,20,19,0.0255,0.4832,1,3,6,9,28.9,71.1,-42.2,0,1,Away Win
3817896,2022-02-07,Indian Super league,2021/2022,East Bengal,Odisha,15,0,0,0,0.033,0.0,0.033,1,0,1,77,119,-42,68.83,78.99,28,23,5,42,95,10,9,8,0,0.033,0.0,1,0,15,15,49.41,50.59,-1.19,1,2,Away Win
3817896,2022-02-07,Indian Super league,2021/2022,East Bengal,Odisha,30,0,1,-1,0.091,0.8665,-0.7755,2,2,0,136,201,-65,72.06,78.61,54,40,14,84,159,19,18,12,2,0.0581,0.8665,1,2,14,8,35.58,64.42,-28.84,1,2,Away Win
3817896,2022-02-07,Indian Super league,2021/2022,East Bengal,Odisha,45,0,1,-1,0.1638,0.8815,-0.7177,5,4,1,229,287,-58,76.42,77.7,84,62,22,144,228,22,25,16,5,0.0265,0.015,1,2,16,14,44.47,55.53,-11.05,1,2,Away Win
3817896,2022-02-07,Indian Super league,2021/2022,East Bengal,Odisha,60,0,1,-1,0.4454,0.8815,-0.4361,10,4,6,341,351,-10,78.01,76.07,102,86,16,210,272,27,32,19,7,0.257,0.0,4,0,13,16,73.27,26.73,46.55,1,2,Away Win
3817896,2022-02-07,Indian Super league,2021/2022,East Bengal,Odisha,75,1,2,-1,0.5479,0.9354,-0.3875,12,5,7,376,435,-59,77.13,78.16,138,102,36,233,339,33,35,20,10,0.0618,0.0539,1,1,31,13,52.11,47.89,4.23,1,2,Away Win
3817896,2022-02-07,Indian Super league,2021/2022,East Bengal,Odisha,85,1,2,-1,0.5479,1.2972,-0.7493,12,8,4,409,491,-82,77.02,79.23,162,107,55,252,392,36,41,20,12,0.0,0.3618,0,3,24,5,31.97,68.03,-36.05,1,2,Away Win
3817884,2022-02-08,Indian Super league,2021/2022,SC Delhi,Mohun Bagan Super Giant,15,0,0,0,0.0,0.0,0.0,0,0,0,0,0,0,0.0,0.0,0,0,0,0,0,0,0,0,0,0.0,0.0,0,0,0,0,50.0,50.0,0.0,1,2,Away Win
3817884,2022-02-08,Indian Super league,2021/2022,SC Delhi,Mohun Bagan Super Giant,30,0,0,0,0.0,0.0,0.0,0,0,0,0,0,0,0.0,0.0,0,0,0,0,0,0,0,0,0,0.0,0.0,0,0,0,0,50.0,50.0,0.0,1,2,Away Win
3817884,2022-02-08,Indian Super league,2021/2022,SC Delhi,Mohun Bagan Super Giant,45,0,0,0,0.0,0.0,0.0,0,0,0,0,0,0,0.0,0.0,0,0,0,0,0,0,0,0,0,0.0,0.0,0,0,0,0,50.0,50.0,0.0,1,2,Away Win
3817884,2022-02-08,Indian Super league,2021/2022,SC Delhi,Mohun Bagan Super Giant,60,0,0,0,0.0,0.0,0.0,0,0,0,0,0,0,0.0,0.0,0,0,0,0,0,0,0,0,0,0.0,0.0,0,0,0,0,50.0,50.0,0.0,1,2,Away Win
3817884,2022-02-08,Indian Super league,2021/2022,SC Delhi,Mohun Bagan Super Giant,75,0,0,0,0.0,0.0,0.0,0,0,0,0,0,0,0.0,0.0,0,0,0,0,0,0,0,0,0,0.0,0.0,0,0,0,0,50.0,50.0,0.0,1,2,Away Win
3817884,2022-02-08,Indian Super league,2021/2022,SC Delhi,Mohun Bagan Super Giant,85,0,0,0,0.0,0.0,0.0,0,0,0,0,0,0,0.0,0.0,0,0,0,0,0,0,0,0,0,0.0,0.0,0,0,0,0,50.0,50.0,0.0,1,2,Away Win
3817895,2022-02-09,Indian Super league,2021/2022,Chennaiyin,Goa,15,0,1,-1,0.0,0.1276,-0.1276,0,2,-2,89,104,-15,73.03,79.81,36,21,15,52,79,9,11,2,1,0.0,0.0278,0,1,24,13,44.83,55.17,-10.33,0,5,Away Win
3817895,2022-02-09,Indian Super league,2021/2022,Chennaiyin,Goa,30,0,2,-2,0.0,0.6045,-0.6045,0,6,-6,157,242,-85,71.97,85.12,74,43,31,96,204,16,26,8,3,0.0,0.1126,0,2,23,16,34.32,65.68,-31.36,0,5,Away Win
3817895,2022-02-09,Indian Super league,2021/2022,Chennaiyin,Goa,45,0,4,-4,0.0,0.987,-0.987,0,9,-9,216,368,-152,72.22,85.33,102,66,36,133,315,22,40,10,7,0.0,0.3522,0,2,10,17,24.39,75.61,-51.21,0,5,Away Win
3817895,2022-02-09,Indian Super league,2021/2022,Chennaiyin,Goa,60,0,5,-5,0.0104,1.5213,-1.5109,1,12,-11,291,471,-180,72.51,85.56,137,98,39,168,408,27,55,13,9,0.0,0.4113,0,2,20,14,29.76,70.24,-40.47,0,5,Away Win
3817895,2022-02-09,Indian Super league,2021/2022,Chennaiyin,Goa,75,0,5,-5,0.4228,1.6691,-1.2463,4,15,-11,342,573,-231,73.98,86.39,156,125,31,204,490,32,62,16,11,0.3834,0.0883,2,2,15,16,47.42,52.58,-5.15,0,5,Away Win
3817895,2022-02-09,Indian Super league,2021/2022,Chennaiyin,Goa,85,0,5,-5,0.4281,1.7305,-1.3024,5,16,-11,372,634,-262,74.73,86.12,181,142,39,222,542,34,70,18,12,0.0053,0.0614,1,1,25,17,46.13,53.87,-7.75,0,5,Away Win
3817881,2022-02-10,Indian Super league,2021/2022,Jamshedpur,Kerala Blasters,15,0,0,0,0.0607,0.0,0.0607,1,0,1,82,62,20,67.07,58.06,23,29,-6,59,46,8,11,2,2,0.0607,0.0,1,0,13,20,56.61,43.39,13.23,3,0,Home Win
3817881,2022-02-10,Indian Super league,2021/2022,Jamshedpur,Kerala Blasters,30,0,0,0,0.0607,0.0377,0.0229,1,2,-1,149,114,35,61.74,57.02,38,66,-28,98,71,17,17,4,6,0.0,0.0377,0,2,9,29,27.74,72.26,-44.53,3,0,Home Win
3817881,2022-02-10,Indian Super league,2021/2022,Jamshedpur,Kerala Blasters,45,1,0,1,0.9565,0.073,0.8834,4,3,1,196,154,42,62.76,55.19,49,89,-40,134,88,26,20,7,7,0.8958,0.0353,3,1,6,17,68.44,31.56,36.88,3,0,Home Win
3817881,2022-02-10,Indian Super league,2021/2022,Jamshedpur,Kerala Blasters,60,3,0,3,1.9312,0.1234,1.8078,8,4,4,245,195,50,62.04,54.87,60,99,-39,160,110,28,26,9,13,0.1683,0.0,2,0,9,6,75.07,24.93,50.15,3,0,Home Win
3817881,2022-02-10,Indian Super league,2021/2022,Jamshedpur,Kerala Blasters,75,3,0,3,1.9583,0.2139,1.7443,10,8,2,294,279,15,61.9,63.8,94,116,-22,201,188,37,35,10,18,0.0066,0.0224,1,2,25,11,45.5,54.5,-8.99,3,0,Home Win
3817881,2022-02-10,Indian Super league,2021/2022,Jamshedpur,Kerala Blasters,85,3,0,3,2.0143,0.2812,1.7331,12,10,2,322,313,9,61.18,64.86,106,126,-20,220,206,43,37,10,21,0.056,0.0673,2,2,12,10,52.05,47.95,4.11,3,0,Home Win
3802795,2022-02-11,Ligue 1,2021/2022,Paris Saint-Germain,Rennes,15,0,0,0,0.0,0.2078,-0.2078,0,4,-4,176,80,96,93.18,86.25,22,37,-15,166,56,4,5,4,2,0.0,0.2078,0,4,15,19,31.75,68.25,-36.49,1,0,Home Win
3802795,2022-02-11,Ligue 1,2021/2022,Paris Saint-Germain,Rennes,30,0,0,0,0.0718,0.2371,-0.1653,1,5,-4,323,156,167,93.5,86.54,35,61,-26,309,117,8,9,6,2,0.0,0.0,0,0,6,15,55.81,44.19,11.63,1,0,Home Win
3802795,2022-02-11,Ligue 1,2021/2022,Paris Saint-Germain,Rennes,45,0,0,0,0.2869,0.3662,-0.0793,5,6,-1,443,200,243,92.1,82.5,49,92,-43,421,146,18,12,9,5,0.2053,0.1291,3,1,10,21,63.97,36.03,27.95,1,0,Home Win
3802795,2022-02-11,Ligue 1,2021/2022,Paris Saint-Germain,Rennes,60,0,0,0,0.3143,0.6394,-0.3251,6,11,-5,545,289,256,91.56,83.74,75,141,-66,515,226,23,22,11,9,0.0,0.2321,0,4,16,39,26.35,73.65,-47.31,1,0,Home Win
3802795,2022-02-11,Ligue 1,2021/2022,Paris Saint-Germain,Rennes,75,0,0,0,0.8091,0.7439,0.0652,9,12,-3,626,341,285,91.37,82.99,89,168,-79,591,263,28,28,13,13,0.0199,0.1045,1,1,11,20,47.01,52.99,-5.97,1,0,Home Win
3802795,2022-02-11,Ligue 1,2021/2022,Paris Saint-Germain,Rennes,85,0,0,0,0.9496,0.7518,0.1978,11,13,-2,684,388,296,91.23,84.02,111,189,-78,651,298,36,33,14,15,0.1405,0.0079,2,1,22,21,60.27,39.73,20.55,1,0,Home Win
3817869,2022-02-11,Indian Super league,2021/2022,Bengaluru,SC Delhi,15,0,0,0,0.0522,0.0,0.0522,1,0,1,91,0,91,79.12,0.0,25,0,25,72,0,6,0,5,0,0.0,0.0,0,0,14,0,100.0,0.0,100.0,1,2,Away Win
3817869,2022-02-11,Indian Super league,2021/2022,Bengaluru,SC Delhi,30,0,0,0,0.0522,0.0,0.0522,1,0,1,123,0,123,69.92,0.0,56,0,56,86,0,8,0,7,0,0.0,0.0,0,0,18,0,100.0,0.0,100.0,1,2,Away Win
3817869,2022-02-11,Indian Super league,2021/2022,Bengaluru,SC Delhi,45,0,0,0,0.0588,0.0,0.0588,2,0,2,221,0,221,75.11,0.0,81,0,81,163,0,14,0,9,0,0.0066,0.0,1,0,15,0,100.0,0.0,100.0,1,2,Away Win
3817869,2022-02-11,Indian Super league,2021/2022,Bengaluru,SC Delhi,60,0,0,0,0.2202,0.0,0.2202,4,0,4,309,0,309,76.05,0.0,109,0,109,222,0,26,0,9,0,0.1614,0.0,2,0,13,0,100.0,0.0,100.0,1,2,Away Win
3817869,2022-02-11,Indian Super league,2021/2022,Bengaluru,SC Delhi,75,0,0,0,0.4386,0.0,0.4386,6,0,6,370,0,370,75.95,0.0,126,0,126,261,0,33,0,9,0,0.2183,0.0,2,0,9,0,100.0,0.0,100.0,1,2,Away Win
3817869,2022-02-11,Indian Super league,2021/2022,Bengaluru,SC Delhi,85,0,0,0,0.6111,0.0,0.6111,7,0,7,405,0,405,74.81,0.0,145,0,145,277,0,36,0,11,0,0.1725,0.0,1,0,19,0,100.0,0.0,100.0,1,2,Away Win
3817873,2022-02-12,Indian Super league,2021/2022,Mohun Bagan Super Giant,NorthEast United,15,0,0,0,0.3999,0.0154,0.3846,5,1,4,102,68,34,88.24,70.59,24,35,-11,95,45,9,12,2,1,0.3999,0.0154,5,1,12,11,71.23,28.77,42.46,3,1,Home Win
3817873,2022-02-12,Indian Super league,2021/2022,Mohun Bagan Super Giant,NorthEast United,30,1,1,0,0.5462,0.2243,0.3219,7,5,2,187,118,69,87.17,75.42,33,53,-20,168,78,15,18,4,1,0.1463,0.0647,2,3,5,12,45.3,54.7,-9.4,3,1,Home Win
3817873,2022-02-12,Indian Super league,2021/2022,Mohun Bagan Super Giant,NorthEast United,45,2,1,1,1.3234,0.3776,0.9458,12,11,1,259,177,82,86.49,76.84,54,62,-8,228,134,21,31,7,3,0.7772,0.0531,5,2,10,5,70.24,29.76,40.48,3,1,Home Win
3817873,2022-02-12,Indian Super league,2021/2022,Mohun Bagan Super Giant,NorthEast United,60,3,1,2,2.0134,0.4394,1.5739,15,12,3,349,219,130,85.96,73.06,71,87,-16,306,160,27,38,13,7,0.69,0.0618,3,1,11,12,71.07,28.93,42.14,3,1,Home Win
3817873,2022-02-12,Indian Super league,2021/2022,Mohun Bagan Super Giant,NorthEast United,75,3,1,2,2.0134,0.6597,1.3537,15,15,0,427,290,137,85.48,72.76,99,103,-4,366,222,35,54,16,9,0.0,0.2202,0,3,21,12,34.05,65.95,-31.91,3,1,Home Win
3817873,2022-02-12,Indian Super league,2021/2022,Mohun Bagan Super Giant,NorthEast United,85,3,1,2,2.0134,1.0909,0.9225,15,21,-6,455,347,108,84.84,74.35,108,110,-2,385,268,38,61,19,10,0.0,0.4312,0,6,9,7,13.99,86.01,-72.01,3,1,Home Win
3817862,2022-02-13,Indian Super league,2021/2022,Mumbai City,Odisha,15,0,0,0,0.0262,0.0142,0.0121,2,1,1,91,67,24,72.53,73.13,41,22,19,54,51,10,10,4,5,0.0262,0.0142,2,1,21,11,61.09,38.91,22.17,4,1,Home Win
3817862,2022-02-13,Indian Super league,2021/2022,Mumbai City,Odisha,30,0,0,0,0.1541,0.0616,0.0925,4,2,2,200,116,84,78.0,71.55,74,51,23,135,85,23,16,6,7,0.0,0.0474,0,1,21,19,50.91,49.09,1.81,4,1,Home Win
3817862,2022-02-13,Indian Super league,2021/2022,Mumbai City,Odisha,45,1,0,1,0.2388,0.2233,0.0155,6,7,-1,255,170,85,78.82,73.53,99,67,32,179,125,27,24,7,9,0.0682,0.0949,1,3,17,15,41.37,58.63,-17.26,4,1,Home Win
3817862,2022-02-13,Indian Super league,2021/2022,Mumbai City,Odisha,60,2,0,2,0.339,0.2413,0.0977,9,8,1,355,234,121,79.15,72.65,121,99,22,265,172,37,28,9,11,0.0837,0.018,2,1,11,18,58.51,41.49,17.01,4,1,Home Win
3817862,2022-02-13,Indian Super league,2021/2022,Mumbai City,Odisha,75,4,0,4,0.7349,0.3667,0.3681,11,10,1,431,301,130,79.81,76.41,132,126,6,330,232,46,34,9,11,0.3958,0.0275,2,1,7,18,57.45,42.55,14.89,4,1,Home Win
3817862,2022-02-13,Indian Super league,2021/2022,Mumbai City,Odisha,85,4,0,4,0.7843,0.4014,0.3829,12,11,1,487,356,131,80.29,78.09,141,141,0,379,281,50,38,10,12,0.0495,0.0347,1,1,9,15,46.8,53.2,-6.41,4,1,Home Win
3817902,2022-02-14,Indian Super league,2021/2022,Kerala Blasters,East Bengal,15,0,0,0,0.0898,0.0,0.0898,3,0,3,96,75,21,72.92,64.0,21,28,-7,79,42,11,10,3,3,0.0898,0.0,3,0,10,14,71.56,28.44,43.13,1,0,Home Win
3817902,2022-02-14,Indian Super league,2021/2022,Kerala Blasters,East Bengal,30,0,0,0,0.3074,0.007,0.3004,10,1,9,164,128,36,72.56,61.72,29,50,-21,126,70,23,13,4,7,0.1256,0.007,5,1,5,16,67.67,32.33,35.34,1,0,Home Win
3817902,2022-02-14,Indian Super league,2021/2022,Kerala Blasters,East Bengal,45,0,0,0,0.3074,0.0271,0.2803,10,2,8,233,183,50,68.67,60.11,43,79,-36,171,110,30,28,5,11,0.0,0.0,0,0,10,27,40.17,59.83,-19.65,1,0,Home Win
3817902,2022-02-14,Indian Super league,2021/2022,Kerala Blasters,East Bengal,60,1,0,1,0.4894,0.1893,0.3001,13,5,8,307,239,68,70.68,61.09,59,102,-43,224,148,35,38,7,12,0.106,0.0762,1,1,6,14,44.35,55.65,-11.31,1,0,Home Win
3817902,2022-02-14,Indian Super league,2021/2022,Kerala Blasters,East Bengal,75,1,0,1,0.6356,0.2161,0.4194,15,6,9,385,319,66,70.91,65.83,73,122,-49,288,203,48,47,9,15,0.0711,0.0268,1,1,6,13,43.39,56.61,-13.21,1,0,Home Win
3817902,2022-02-14,Indian Super league,2021/2022,Kerala Blasters,East Bengal,85,1,0,1,0.6356,0.4265,0.2091,15,8,7,412,391,21,69.42,69.57,89,135,-46,306,259,54,50,12,19,0.0,0.2103,0,2,16,13,29.25,70.75,-41.51,1,0,Home Win
3817848,2022-02-15,Indian Super league,2021/2022,Goa,Mohun Bagan Super Giant,15,0,0,0,0.0,0.0,0.0,0,0,0,76,0,76,82.89,0.0,30,0,30,60,0,8,0,1,0,0.0,0.0,0,0,21,0,100.0,0.0,100.0,0,2,Away Win
3817848,2022-02-15,Indian Super league,2021/2022,Goa,Mohun Bagan Super Giant,30,0,0,0,0.1123,0.0,0.1123,3,0,3,179,0,179,82.68,0.0,44,0,44,142,0,16,0,1,0,0.0368,0.0,2,0,7,0,100.0,0.0,100.0,0,2,Away Win
3817848,2022-02-15,Indian Super league,2021/2022,Goa,Mohun Bagan Super Giant,45,0,0,0,0.1536,0.0,0.1536,5,0,5,263,0,263,83.27,0.0,64,0,64,209,0,23,0,3,0,0.02,0.0,1,0,12,0,100.0,0.0,100.0,0,2,Away Win
3817848,2022-02-15,Indian Super league,2021/2022,Goa,Mohun Bagan Super Giant,60,0,0,0,0.1798,0.0,0.1798,6,0,6,375,0,375,80.8,0.0,114,0,114,278,0,36,0,11,0,0.0262,0.0,1,0,21,0,100.0,0.0,100.0,0,2,Away Win
3817848,2022-02-15,Indian Super league,2021/2022,Goa,Mohun Bagan Super Giant,75,0,0,0,0.754,0.0,0.754,13,0,13,462,0,462,80.3,0.0,132,0,132,339,0,48,0,12,0,0.5476,0.0,6,0,15,0,100.0,0.0,100.0,0,2,Away Win
3817848,2022-02-15,Indian Super league,2021/2022,Goa,Mohun Bagan Super Giant,85,0,0,0,0.754,0.0,0.754,13,0,13,542,0,542,80.81,0.0,141,0,141,391,0,52,0,13,0,0.0,0.0,0,0,9,0,100.0,0.0,100.0,0,2,Away Win
3817880,2022-02-16,Indian Super league,2021/2022,Odisha,Chennaiyin,15,0,1,-1,0.0104,0.4355,-0.4251,1,2,-1,85,87,-2,76.47,75.86,18,27,-9,64,69,10,11,6,3,0.0104,0.0,1,0,12,21,51.01,48.99,2.01,2,2,Draw
3817880,2022-02-16,Indian Super league,2021/2022,Odisha,Chennaiyin,30,1,1,0,0.1884,0.4485,-0.26,3,3,0,177,160,17,82.49,78.75,30,50,-20,137,124,18,19,7,4,0.0,0.013,0,1,8,16,37.86,62.14,-24.28,2,2,Draw
3817880,2022-02-16,Indian Super league,2021/2022,Odisha,Chennaiyin,45,1,1,0,0.363,0.5012,-0.1382,7,6,1,235,229,6,80.85,77.29,42,64,-22,178,176,26,25,10,7,0.1746,0.0243,4,1,8,12,66.52,33.48,33.04,2,2,Draw
3817880,2022-02-16,Indian Super league,2021/2022,Odisha,Chennaiyin,60,2,1,1,1.7266,0.7646,0.962,14,10,4,288,337,-49,77.08,79.53,56,80,-24,217,258,42,33,11,10,0.0344,0.1074,1,2,9,9,36.74,63.26,-26.51,2,2,Draw
3817880,2022-02-16,Indian Super league,2021/2022,Odisha,Chennaiyin,75,2,2,0,1.8327,0.8841,0.9487,17,12,5,318,420,-102,74.84,78.81,73,87,-14,234,324,51,43,12,11,0.0564,0.0873,2,1,8,4,56.58,43.42,13.16,2,2,Draw
3817880,2022-02-16,Indian Super league,2021/2022,Odisha,Chennaiyin,85,2,2,0,1.8824,1.5605,0.3219,18,14,4,336,465,-129,73.21,78.49,85,95,-10,244,358,53,48,13,11,0.0496,0.6765,1,2,12,8,31.56,68.44,-36.88,2,2,Draw
3817901,2022-02-17,Indian Super league,2021/2022,Jamshedpur,Mumbai City,15,1,0,1,0.5943,0.0066,0.5877,3,1,2,66,74,-8,78.79,75.68,22,25,-3,54,50,7,9,2,1,0.3416,0.0066,2,1,11,20,57.82,42.18,15.63,3,2,Home Win
3817901,2022-02-17,Indian Super league,2021/2022,Jamshedpur,Mumbai City,30,2,0,2,1.5361,0.0613,1.4748,5,3,2,110,179,-69,71.82,82.12,69,41,28,83,142,13,18,8,4,0.9418,0.0547,2,2,27,4,62.75,37.25,25.49,3,2,Home Win
3817901,2022-02-17,Indian Super league,2021/2022,Jamshedpur,Mumbai City,45,2,0,2,1.6975,0.1226,1.5749,6,5,1,153,289,-136,66.01,78.89,111,58,53,118,217,25,31,11,7,0.1614,0.0613,1,2,32,13,48.24,51.76,-3.52,3,2,Home Win
3817901,2022-02-17,Indian Super league,2021/2022,Jamshedpur,Mumbai City,60,2,1,1,1.7755,0.6718,1.1037,7,9,-2,207,396,-189,65.7,80.81,140,91,49,160,306,35,46,15,8,0.078,0.4908,1,3,19,18,30.95,69.05,-38.09,3,2,Home Win
3817901,2022-02-17,Indian Super league,2021/2022,Jamshedpur,Mumbai City,75,2,1,1,1.7755,1.7271,0.0484,7,14,-7,237,488,-251,64.56,82.17,182,102,80,178,382,40,56,18,8,0.0,1.0413,0,4,28,5,24.6,75.4,-50.8,3,2,Home Win
3817901,2022-02-17,Indian Super league,2021/2022,Jamshedpur,Mumbai City,85,2,2,0,1.7755,2.5289,-0.7534,7,16,-9,252,525,-273,63.49,81.9,193,104,89,184,411,41,63,19,9,0.0,0.8018,0,2,11,2,18.77,81.23,-62.45,3,2,Home Win
3817877,2022-02-18,Indian Super league,2021/2022,NorthEast United,Bengaluru,15,0,0,0,0.0,0.1527,-0.1527,0,3,-3,61,101,-40,73.77,81.19,16,23,-7,43,83,5,7,2,0,0.0,0.117,0,2,11,10,25.71,74.29,-48.59,2,1,Home Win
3817877,2022-02-18,Indian Super league,2021/2022,NorthEast United,Bengaluru,30,0,0,0,0.4583,0.1938,0.2645,5,5,0,112,169,-57,71.43,81.07,37,40,-3,82,138,16,15,3,3,0.3811,0.006,4,1,9,11,69.28,30.72,38.56,2,1,Home Win
3817877,2022-02-18,Indian Super league,2021/2022,NorthEast United,Bengaluru,45,0,0,0,0.5018,0.4197,0.0821,7,6,1,178,271,-93,73.6,81.18,59,60,-1,138,217,27,24,8,3,0.0173,0.0,1,0,14,12,53.22,46.78,6.44,2,1,Home Win
3817877,2022-02-18,Indian Super league,2021/2022,NorthEast United,Bengaluru,60,0,0,0,0.6778,1.0397,-0.3619,8,11,-3,217,377,-160,70.51,79.84,108,87,21,163,305,36,37,10,5,0.0,0.5833,0,4,37,19,29.64,70.36,-40.71,2,1,Home Win
3817877,2022-02-18,Indian Super league,2021/2022,NorthEast United,Bengaluru,75,1,1,0,0.7985,1.5772,-0.7788,10,14,-4,264,447,-183,70.83,80.76,134,106,28,200,365,45,45,10,7,0.0546,0.1249,1,2,20,16,46.11,53.89,-7.78,2,1,Home Win
3817877,2022-02-18,Indian Super league,2021/2022,NorthEast United,Bengaluru,85,2,1,1,1.8287,1.604,0.2247,12,15,-3,283,502,-219,70.32,81.27,149,113,36,212,410,48,51,10,9,1.0302,0.0268,2,1,15,7,66.11,33.89,32.21,2,1,Home Win
3802839,2022-02-19,Ligue 1,2021/2022,Nantes,Paris Saint-Germain,15,2,0,2,0.3014,0.5571,-0.2557,3,2,1,78,166,-88,78.21,93.98,56,25,31,65,149,11,10,5,2,0.0695,0.4473,2,1,35,18,53.32,46.68,6.64,3,1,Home Win
3802839,2022-02-19,Ligue 1,2021/2022,Nantes,Paris Saint-Germain,30,2,0,2,1.1818,1.6144,-0.4326,6,6,0,116,313,-197,78.45,92.97,94,48,46,99,271,19,21,10,5,0.316,0.9994,2,3,27,20,37.48,62.52,-25.03,3,1,Home Win
3802839,2022-02-19,Ligue 1,2021/2022,Nantes,Paris Saint-Germain,45,2,0,2,1.2299,1.7052,-0.4753,7,7,0,154,413,-259,81.17,92.01,109,58,51,131,346,21,28,12,5,0.0,0.0,0,0,9,4,42.09,57.91,-15.83,3,1,Home Win
3802839,2022-02-19,Ligue 1,2021/2022,Nantes,Paris Saint-Germain,60,3,1,2,2.1884,2.8929,-0.7045,10,12,-2,230,513,-283,78.26,90.84,133,84,49,182,426,31,34,14,7,0.0,1.0468,0,4,17,14,21.83,78.17,-56.34,3,1,Home Win
3802839,2022-02-19,Ligue 1,2021/2022,Nantes,Paris Saint-Germain,75,3,1,2,2.2166,3.5606,-1.3439,11,14,-3,264,626,-362,78.03,90.73,163,102,61,216,531,37,44,18,7,0.0,0.6677,0,2,21,10,24.96,75.04,-50.07,3,1,Home Win
3802839,2022-02-19,Ligue 1,2021/2022,Nantes,Paris Saint-Germain,85,3,1,2,2.3669,3.6631,-1.2962,13,16,-3,292,688,-396,77.05,90.99,178,108,70,236,588,43,50,18,7,0.1503,0.1025,2,2,15,6,49.53,50.47,-0.95,3,1,Home Win
3817855,2022-02-19,Indian Super league,2021/2022,Kerala Blasters,Mohun Bagan Super Giant,15,1,0,1,0.0559,0.0,0.0559,2,0,2,67,0,67,80.6,0.0,17,0,17,55,0,8,0,1,0,0.0559,0.0,2,0,12,0,100.0,0.0,100.0,2,2,Draw
3817855,2022-02-19,Indian Super league,2021/2022,Kerala Blasters,Mohun Bagan Super Giant,30,1,0,1,0.2451,0.0,0.2451,4,0,4,144,0,144,75.0,0.0,39,0,39,112,0,20,0,1,0,0.1892,0.0,2,0,15,0,100.0,0.0,100.0,2,2,Draw
3817855,2022-02-19,Indian Super league,2021/2022,Kerala Blasters,Mohun Bagan Super Giant,45,1,0,1,0.2733,0.0,0.2733,7,0,7,210,0,210,70.95,0.0,54,0,54,158,0,28,0,3,0,0.0185,0.0,2,0,12,0,100.0,0.0,100.0,2,2,Draw
3817855,2022-02-19,Indian Super league,2021/2022,Kerala Blasters,Mohun Bagan Super Giant,60,1,0,1,0.3297,0.0,0.3297,9,0,9,262,0,262,70.99,0.0,90,0,90,202,0,37,0,8,0,0.0266,0.0,1,0,20,0,100.0,0.0,100.0,2,2,Draw
3817855,2022-02-19,Indian Super league,2021/2022,Kerala Blasters,Mohun Bagan Super Giant,75,2,0,2,0.5879,0.0,0.5879,13,0,13,292,0,292,67.81,0.0,121,0,121,222,0,47,0,9,0,0.0,0.0,0,0,15,0,100.0,0.0,100.0,2,2,Draw
3817855,2022-02-19,Indian Super league,2021/2022,Kerala Blasters,Mohun Bagan Super Giant,85,2,0,2,0.5879,0.0,0.5879,13,0,13,307,0,307,66.45,0.0,143,0,143,234,0,54,0,10,0,0.0,0.0,0,0,22,0,100.0,0.0,100.0,2,2,Draw
3817863,2022-02-19,Indian Super league,2021/2022,SC Delhi,Goa,15,0,0,0,0.0,0.2482,-0.2482,0,1,-1,0,89,-89,0.0,80.9,0,17,-17,0,73,0,9,0,3,0.0,0.0,0,0,0,9,0.0,100.0,-100.0,3,2,Home Win
3817863,2022-02-19,Indian Super league,2021/2022,SC Delhi,Goa,30,0,0,0,0.0,0.3739,-0.3739,0,3,-3,0,141,-141,0.0,77.3,0,30,-30,0,116,0,17,0,6,0.0,0.0949,0,1,0,7,0.0,100.0,-100.0,3,2,Home Win
3817863,2022-02-19,Indian Super league,2021/2022,SC Delhi,Goa,45,0,1,-1,0.0,0.6688,-0.6688,0,9,-9,0,247,-247,0.0,80.16,0,43,-43,0,205,0,28,0,9,0.0,0.1525,0,3,0,13,0.0,100.0,-100.0,3,2,Home Win
3817863,2022-02-19,Indian Super league,2021/2022,SC Delhi,Goa,60,0,1,-1,0.0,0.718,-0.718,0,11,-11,0,318,-318,0.0,77.36,0,70,-70,0,266,0,48,0,13,0.0,0.0492,0,2,0,14,0.0,100.0,-100.0,3,2,Home Win
3817863,2022-02-19,Indian Super league,2021/2022,SC Delhi,Goa,75,0,2,-2,0.0,0.99,-0.99,0,13,-13,0,404,-404,0.0,79.7,0,89,-89,0,337,0,52,0,16,0.0,0.272,0,2,0,15,0.0,100.0,-100.0,3,2,Home Win
3817863,2022-02-19,Indian Super league,2021/2022,SC Delhi,Goa,85,0,2,-2,0.0,1.0332,-1.0332,0,14,-14,0,453,-453,0.0,79.47,0,95,-95,0,382,0,60,0,17,0.0,0.0432,0,1,0,6,0.0,100.0,-100.0,3,2,Home Win
3817900,2022-02-20,Indian Super league,2021/2022,Chennaiyin,Jamshedpur,15,0,0,0,0.0838,0.2465,-0.1627,2,6,-4,82,106,-24,69.51,72.64,47,48,-1,69,75,13,14,2,1,0.0675,0.169,1,3,31,32,39.39,60.61,-21.23,1,4,Away Win
3817900,2022-02-20,Indian Super league,2021/2022,Chennaiyin,Jamshedpur,30,0,1,-1,0.1078,1.4206,-1.3128,3,14,-11,140,169,-29,71.43,75.15,80,66,14,112,134,19,24,3,3,0.024,1.078,1,5,14,11,25.22,74.78,-49.56,1,4,Away Win
3817900,2022-02-20,Indian Super league,2021/2022,Chennaiyin,Jamshedpur,45,0,4,-4,0.1078,1.8527,-1.745,3,18,-15,226,238,-12,76.99,75.63,116,89,27,179,194,22,34,5,4,0.0,0.2013,0,3,27,17,38.97,61.03,-22.05,1,4,Away Win
3817900,2022-02-20,Indian Super league,2021/2022,Chennaiyin,Jamshedpur,60,1,4,-3,0.4837,3.0296,-2.5459,7,24,-17,329,305,24,79.03,74.43,148,132,16,267,244,32,45,7,5,0.2506,0.3706,2,3,15,27,44.08,55.92,-11.85,1,4,Away Win
3817900,2022-02-20,Indian Super league,2021/2022,Chennaiyin,Jamshedpur,75,1,4,-3,0.5899,3.2995,-2.7097,9,26,-17,379,351,28,78.1,72.36,178,155,23,305,279,37,54,8,10,0.1062,0.2699,2,2,20,17,50.75,49.25,1.49,1,4,Away Win
3817900,2022-02-20,Indian Super league,2021/2022,Chennaiyin,Jamshedpur,85,1,4,-3,0.6365,3.3218,-2.6853,11,27,-16,420,377,43,77.86,70.29,191,183,8,332,295,42,60,9,13,0.0466,0.0223,2,1,13,28,50.18,49.82,0.36,1,4,Away Win
3817872,2022-02-21,Indian Super league,2021/2022,Bengaluru,Odisha,15,0,1,-1,0.1584,0.8139,-0.6555,2,4,-2,95,55,40,81.05,70.91,32,20,12,69,31,4,5,2,2,0.0575,0.8139,1,4,17,15,33.51,66.49,-32.98,2,1,Home Win
3817872,2022-02-21,Indian Super league,2021/2022,Bengaluru,Odisha,30,1,1,0,0.6755,0.8139,-0.1384,5,4,1,179,109,70,80.45,70.64,64,45,19,136,68,13,10,8,4,0.3808,0.0,2,0,22,14,72.8,27.2,45.61,2,1,Home Win
3817872,2022-02-21,Indian Super league,2021/2022,Bengaluru,Odisha,45,1,1,0,0.6817,0.8801,-0.1984,6,5,1,236,174,62,77.12,73.56,103,71,32,174,125,22,21,9,8,0.0062,0.0662,1,1,34,18,51.46,48.54,2.92,2,1,Home Win
3817872,2022-02-21,Indian Super league,2021/2022,Bengaluru,Odisha,60,2,1,1,1.9445,1.2432,0.7014,11,8,3,315,240,75,78.73,73.75,124,100,24,238,173,29,28,14,10,0.4793,0.0843,4,2,10,23,60.34,39.66,20.68,2,1,Home Win
3817872,2022-02-21,Indian Super league,2021/2022,Bengaluru,Odisha,75,2,1,1,1.9445,1.4295,0.5151,11,10,1,362,295,67,75.41,73.56,154,111,43,265,214,36,35,19,13,0.0,0.1863,0,2,19,6,36.35,63.65,-27.3,2,1,Home Win
3817872,2022-02-21,Indian Super league,2021/2022,Bengaluru,Odisha,85,2,1,1,1.9445,1.6197,0.3248,11,12,-1,390,341,49,73.59,74.19,172,121,51,280,253,39,41,24,17,0.0,0.1902,0,2,18,10,31.88,68.12,-36.24,2,1,Home Win
3817885,2022-02-22,Indian Super league,2021/2022,Mumbai City,East Bengal,15,0,0,0,0.0,0.1945,-0.1945,0,2,-2,86,69,17,80.23,71.01,21,32,-11,59,46,6,9,3,3,0.0,0.0598,0,1,11,18,36.7,63.3,-26.61,1,0,Home Win
3817885,2022-02-22,Indian Super league,2021/2022,Mumbai City,East Bengal,30,0,0,0,0.0463,0.2003,-0.154,1,3,-2,157,122,35,79.62,72.13,34,56,-22,111,80,14,15,5,5,0.0463,0.0059,1,1,10,11,48.71,51.29,-2.59,1,0,Home Win
3817885,2022-02-22,Indian Super league,2021/2022,Mumbai City,East Bengal,45,0,0,0,0.1118,0.2983,-0.1865,4,6,-2,264,164,100,79.92,68.9,53,87,-34,200,113,28,21,7,8,0.0264,0.098,1,3,12,19,39.39,60.61,-21.22,1,0,Home Win
3817885,2022-02-22,Indian Super league,2021/2022,Mumbai City,East Bengal,60,1,0,1,0.8281,0.3556,0.4725,9,7,2,329,227,102,79.94,71.37,77,117,-40,256,164,38,26,8,12,0.0341,0.0573,2,1,16,19,55.5,44.5,10.99,1,0,Home Win
3817885,2022-02-22,Indian Super league,2021/2022,Mumbai City,East Bengal,75,1,0,1,0.9591,0.3935,0.5656,11,8,3,401,284,117,78.8,74.3,93,132,-39,307,216,45,34,10,16,0.087,0.0379,1,1,11,8,48.56,51.44,-2.88,1,0,Home Win
3817885,2022-02-22,Indian Super league,2021/2022,Mumbai City,East Bengal,85,1,0,1,1.289,0.9763,0.3127,12,11,1,437,331,106,78.49,74.62,105,146,-41,337,254,51,41,12,17,0.3299,0.5828,1,3,12,14,36.15,63.85,-27.7,1,0,Home Win
3817897,2022-02-23,Indian Super league,2021/2022,SC Delhi,Kerala Blasters,15,0,0,0,0.0,0.0,0.0,0,0,0,0,68,-68,0.0,76.47,0,37,-37,0,54,0,6,0,0,0.0,0.0,0,0,0,15,0.0,100.0,-100.0,2,1,Home Win
3817897,2022-02-23,Indian Super league,2021/2022,SC Delhi,Kerala Blasters,30,0,0,0,0.0,0.0641,-0.0641,0,2,-2,0,118,-118,0.0,74.58,0,57,-57,0,90,0,13,0,1,0.0,0.0594,0,1,0,9,0.0,100.0,-100.0,2,1,Home Win
3817897,2022-02-23,Indian Super league,2021/2022,SC Delhi,Kerala Blasters,45,0,0,0,0.0,0.2542,-0.2542,0,4,-4,0,206,-206,0.0,75.73,0,80,-80,0,155,0,19,0,3,0.0,0.1901,0,2,0,16,0.0,100.0,-100.0,2,1,Home Win
3817897,2022-02-23,Indian Super league,2021/2022,SC Delhi,Kerala Blasters,60,0,0,0,0.0,0.9443,-0.9443,0,10,-10,0,282,-282,0.0,72.34,0,112,-112,0,206,0,30,0,4,0.0,0.3514,0,4,0,16,0.0,100.0,-100.0,2,1,Home Win
3817897,2022-02-23,Indian Super league,2021/2022,SC Delhi,Kerala Blasters,75,0,0,0,0.0,1.2556,-1.2556,0,15,-15,0,339,-339,0.0,71.39,0,127,-127,0,242,0,38,0,6,0.0,0.248,0,4,0,7,0.0,100.0,-100.0,2,1,Home Win
3817897,2022-02-23,Indian Super league,2021/2022,SC Delhi,Kerala Blasters,85,0,0,0,0.0,1.3151,-1.3151,0,17,-17,0,390,-390,0.0,71.54,0,150,-150,0,279,0,41,0,8,0.0,0.0595,0,2,0,23,0.0,100.0,-100.0,2,1,Home Win
3817892,2022-02-24,Indian Super league,2021/2022,Odisha,Mohun Bagan Super Giant,15,1,0,1,0.2308,0.0,0.2308,1,0,1,56,0,56,75.0,0.0,35,0,35,42,0,9,0,0,0,0.0,0.0,0,0,25,0,100.0,0.0,100.0,1,1,Draw
3817892,2022-02-24,Indian Super league,2021/2022,Odisha,Mohun Bagan Super Giant,30,1,0,1,1.0143,0.0,1.0143,2,0,2,142,0,142,79.58,0.0,53,0,53,116,0,19,0,2,0,0.7835,0.0,1,0,12,0,100.0,0.0,100.0,1,1,Draw
3817892,2022-02-24,Indian Super league,2021/2022,Odisha,Mohun Bagan Super Giant,45,1,0,1,1.3062,0.0,1.3062,8,0,8,191,0,191,81.15,0.0,73,0,73,159,0,27,0,4,0,0.2919,0.0,6,0,8,0,100.0,0.0,100.0,1,1,Draw
3817892,2022-02-24,Indian Super league,2021/2022,Odisha,Mohun Bagan Super Giant,60,1,0,1,1.314,0.0,1.314,9,0,9,237,0,237,77.64,0.0,107,0,107,195,0,37,0,9,0,0.0,0.0,0,0,16,0,100.0,0.0,100.0,1,1,Draw
3817892,2022-02-24,Indian Super league,2021/2022,Odisha,Mohun Bagan Super Giant,75,1,0,1,1.3389,0.0,1.3389,10,0,10,288,0,288,75.35,0.0,122,0,122,234,0,43,0,10,0,0.0,0.0,0,0,10,0,100.0,0.0,100.0,1,1,Draw
3817892,2022-02-24,Indian Super league,2021/2022,Odisha,Mohun Bagan Super Giant,85,1,0,1,1.3389,0.0,1.3389,10,0,10,305,0,305,73.77,0.0,146,0,146,240,0,44,0,11,0,0.0,0.0,0,0,24,0,100.0,0.0,100.0,1,1,Draw
3817859,2022-02-25,Indian Super league,2021/2022,NorthEast United,Jamshedpur,15,0,0,0,0.0353,0.1518,-0.1166,1,3,-2,70,92,-22,72.86,76.09,27,30,-3,52,54,14,13,3,5,0.0,0.1015,0,2,18,20,35.29,64.71,-29.43,2,3,Away Win
3817859,2022-02-25,Indian Super league,2021/2022,NorthEast United,Jamshedpur,30,0,0,0,0.0903,0.2815,-0.1912,2,5,-3,140,129,11,79.29,72.09,40,68,-28,110,77,20,18,6,6,0.055,0.1296,1,2,12,25,38.87,61.13,-22.27,2,3,Away Win
3817859,2022-02-25,Indian Super league,2021/2022,NorthEast United,Jamshedpur,45,0,1,-1,0.0903,0.4103,-0.3201,2,7,-5,212,194,18,77.36,70.62,59,101,-42,163,123,29,29,8,9,0.0,0.0454,0,1,13,26,36.47,63.53,-27.06,2,3,Away Win
3817859,2022-02-25,Indian Super league,2021/2022,NorthEast United,Jamshedpur,60,0,2,-2,0.1823,0.8958,-0.7136,5,9,-4,288,228,60,76.04,66.67,70,133,-63,209,137,36,37,10,11,0.0617,0.4855,2,2,5,23,40.19,59.81,-19.62,2,3,Away Win
3817859,2022-02-25,Indian Super league,2021/2022,NorthEast United,Jamshedpur,75,2,2,0,1.7504,1.0077,0.7427,10,12,-2,356,266,90,77.25,66.54,77,150,-73,263,161,42,41,11,13,0.9582,0.1118,1,3,4,8,50.93,49.07,1.85,2,3,Away Win
3817859,2022-02-25,Indian Super league,2021/2022,NorthEast United,Jamshedpur,85,2,3,-1,1.7881,1.5931,0.1949,11,15,-4,390,300,90,76.41,67.0,94,165,-71,291,191,49,49,12,15,0.0377,0.5855,1,3,17,15,34.76,65.24,-30.47,2,3,Away Win
3802709,2022-02-26,Ligue 1,2021/2022,Paris Saint-Germain,Saint-Étienne,15,0,1,-1,0.3535,0.4714,-0.1179,3,4,-1,127,62,65,88.98,77.42,18,39,-21,102,54,6,11,3,1,0.3535,0.4714,3,4,12,20,43.9,56.1,-12.2,3,1,Home Win
3802709,2022-02-26,Ligue 1,2021/2022,Paris Saint-Germain,Saint-Étienne,30,0,1,-1,0.3994,0.4977,-0.0982,5,5,0,263,108,155,89.35,76.85,37,90,-53,218,95,18,17,5,4,0.0459,0.0262,2,1,12,33,53.82,46.18,7.65,3,1,Home Win
3802709,2022-02-26,Ligue 1,2021/2022,Paris Saint-Germain,Saint-Étienne,45,1,1,0,0.6322,0.5184,0.1137,8,6,2,381,156,225,88.98,76.28,56,105,-49,302,134,23,24,5,5,0.152,0.0208,1,1,15,10,58.98,41.02,17.95,3,1,Home Win
3802709,2022-02-26,Ligue 1,2021/2022,Paris Saint-Germain,Saint-Étienne,60,3,1,2,1.14,0.5588,0.5812,13,7,6,435,208,227,88.74,77.4,74,134,-60,338,181,25,28,6,7,0.3395,0.0404,3,1,15,20,60.03,39.97,20.06,3,1,Home Win
3802709,2022-02-26,Ligue 1,2021/2022,Paris Saint-Germain,Saint-Étienne,75,3,1,2,1.4094,0.5885,0.821,15,8,7,563,298,265,88.45,80.54,92,169,-77,441,263,31,35,6,9,0.2694,0.0296,2,1,11,17,56.53,43.47,13.06,3,1,Home Win
3802709,2022-02-26,Ligue 1,2021/2022,Paris Saint-Germain,Saint-Étienne,85,3,1,2,1.7402,0.7944,0.9459,17,12,5,636,370,266,88.84,81.62,108,191,-83,507,332,38,42,9,11,0.3308,0.2059,2,4,16,22,42.53,57.47,-14.95,3,1,Home Win
3817858,2022-02-26,Indian Super league,2021/2022,Kerala Blasters,Chennaiyin,15,0,0,0,0.345,0.0059,0.3391,3,1,2,107,84,23,83.18,76.19,21,23,-2,84,66,8,10,3,2,0.345,0.0059,3,1,8,17,62.47,37.53,24.95,3,0,Home Win
3817858,2022-02-26,Indian Super league,2021/2022,Kerala Blasters,Chennaiyin,30,0,0,0,0.4483,0.4819,-0.0336,5,2,3,188,141,47,81.91,73.05,32,41,-9,148,104,16,15,4,3,0.0796,0.476,1,1,6,11,42.68,57.32,-14.64,3,0,Home Win
3817858,2022-02-26,Indian Super league,2021/2022,Kerala Blasters,Chennaiyin,45,0,0,0,1.3481,0.9741,0.374,7,4,3,306,203,103,82.03,72.41,45,66,-21,239,146,23,21,7,5,0.8998,0.4922,2,2,10,17,53.96,46.04,7.93,3,0,Home Win
3817858,2022-02-26,Indian Super league,2021/2022,Kerala Blasters,Chennaiyin,60,2,0,2,2.524,1.0606,1.4634,11,5,6,383,242,141,82.51,73.14,61,85,-24,303,176,34,31,8,7,1.0446,0.0865,3,1,7,6,77.04,22.96,54.07,3,0,Home Win
3817858,2022-02-26,Indian Super league,2021/2022,Kerala Blasters,Chennaiyin,75,2,0,2,2.5833,1.0679,1.5154,12,6,6,462,306,156,83.77,74.51,77,114,-37,377,232,47,42,11,8,0.0593,0.0073,1,1,10,21,48.17,51.83,-3.67,3,0,Home Win
3817858,2022-02-26,Indian Super league,2021/2022,Kerala Blasters,Chennaiyin,85,2,0,2,2.5833,1.1127,1.4706,12,7,5,501,352,149,82.44,75.28,90,134,-44,406,271,52,51,12,10,0.0,0.0448,0,1,13,20,33.75,66.25,-32.51,3,0,Home Win
3817898,2022-02-26,Indian Super league,2021/2022,Goa,Mumbai City,15,0,0,0,0.3063,0.1362,0.1701,3,3,0,75,70,5,72.0,74.29,23,17,6,45,53,9,10,0,4,0.1584,0.1299,2,2,18,11,52.63,47.37,5.26,0,2,Away Win
3817898,2022-02-26,Indian Super league,2021/2022,Goa,Mumbai City,30,0,0,0,1.2749,0.1509,1.124,8,4,4,161,102,59,77.02,68.63,41,42,-1,114,79,20,20,0,5,0.1851,0.0147,4,1,13,16,68.85,31.15,37.69,0,2,Away Win
3817898,2022-02-26,Indian Super league,2021/2022,Goa,Mumbai City,45,0,1,-1,1.4513,0.4878,0.9635,12,8,4,223,149,74,75.34,64.43,55,54,1,157,107,26,27,3,6,0.1764,0.1221,4,3,11,9,56.92,43.08,13.84,0,2,Away Win
3817898,2022-02-26,Indian Super league,2021/2022,Goa,Mumbai City,60,0,1,-1,1.6403,0.548,1.0923,13,10,3,337,183,154,75.96,62.84,68,79,-11,237,130,35,35,5,10,0.0,0.0289,0,1,12,13,50.61,49.39,1.22,0,2,Away Win
3817898,2022-02-26,Indian Super league,2021/2022,Goa,Mumbai City,75,0,1,-1,1.8063,0.5749,1.2314,15,11,4,412,225,187,77.67,62.67,88,99,-11,294,157,42,39,5,12,0.106,0.0269,1,1,15,15,57.77,42.23,15.55,0,2,Away Win
3817898,2022-02-26,Indian Super league,2021/2022,Goa,Mumbai City,85,0,2,-2,1.8063,0.6215,1.1848,15,13,2,478,241,237,78.87,63.07,99,108,-9,344,171,45,42,5,14,0.0,0.0466,0,2,11,9,43.02,56.98,-13.96,0,2,Away Win
3817854,2022-02-27,Indian Super league,2021/2022,Mohun Bagan Super Giant,Bengaluru,15,0,0,0,0.0503,0.193,-0.1427,1,5,-4,101,56,45,78.22,71.43,13,28,-15,67,47,7,9,6,6,0.0,0.1692,0,4,8,10,23.77,76.23,-52.47,2,0,Home Win
3817854,2022-02-27,Indian Super league,2021/2022,Mohun Bagan Super Giant,Bengaluru,30,0,0,0,0.0503,0.271,-0.2207,1,6,-5,186,111,75,77.42,72.07,26,57,-31,119,87,11,14,9,13,0.0,0.078,0,1,10,14,33.66,66.34,-32.68,2,0,Home Win
3817854,2022-02-27,Indian Super league,2021/2022,Mohun Bagan Super Giant,Bengaluru,45,0,0,0,0.0721,0.323,-0.2509,2,8,-6,266,184,82,76.69,73.37,35,81,-46,170,141,20,22,14,20,0.0,0.052,0,2,6,16,29.65,70.35,-40.7,2,0,Home Win
3817854,2022-02-27,Indian Super league,2021/2022,Mohun Bagan Super Giant,Bengaluru,60,1,0,1,0.6856,0.4054,0.2802,7,10,-3,317,272,45,75.71,77.57,49,102,-53,211,215,29,32,16,25,0.5488,0.0824,3,2,10,11,57.58,42.42,15.15,2,0,Home Win
3817854,2022-02-27,Indian Super league,2021/2022,Mohun Bagan Super Giant,Bengaluru,75,1,0,1,0.6856,0.6133,0.0723,7,11,-4,337,339,-2,75.07,79.35,64,111,-47,227,272,37,40,16,26,0.0,0.0,0,0,11,5,43.6,56.4,-12.8,2,0,Home Win
3817854,2022-02-27,Indian Super league,2021/2022,Mohun Bagan Super Giant,Bengaluru,85,2,0,2,0.8036,0.6133,0.1904,10,11,-1,369,401,-32,74.53,80.05,78,127,-49,253,326,42,47,19,26,0.118,0.0,3,0,14,16,62.66,37.34,25.33,2,0,Home Win
3817893,2022-02-28,Indian Super league,2021/2022,East Bengal,NorthEast United,15,0,0,0,0.026,0.0332,-0.0072,2,1,1,80,106,-26,73.75,82.08,37,16,21,64,96,12,12,4,3,0.0198,0.0,1,0,23,7,62.09,37.91,24.18,1,1,Draw
3817893,2022-02-28,Indian Super league,2021/2022,East Bengal,NorthEast United,30,0,0,0,0.1149,0.0849,0.03,5,2,3,113,166,-53,71.68,82.53,60,26,34,90,146,19,19,4,4,0.0072,0.0,1,0,15,8,64.33,35.67,28.65,1,1,Draw
3817893,2022-02-28,Indian Super league,2021/2022,East Bengal,NorthEast United,45,0,0,0,0.2037,0.0849,0.1188,7,2,5,210,253,-43,74.76,78.66,103,43,60,170,218,29,28,9,6,0.0,0.0,0,0,36,12,63.58,36.42,27.16,1,1,Draw
3817893,2022-02-28,Indian Super league,2021/2022,East Bengal,NorthEast United,60,1,1,0,1.1239,0.5911,0.5328,11,5,6,269,293,-24,74.35,75.43,127,58,69,207,250,38,39,12,7,0.8638,0.0,3,0,8,11,82.19,17.81,64.38,1,1,Draw
3817893,2022-02-28,Indian Super league,2021/2022,East Bengal,NorthEast United,75,1,1,0,1.1602,0.7785,0.3816,13,9,4,312,352,-40,73.08,74.43,150,68,82,236,295,42,47,14,8,0.0,0.0796,0,3,11,6,25.94,74.06,-48.11,1,1,Draw
3817893,2022-02-28,Indian Super league,2021/2022,East Bengal,NorthEast United,85,1,1,0,1.2036,0.7785,0.4251,16,9,7,385,384,1,75.32,73.18,167,82,85,293,315,48,51,15,10,0.0434,0.0,3,0,17,14,76.12,23.88,52.25,1,1,Draw
3817857,2022-03-01,Indian Super league,2021/2022,SC Delhi,Jamshedpur,15,0,1,-1,0.0,0.3712,-0.3712,0,4,-4,0,90,-90,0.0,67.78,0,26,-26,0,62,0,11,0,2,0.0,0.1807,0,1,0,22,0.0,100.0,-100.0,0,3,Away Win
3817857,2022-03-01,Indian Super league,2021/2022,SC Delhi,Jamshedpur,30,0,2,-2,0.0,0.7113,-0.7113,0,9,-9,0,148,-148,0.0,66.89,0,42,-42,0,102,0,20,0,4,0.0,0.2864,0,4,0,9,0.0,100.0,-100.0,0,3,Away Win
3817857,2022-03-01,Indian Super league,2021/2022,SC Delhi,Jamshedpur,45,0,2,-2,0.0,0.74,-0.74,0,11,-11,0,192,-192,0.0,61.98,0,65,-65,0,124,0,29,0,6,0.0,0.0197,0,1,0,15,0.0,100.0,-100.0,0,3,Away Win
3817857,2022-03-01,Indian Super league,2021/2022,SC Delhi,Jamshedpur,60,0,2,-2,0.0,0.8682,-0.8682,0,12,-12,0,241,-241,0.0,61.41,0,88,-88,0,158,0,36,0,8,0.0,0.1282,0,1,0,15,0.0,100.0,-100.0,0,3,Away Win
3817857,2022-03-01,Indian Super league,2021/2022,SC Delhi,Jamshedpur,75,0,3,-3,0.0,1.0806,-1.0806,0,13,-13,0,265,-265,0.0,59.25,0,110,-110,0,173,0,44,0,13,0.0,0.0,0,0,0,17,0.0,100.0,-100.0,0,3,Away Win
3817857,2022-03-01,Indian Super league,2021/2022,SC Delhi,Jamshedpur,85,0,3,-3,0.0,1.2396,-1.2396,0,15,-15,0,288,-288,0.0,60.42,0,125,-125,0,189,0,47,0,15,0.0,0.159,0,2,0,15,0.0,100.0,-100.0,0,3,Away Win
3817866,2022-03-02,Indian Super league,2021/2022,Kerala Blasters,Mumbai City,15,0,0,0,0.0585,0.2199,-0.1614,3,3,0,55,53,2,74.55,66.04,14,27,-13,41,36,9,8,1,2,0.0585,0.2199,3,3,5,23,43.34,56.66,-13.31,3,1,Home Win
3817866,2022-03-02,Indian Super league,2021/2022,Kerala Blasters,Mumbai City,30,1,0,1,0.1411,0.2199,-0.0788,6,3,3,113,129,-16,76.99,74.42,31,49,-18,86,84,15,15,2,4,0.0076,0.0,1,0,11,13,53.21,46.79,6.43,3,1,Home Win
3817866,2022-03-02,Indian Super league,2021/2022,Kerala Blasters,Mumbai City,45,1,0,1,0.2395,0.2582,-0.0187,8,4,4,171,183,-12,71.35,71.58,60,71,-11,125,123,29,25,3,5,0.0527,0.0382,1,1,24,16,53.05,46.95,6.1,3,1,Home Win
3817866,2022-03-02,Indian Super league,2021/2022,Kerala Blasters,Mumbai City,60,3,0,3,1.4118,0.596,0.8158,12,8,4,212,272,-60,70.75,74.26,86,89,-3,154,194,38,35,4,5,0.2903,0.3378,1,4,15,10,34.2,65.8,-31.6,3,1,Home Win
3817866,2022-03-02,Indian Super league,2021/2022,Kerala Blasters,Mumbai City,75,3,1,2,1.4118,1.4698,-0.058,12,13,-1,245,321,-76,69.39,73.21,106,99,7,170,237,44,42,4,9,0.0,0.8088,0,2,8,7,17.84,82.16,-64.31,3,1,Home Win
3817866,2022-03-02,Indian Super league,2021/2022,Kerala Blasters,Mumbai City,85,3,1,2,1.7744,1.5865,0.1878,16,14,2,274,370,-96,70.07,73.78,115,110,5,193,274,48,45,9,9,0.3626,0.1168,4,1,9,11,65.17,34.83,30.34,3,1,Home Win
3817889,2022-03-03,Indian Super league,2021/2022,Chennaiyin,Mohun Bagan Super Giant,15,0,0,0,0.0313,0.0,0.0313,2,0,2,79,0,79,77.22,0.0,34,0,34,57,0,7,0,3,0,0.0096,0.0,1,0,18,0,100.0,0.0,100.0,0,1,Away Win
3817889,2022-03-03,Indian Super league,2021/2022,Chennaiyin,Mohun Bagan Super Giant,30,0,0,0,0.1756,0.0,0.1756,6,0,6,116,0,116,73.28,0.0,55,0,55,84,0,15,0,5,0,0.0558,0.0,2,0,13,0,100.0,0.0,100.0,0,1,Away Win
3817889,2022-03-03,Indian Super league,2021/2022,Chennaiyin,Mohun Bagan Super Giant,45,0,0,0,0.205,0.0,0.205,8,0,8,199,0,199,72.36,0.0,86,0,86,144,0,28,0,8,0,0.0294,0.0,2,0,17,0,100.0,0.0,100.0,0,1,Away Win
3817889,2022-03-03,Indian Super league,2021/2022,Chennaiyin,Mohun Bagan Super Giant,60,0,0,0,0.5955,0.0,0.5955,12,0,12,263,0,263,73.38,0.0,125,0,125,187,0,33,0,12,0,0.3569,0.0,3,0,21,0,100.0,0.0,100.0,0,1,Away Win
3817889,2022-03-03,Indian Super league,2021/2022,Chennaiyin,Mohun Bagan Super Giant,75,0,0,0,0.6935,0.0,0.6935,15,0,15,379,0,379,79.42,0.0,145,0,145,296,0,39,0,12,0,0.0902,0.0,2,0,7,0,100.0,0.0,100.0,0,1,Away Win
3817889,2022-03-03,Indian Super league,2021/2022,Chennaiyin,Mohun Bagan Super Giant,85,0,0,0,0.7136,0.0,0.7136,16,0,16,404,0,404,79.46,0.0,153,0,153,316,0,42,0,13,0,0.0201,0.0,1,0,8,0,100.0,0.0,100.0,0,1,Away Win
3817899,2022-03-04,Indian Super league,2021/2022,Jamshedpur,Odisha,15,0,0,0,0.1334,0.0,0.1334,5,0,5,98,37,61,76.53,56.76,21,31,-10,84,29,20,5,3,6,0.0931,0.0,2,0,14,23,68.51,31.49,37.03,5,1,Home Win
3817899,2022-03-04,Indian Super league,2021/2022,Jamshedpur,Odisha,30,2,0,2,0.9643,0.0159,0.9484,9,1,8,135,80,55,74.07,62.5,38,52,-14,115,57,26,9,7,7,0.7596,0.0159,3,1,10,8,72.82,27.18,45.63,5,1,Home Win
3817899,2022-03-04,Indian Super league,2021/2022,Jamshedpur,Odisha,45,2,1,1,1.1063,0.1051,1.0012,11,2,9,273,143,130,79.12,67.83,65,88,-23,235,108,41,19,7,8,0.1276,0.0893,1,1,15,26,54.32,45.68,8.63,5,1,Home Win
3817899,2022-03-04,Indian Super league,2021/2022,Jamshedpur,Odisha,60,3,1,2,2.5279,0.2199,2.308,14,4,10,308,201,107,75.0,67.66,96,100,-4,254,150,46,28,9,10,1.4216,0.1148,3,2,21,10,67.88,32.12,35.76,5,1,Home Win
3817899,2022-03-04,Indian Super league,2021/2022,Jamshedpur,Odisha,75,4,1,3,2.7045,0.2199,2.4846,16,4,12,356,244,112,74.44,68.03,114,111,3,284,180,46,35,12,11,0.1028,0.0,1,0,11,6,71.26,28.74,42.51,5,1,Home Win
3817899,2022-03-04,Indian Super league,2021/2022,Jamshedpur,Odisha,85,4,1,3,2.7952,0.2199,2.5753,18,4,14,393,276,117,74.3,66.3,123,122,1,311,199,49,38,14,12,0.0907,0.0,2,0,9,11,69.68,30.32,39.36,5,1,Home Win
3802805,2022-03-05,Ligue 1,2021/2022,OGC Nice,Paris Saint-Germain,15,0,0,0,0.0884,0.181,-0.0925,2,2,0,86,165,-79,87.21,92.73,44,26,18,76,152,8,11,3,2,0.0,0.181,0,2,28,10,36.05,63.95,-27.89,1,0,Home Win
3802805,2022-03-05,Ligue 1,2021/2022,OGC Nice,Paris Saint-Germain,30,0,0,0,0.1914,0.2109,-0.0195,3,3,0,201,306,-105,91.54,93.79,90,61,29,182,274,14,16,5,6,0.103,0.03,1,1,35,21,56.08,43.92,12.17,1,0,Home Win
3802805,2022-03-05,Ligue 1,2021/2022,OGC Nice,Paris Saint-Germain,45,0,0,0,0.2678,0.3295,-0.0617,5,4,1,293,407,-114,91.13,93.61,116,84,32,268,361,21,20,5,9,0.0764,0.1186,2,1,20,12,56.54,43.46,13.08,1,0,Home Win
3802805,2022-03-05,Ligue 1,2021/2022,OGC Nice,Paris Saint-Germain,60,0,0,0,0.3086,0.3295,-0.0209,6,4,2,393,490,-97,90.84,92.86,142,112,30,360,427,26,26,7,10,0.0,0.0,0,0,16,19,48.28,51.72,-3.44,1,0,Home Win
3802805,2022-03-05,Ligue 1,2021/2022,OGC Nice,Paris Saint-Germain,75,0,0,0,0.3446,0.467,-0.1224,8,7,1,451,595,-144,90.24,92.44,182,126,56,413,525,32,36,9,10,0.0359,0.0862,2,2,33,11,54.6,45.4,9.2,1,0,Home Win
3802805,2022-03-05,Ligue 1,2021/2022,OGC Nice,Paris Saint-Germain,85,0,0,0,0.406,0.5226,-0.1167,9,8,1,480,651,-171,88.96,91.55,198,142,56,439,573,37,41,12,10,0.0614,0.0557,1,1,16,16,45.93,54.07,-8.15,1,0,Home Win
3817887,2022-03-05,Indian Super league,2021/2022,SC Delhi,Mumbai City,15,0,0,0,0.0,0.0097,-0.0097,0,1,-1,0,92,-92,0.0,83.7,0,34,-34,0,69,0,7,0,2,0.0,0.0097,0,1,0,16,0.0,100.0,-100.0,2,1,Home Win
3817887,2022-03-05,Indian Super league,2021/2022,SC Delhi,Mumbai City,30,0,0,0,0.0,0.1391,-0.1391,0,3,-3,0,171,-171,0.0,80.7,0,49,-49,0,123,0,15,0,7,0.0,0.0738,0,1,0,10,0.0,100.0,-100.0,2,1,Home Win
3817887,2022-03-05,Indian Super league,2021/2022,SC Delhi,Mumbai City,45,0,0,0,0.0,0.3283,-0.3283,0,8,-8,0,254,-254,0.0,79.53,0,68,-68,0,185,0,26,0,9,0.0,0.0878,0,1,0,13,0.0,100.0,-100.0,2,1,Home Win
3817887,2022-03-05,Indian Super league,2021/2022,SC Delhi,Mumbai City,60,0,0,0,0.0,0.4242,-0.4242,0,9,-9,0,362,-362,0.0,78.73,0,101,-101,0,258,0,32,0,10,0.0,0.0,0,0,0,18,0.0,100.0,-100.0,2,1,Home Win
3817887,2022-03-05,Indian Super league,2021/2022,SC Delhi,Mumbai City,75,0,1,-1,0.0,0.5545,-0.5545,0,11,-11,0,443,-443,0.0,78.78,0,119,-119,0,321,0,34,0,14,0.0,0.0826,0,1,0,13,0.0,100.0,-100.0,2,1,Home Win
3817887,2022-03-05,Indian Super league,2021/2022,SC Delhi,Mumbai City,85,0,1,-1,0.0,0.8007,-0.8007,0,14,-14,0,488,-488,0.0,78.07,0,145,-145,0,353,0,41,0,15,0.0,0.2462,0,3,0,26,0.0,100.0,-100.0,2,1,Home Win
3817891,2022-03-05,Indian Super league,2021/2022,East Bengal,Bengaluru,15,0,0,0,0.0812,0.0,0.0812,2,0,2,37,149,-112,51.35,82.55,61,22,39,25,111,8,10,4,5,0.0081,0.0,1,0,34,17,56.51,43.49,13.02,0,1,Away Win
3817891,2022-03-05,Indian Super league,2021/2022,East Bengal,Bengaluru,30,0,1,-1,0.5935,0.466,0.1274,6,2,4,68,255,-187,52.94,83.14,92,36,56,46,191,15,16,8,7,0.5123,0.466,4,2,21,8,57.95,42.05,15.89,0,1,Away Win
3817891,2022-03-05,Indian Super league,2021/2022,East Bengal,Bengaluru,45,0,1,-1,0.6518,0.466,0.1858,8,2,6,120,350,-230,63.33,82.86,135,59,76,85,268,20,20,10,10,0.0584,0.0,2,0,35,16,63.36,36.64,26.72,0,1,Away Win
3817891,2022-03-05,Indian Super league,2021/2022,East Bengal,Bengaluru,60,0,1,-1,0.74,0.5817,0.1582,10,5,5,195,433,-238,66.15,80.83,183,96,87,130,329,30,36,11,14,0.0881,0.0049,2,1,23,30,51.84,48.16,3.67,0,1,Away Win
3817891,2022-03-05,Indian Super league,2021/2022,East Bengal,Bengaluru,75,0,1,-1,1.5053,0.5817,0.9236,15,5,10,270,485,-215,69.63,79.38,206,129,77,195,365,42,45,13,17,0.2492,0.0,3,0,17,22,70.91,29.09,41.82,0,1,Away Win
3817891,2022-03-05,Indian Super league,2021/2022,East Bengal,Bengaluru,85,0,1,-1,1.5053,1.1541,0.3513,15,8,7,299,520,-221,68.56,78.27,224,143,81,213,385,49,50,16,17,0.0,0.5724,0,3,18,14,27.59,72.41,-44.82,0,1,Away Win
3817870,2022-03-06,Indian Super league,2021/2022,Goa,Kerala Blasters,15,0,1,-1,0.0321,0.1748,-0.1427,1,2,-1,135,45,90,85.19,68.89,20,29,-9,109,32,7,5,3,4,0.0321,0.1748,1,2,11,18,46.52,53.48,-6.96,4,4,Draw
3817870,2022-03-06,Indian Super league,2021/2022,Goa,Kerala Blasters,30,0,2,-2,0.1019,1.0045,-0.9026,3,5,-2,188,98,90,81.91,72.45,53,43,10,145,81,15,14,3,10,0.0698,0.7835,2,1,22,6,51.85,48.15,3.7,4,4,Draw
3817870,2022-03-06,Indian Super league,2021/2022,Goa,Kerala Blasters,45,0,2,-2,0.1554,1.075,-0.9197,4,7,-3,275,148,127,78.55,66.22,73,58,15,205,116,25,23,6,12,0.0534,0.0706,1,2,18,9,50.2,49.8,0.4,4,4,Draw
3817870,2022-03-06,Indian Super league,2021/2022,Goa,Kerala Blasters,60,1,2,-1,0.8562,2.0416,-1.1854,7,9,-2,368,218,150,77.45,63.76,102,81,21,270,153,36,33,9,21,0.108,0.8896,2,1,17,15,49.59,50.41,-0.83,4,4,Draw
3817870,2022-03-06,Indian Super league,2021/2022,Goa,Kerala Blasters,75,2,2,0,1.8618,2.103,-0.2412,9,10,-1,447,267,180,78.08,65.54,124,109,15,333,194,44,41,12,23,0.2221,0.0614,1,1,18,23,52.16,47.84,4.32,4,4,Draw
3817870,2022-03-06,Indian Super league,2021/2022,Goa,Kerala Blasters,85,4,2,2,2.2442,2.103,0.1412,13,10,3,495,287,208,78.79,64.11,126,128,-2,368,198,49,41,12,24,0.3824,0.0,4,0,2,19,77.29,22.71,54.58,4,4,Draw
3817856,2022-03-07,Indian Super league,2021/2022,Mohun Bagan Super Giant,Jamshedpur,15,0,0,0,0.1435,0.0,0.1435,3,0,3,96,50,46,77.08,52.0,24,31,-7,67,33,8,6,3,2,0.1435,0.0,3,0,13,8,80.99,19.01,61.99,0,1,Away Win
3817856,2022-03-07,Indian Super league,2021/2022,Mohun Bagan Super Giant,Jamshedpur,30,0,0,0,0.3012,0.1281,0.1731,6,2,4,166,94,72,74.1,54.26,42,65,-23,121,66,25,15,6,5,0.0,0.0483,0,1,14,27,40.98,59.02,-18.05,0,1,Away Win
3817856,2022-03-07,Indian Super league,2021/2022,Mohun Bagan Super Giant,Jamshedpur,45,0,0,0,0.3383,0.1826,0.1557,7,3,4,256,137,119,77.73,54.74,60,88,-28,193,100,33,22,10,7,0.0372,0.0,1,0,9,13,62.92,37.08,25.84,0,1,Away Win
3817856,2022-03-07,Indian Super league,2021/2022,Mohun Bagan Super Giant,Jamshedpur,60,0,1,-1,0.3664,0.4096,-0.0432,8,6,2,347,171,176,78.96,54.97,81,129,-48,276,127,45,33,10,8,0.0,0.1653,0,2,15,26,34.47,65.53,-31.06,0,1,Away Win
3817856,2022-03-07,Indian Super league,2021/2022,Mohun Bagan Super Giant,Jamshedpur,75,0,1,-1,0.4563,0.4096,0.0466,10,6,4,433,211,222,76.67,52.13,99,160,-61,342,149,56,38,14,15,0.0261,0.0,1,0,13,17,60.68,39.32,21.36,0,1,Away Win
3817856,2022-03-07,Indian Super league,2021/2022,Mohun Bagan Super Giant,Jamshedpur,85,0,1,-1,0.4926,0.4743,0.0183,12,7,5,473,242,231,76.53,53.31,111,173,-62,374,173,61,43,16,21,0.0363,0.0647,2,1,12,13,57.04,42.96,14.08,0,1,Away Win
3827337,2022-03-11,Indian Super league,2021/2022,Jamshedpur,Kerala Blasters,15,0,0,0,0.1732,0.0,0.1732,1,0,1,65,63,2,53.85,60.32,32,32,0,44,37,8,9,4,4,0.1732,0.0,1,0,18,23,58.77,41.23,17.55,0,1,Away Win
3827337,2022-03-11,Indian Super league,2021/2022,Jamshedpur,Kerala Blasters,30,0,0,0,0.4209,0.0,0.4209,3,0,3,85,125,-40,51.76,67.2,65,42,23,59,79,13,16,8,4,0.0,0.0,0,0,20,5,56.0,44.0,11.99,0,1,Away Win
3827337,2022-03-11,Indian Super league,2021/2022,Jamshedpur,Kerala Blasters,45,0,1,-1,0.5085,0.2317,0.2768,4,1,3,149,194,-45,58.39,64.95,98,65,33,94,124,18,30,9,5,0.0,0.2317,0,1,25,20,40.13,59.87,-19.73,0,1,Away Win
3827337,2022-03-11,Indian Super league,2021/2022,Jamshedpur,Kerala Blasters,60,0,1,-1,0.5085,0.4014,0.1071,4,3,1,223,246,-23,59.64,60.98,127,100,27,144,147,30,36,14,9,0.0,0.1697,0,2,14,16,32.26,67.74,-35.49,0,1,Away Win
3827337,2022-03-11,Indian Super league,2021/2022,Jamshedpur,Kerala Blasters,75,0,1,-1,0.5085,0.5552,-0.0466,4,6,-2,299,297,2,62.88,62.63,159,125,34,193,182,39,44,15,11,0.0,0.1538,0,3,18,15,34.95,65.05,-30.09,0,1,Away Win
3827337,2022-03-11,Indian Super league,2021/2022,Jamshedpur,Kerala Blasters,85,0,1,-1,0.5356,0.5552,-0.0195,5,6,-1,330,330,0,62.73,61.21,179,140,39,215,204,46,50,17,13,0.0271,0.0,1,0,20,15,62.54,37.46,25.08,0,1,Away Win
3827338,2022-03-12,Indian Super league,2021/2022,SC Delhi,Mohun Bagan Super Giant,15,0,0,0,0.0,0.0,0.0,0,0,0,0,0,0,0.0,0.0,0,0,0,0,0,0,0,0,0,0.0,0.0,0,0,0,0,50.0,50.0,0.0,3,1,Home Win
3827338,2022-03-12,Indian Super league,2021/2022,SC Delhi,Mohun Bagan Super Giant,30,0,0,0,0.0,0.0,0.0,0,0,0,0,0,0,0.0,0.0,0,0,0,0,0,0,0,0,0,0.0,0.0,0,0,0,0,50.0,50.0,0.0,3,1,Home Win
3827338,2022-03-12,Indian Super league,2021/2022,SC Delhi,Mohun Bagan Super Giant,45,0,0,0,0.0,0.0,0.0,0,0,0,0,0,0,0.0,0.0,0,0,0,0,0,0,0,0,0,0.0,0.0,0,0,0,0,50.0,50.0,0.0,3,1,Home Win
3827338,2022-03-12,Indian Super league,2021/2022,SC Delhi,Mohun Bagan Super Giant,60,0,0,0,0.0,0.0,0.0,0,0,0,0,0,0,0.0,0.0,0,0,0,0,0,0,0,0,0,0.0,0.0,0,0,0,0,50.0,50.0,0.0,3,1,Home Win
3827338,2022-03-12,Indian Super league,2021/2022,SC Delhi,Mohun Bagan Super Giant,75,0,0,0,0.0,0.0,0.0,0,0,0,0,0,0,0.0,0.0,0,0,0,0,0,0,0,0,0,0.0,0.0,0,0,0,0,50.0,50.0,0.0,3,1,Home Win
3827338,2022-03-12,Indian Super league,2021/2022,SC Delhi,Mohun Bagan Super Giant,85,0,0,0,0.0,0.0,0.0,0,0,0,0,0,0,0.0,0.0,0,0,0,0,0,0,0,0,0,0.0,0.0,0,0,0,0,50.0,50.0,0.0,3,1,Home Win
3802904,2022-03-13,Ligue 1,2021/2022,Paris Saint-Germain,Bordeaux,15,0,0,0,0.0573,0.2283,-0.171,2,3,-1,113,79,34,89.38,78.48,37,41,-4,106,67,9,13,4,2,0.0,0.0829,0,1,26,19,47.47,52.53,-5.06,3,0,Home Win
3802904,2022-03-13,Ligue 1,2021/2022,Paris Saint-Germain,Bordeaux,30,1,0,1,0.488,0.3116,0.1764,4,6,-2,223,157,66,90.13,78.98,73,67,6,201,118,17,20,6,4,0.372,0.0833,1,3,30,16,51.13,48.87,2.27,3,0,Home Win
3802904,2022-03-13,Ligue 1,2021/2022,Paris Saint-Germain,Bordeaux,45,1,0,1,0.5466,0.3508,0.1958,6,7,-1,326,222,104,91.41,82.43,93,99,-6,292,177,19,27,8,7,0.0228,0.0392,1,1,13,25,49.96,50.04,-0.08,3,0,Home Win
3802904,2022-03-13,Ligue 1,2021/2022,Paris Saint-Germain,Bordeaux,60,3,0,3,1.3911,0.3802,1.0109,9,8,1,444,277,167,90.99,81.59,115,140,-25,403,229,31,35,10,12,0.8445,0.0,3,0,10,19,75.07,24.93,50.15,3,0,Home Win
3802904,2022-03-13,Ligue 1,2021/2022,Paris Saint-Germain,Bordeaux,75,3,0,3,1.4396,0.546,0.8936,10,12,-2,551,382,169,90.93,83.77,144,168,-24,501,314,38,40,14,16,0.0,0.1446,0,3,21,22,39.96,60.04,-20.08,3,0,Home Win
3802904,2022-03-13,Ligue 1,2021/2022,Paris Saint-Germain,Bordeaux,85,3,0,3,1.4849,0.6116,0.8733,11,14,-3,603,447,156,90.55,84.56,158,193,-35,553,378,49,49,16,19,0.0453,0.0657,1,2,14,25,39.66,60.34,-20.67,3,0,Home Win
3827335,2022-03-15,Indian Super league,2021/2022,Kerala Blasters,Jamshedpur,15,0,0,0,0.6506,0.028,0.6226,3,1,2,67,54,13,64.18,44.44,21,32,-11,45,31,12,9,1,4,0.1648,0.0,2,0,14,24,61.77,38.23,23.54,1,1,Draw
3827335,2022-03-15,Indian Super league,2021/2022,Kerala Blasters,Jamshedpur,30,1,0,1,0.7101,0.0771,0.633,4,2,2,123,122,1,63.41,59.84,41,65,-24,86,77,17,15,4,4,0.0,0.0,0,0,17,15,42.28,57.72,-15.44,1,1,Draw
3827335,2022-03-15,Indian Super league,2021/2022,Kerala Blasters,Jamshedpur,45,1,0,1,0.7101,0.1166,0.5935,4,3,1,159,184,-25,57.86,61.96,55,80,-25,102,120,22,24,4,7,0.0,0.0,0,0,11,10,40.12,59.88,-19.76,1,1,Draw
3827335,2022-03-15,Indian Super league,2021/2022,Kerala Blasters,Jamshedpur,60,1,1,0,1.2525,0.6473,0.6052,7,6,1,235,267,-32,60.43,64.79,77,111,-34,155,185,31,35,7,12,0.1066,0.0127,2,1,16,22,53.93,46.07,7.86,1,1,Draw
3827335,2022-03-15,Indian Super league,2021/2022,Kerala Blasters,Jamshedpur,75,1,1,0,1.2525,1.0052,0.2473,7,10,-3,274,328,-54,58.39,65.24,92,130,-38,180,227,42,47,11,12,0.0,0.0253,0,1,10,17,33.2,66.8,-33.6,1,1,Draw
3827335,2022-03-15,Indian Super league,2021/2022,Kerala Blasters,Jamshedpur,85,1,1,0,1.4149,1.0931,0.3219,10,11,-1,303,364,-61,58.75,65.66,102,144,-42,197,251,47,53,12,13,0.1624,0.0878,3,1,10,14,59.29,40.71,18.57,1,1,Draw
3827336,2022-03-16,Indian Super league,2021/2022,Mohun Bagan Super Giant,SC Delhi,15,0,0,0,0.2333,0.0,0.2333,3,0,3,78,46,32,70.51,47.83,21,36,-15,62,24,12,9,3,4,0.2333,0.0,3,0,12,20,70.33,29.67,40.66,1,0,Home Win
3827336,2022-03-16,Indian Super league,2021/2022,Mohun Bagan Super Giant,SC Delhi,30,0,0,0,0.4576,0.1167,0.3409,8,2,6,136,83,53,75.0,57.83,41,52,-11,113,55,22,16,5,4,0.1703,0.0421,4,1,13,10,71.15,28.85,42.31,1,0,Home Win
3827336,2022-03-16,Indian Super league,2021/2022,Mohun Bagan Super Giant,SC Delhi,45,0,0,0,1.0154,0.4841,0.5312,9,4,5,217,128,89,77.88,60.16,60,72,-12,183,84,31,22,7,4,0.5578,0.0,1,0,16,15,70.91,29.09,41.83,1,0,Home Win
3827336,2022-03-16,Indian Super league,2021/2022,Mohun Bagan Super Giant,SC Delhi,60,0,0,0,1.7168,0.535,1.1818,17,7,10,304,164,140,78.95,60.98,78,103,-25,260,111,44,30,9,7,0.2039,0.026,3,2,2,12,58.22,41.78,16.43,1,0,Home Win
3827336,2022-03-16,Indian Super league,2021/2022,Mohun Bagan Super Giant,SC Delhi,75,0,0,0,2.0605,0.5968,1.4637,25,9,16,380,208,172,78.42,62.98,92,130,-38,331,144,63,34,10,12,0.2739,0.0618,6,2,11,19,66.76,33.24,33.52,1,0,Home Win
3827336,2022-03-16,Indian Super league,2021/2022,Mohun Bagan Super Giant,SC Delhi,85,1,0,1,2.4744,0.5968,1.8776,29,9,20,430,243,187,78.14,65.02,103,148,-45,374,166,69,39,11,12,0.4139,0.0,4,0,11,18,74.88,25.12,49.75,1,0,Home Win
3827767,2022-03-20,Indian Super league,2021/2022,SC Delhi,Kerala Blasters,15,0,0,0,0.0,0.1976,-0.1976,0,1,-1,0,98,-98,0.0,72.45,0,34,-34,0,73,0,11,0,1,0.0,0.1976,0,1,0,23,0.0,100.0,-100.0,1,1,Draw
3827767,2022-03-20,Indian Super league,2021/2022,SC Delhi,Kerala Blasters,30,0,0,0,0.0,0.2402,-0.2402,0,3,-3,0,205,-205,0.0,77.56,0,56,-56,0,165,0,21,0,1,0.0,0.0068,0,1,0,15,0.0,100.0,-100.0,1,1,Draw
3827767,2022-03-20,Indian Super league,2021/2022,SC Delhi,Kerala Blasters,45,0,0,0,0.0,0.3314,-0.3314,0,6,-6,0,321,-321,0.0,80.06,0,72,-72,0,261,0,30,0,4,0.0,0.0912,0,3,0,11,0.0,100.0,-100.0,1,1,Draw
3827767,2022-03-20,Indian Super league,2021/2022,SC Delhi,Kerala Blasters,60,0,0,0,0.0,0.3643,-0.3643,0,7,-7,0,396,-396,0.0,78.54,0,105,-105,0,326,0,41,0,7,0.0,0.0329,0,1,0,18,0.0,100.0,-100.0,1,1,Draw
3827767,2022-03-20,Indian Super league,2021/2022,SC Delhi,Kerala Blasters,75,0,1,-1,0.0,0.4254,-0.4254,0,8,-8,0,440,-440,0.0,77.95,0,130,-130,0,360,0,44,0,15,0.0,0.0611,0,1,0,14,0.0,100.0,-100.0,1,1,Draw
3827767,2022-03-20,Indian Super league,2021/2022,SC Delhi,Kerala Blasters,85,0,1,-1,0.0,0.7809,-0.7809,0,11,-11,0,478,-478,0.0,77.2,0,146,-146,0,390,0,49,0,17,0.0,0.3556,0,3,0,16,0.0,100.0,-100.0,1,1,Draw
3802818,2022-04-03,Ligue 1,2021/2022,Paris Saint-Germain,Lorient,15,1,0,1,0.7323,0.0241,0.7083,3,1,2,157,69,88,90.45,85.51,26,40,-14,133,56,8,9,3,7,0.469,0.0241,1,1,17,20,57.93,42.07,15.86,5,1,Home Win
3802818,2022-04-03,Ligue 1,2021/2022,Paris Saint-Germain,Lorient,30,2,0,2,0.9352,0.0241,0.9111,6,1,5,316,121,195,91.14,80.99,49,85,-36,261,94,17,15,7,12,0.2029,0.0,3,0,12,35,67.64,32.36,35.28,5,1,Home Win
3802818,2022-04-03,Ligue 1,2021/2022,Paris Saint-Germain,Lorient,45,2,0,2,1.0295,0.0241,1.0054,8,1,7,443,165,278,91.87,80.61,64,122,-58,363,128,20,17,9,12,0.0156,0.0,1,0,13,24,59.15,40.85,18.3,5,1,Home Win
3802818,2022-04-03,Ligue 1,2021/2022,Paris Saint-Germain,Lorient,60,2,1,1,1.1348,0.3851,0.7498,10,5,5,566,224,342,91.17,79.91,87,155,-68,459,183,26,25,11,14,0.0,0.308,0,3,15,8,29.99,70.01,-40.03,5,1,Home Win
3802818,2022-04-03,Ligue 1,2021/2022,Paris Saint-Germain,Lorient,75,4,1,3,1.3458,0.6506,0.6952,12,9,3,662,277,385,91.24,81.23,105,186,-81,540,232,32,27,13,17,0.2109,0.2187,2,3,12,13,44.63,55.37,-10.75,5,1,Home Win
3802818,2022-04-03,Ligue 1,2021/2022,Paris Saint-Germain,Lorient,85,4,1,3,1.4463,0.656,0.7902,14,10,4,729,333,396,91.08,81.98,121,206,-85,599,280,35,29,15,18,0.1005,0.0054,2,1,16,20,56.38,43.62,12.75,5,1,Home Win
3803000,2022-04-09,Ligue 1,2021/2022,Clermont Foot,Paris Saint-Germain,15,0,1,-1,0.0223,0.2153,-0.193,1,2,-1,68,179,-111,85.29,92.74,49,27,22,41,146,2,9,5,2,0.0223,0.0675,1,1,20,17,43.15,56.85,-13.71,1,6,Away Win
3803000,2022-04-09,Ligue 1,2021/2022,Clermont Foot,Paris Saint-Germain,30,0,2,-2,0.0455,0.5123,-0.4668,2,3,-1,150,329,-179,84.0,92.1,109,65,44,97,270,8,16,11,4,0.0232,0.0,1,0,42,27,54.44,45.56,8.89,1,6,Away Win
3803000,2022-04-09,Ligue 1,2021/2022,Clermont Foot,Paris Saint-Germain,45,1,2,-1,0.942,0.6125,0.3296,4,5,-1,235,429,-194,82.98,90.91,146,90,56,162,348,15,19,14,6,0.8089,0.1002,1,2,27,19,56.74,43.26,13.47,1,6,Away Win
3803000,2022-04-09,Ligue 1,2021/2022,Clermont Foot,Paris Saint-Germain,60,1,2,-1,0.9844,0.9774,0.007,6,9,-3,296,581,-285,82.77,92.25,194,104,90,209,491,22,21,14,7,0.0423,0.3649,2,4,31,13,44.76,55.24,-10.47,1,6,Away Win
3803000,2022-04-09,Ligue 1,2021/2022,Clermont Foot,Paris Saint-Germain,75,1,4,-3,1.1932,2.5903,-1.3971,9,12,-3,356,640,-284,83.15,92.66,212,120,92,257,553,26,23,14,8,0.0327,1.613,1,3,14,8,26.62,73.38,-46.76,1,6,Away Win
3803000,2022-04-09,Ligue 1,2021/2022,Clermont Foot,Paris Saint-Germain,85,1,6,-5,1.2051,3.3942,-2.1891,10,15,-5,389,707,-318,84.32,92.93,231,133,98,288,613,28,24,14,8,0.012,0.8039,1,3,19,13,31.66,68.34,-36.68,1,6,Away Win
3802983,2022-04-17,Ligue 1,2021/2022,Paris Saint-Germain,Olympique de Marseille,15,1,0,1,0.166,0.0,0.166,1,0,1,144,127,17,93.06,94.49,46,30,16,121,115,6,4,0,3,0.166,0.0,1,0,31,13,65.36,34.64,30.73,2,1,Home Win
3802983,2022-04-17,Ligue 1,2021/2022,Paris Saint-Germain,Olympique de Marseille,30,1,1,0,0.2295,0.7231,-0.4936,2,1,1,176,266,-90,91.48,92.48,105,44,61,145,232,9,11,2,4,0.0635,0.7231,1,1,38,5,43.52,56.48,-12.96,2,1,Home Win
3802983,2022-04-17,Ligue 1,2021/2022,Paris Saint-Germain,Olympique de Marseille,45,1,1,0,0.5095,0.7231,-0.2136,6,1,5,296,326,-30,91.55,91.41,136,81,55,235,276,14,15,3,4,0.2502,0.0,3,0,15,30,66.97,33.03,33.95,2,1,Home Win
3802983,2022-04-17,Ligue 1,2021/2022,Paris Saint-Germain,Olympique de Marseille,60,2,1,1,1.293,0.7833,0.5097,7,2,5,345,467,-122,89.57,91.22,168,101,67,272,394,20,19,8,7,0.0,0.0602,0,1,21,11,34.82,65.18,-30.36,2,1,Home Win
3802983,2022-04-17,Ligue 1,2021/2022,Paris Saint-Germain,Olympique de Marseille,75,2,1,1,1.293,0.7833,0.5097,7,2,5,428,563,-135,89.95,91.47,217,139,78,337,481,20,25,10,9,0.0,0.0,0,0,37,28,50.29,49.71,0.58,2,1,Home Win
3802983,2022-04-17,Ligue 1,2021/2022,Paris Saint-Germain,Olympique de Marseille,85,2,1,1,1.293,0.7833,0.5097,7,2,5,470,610,-140,90.0,91.31,229,163,66,370,518,21,28,11,11,0.0,0.0,0,0,12,24,38.3,61.7,-23.4,2,1,Home Win
3802676,2022-04-23,Ligue 1,2021/2022,Paris Saint-Germain,Lens,15,0,0,0,0.0093,0.0249,-0.0156,1,1,0,112,103,9,88.39,87.38,30,24,6,86,79,3,7,4,2,0.0,0.0249,0,1,15,14,48.69,51.31,-2.62,1,1,Draw
3802676,2022-04-23,Ligue 1,2021/2022,Paris Saint-Germain,Lens,30,0,0,0,0.8775,0.081,0.7965,7,2,5,248,174,74,88.71,85.63,50,48,2,197,132,11,10,7,5,0.8681,0.0,6,0,9,16,81.13,18.87,62.27,1,1,Draw
3802676,2022-04-23,Ligue 1,2021/2022,Paris Saint-Germain,Lens,45,0,0,0,1.1842,0.2478,0.9364,9,5,4,414,232,182,90.1,85.78,67,74,-7,323,169,17,14,8,8,0.0999,0.1324,1,2,16,20,49.32,50.68,-1.36,1,1,Draw
3802676,2022-04-23,Ligue 1,2021/2022,Paris Saint-Germain,Lens,60,0,0,0,1.5222,0.2723,1.2499,13,6,7,525,290,235,89.9,84.14,82,86,-4,404,213,24,20,10,11,0.3381,0.0,4,0,7,9,82.41,17.59,64.81,1,1,Draw
3802676,2022-04-23,Ligue 1,2021/2022,Paris Saint-Germain,Lens,75,1,0,1,1.8766,0.2723,1.6043,17,6,11,653,345,308,90.66,83.48,106,95,11,506,252,29,22,10,14,0.0816,0.0,2,0,18,7,80.48,19.52,60.96,1,1,Draw
3802676,2022-04-23,Ligue 1,2021/2022,Paris Saint-Germain,Lens,85,1,0,1,1.8766,0.2791,1.5975,17,7,10,725,380,345,90.76,82.89,128,110,18,570,277,32,29,12,15,0.0,0.0068,0,1,22,15,53.09,46.91,6.17,1,1,Draw
3802643,2022-04-29,Ligue 1,2021/2022,Strasbourg,Paris Saint-Germain,15,1,0,1,0.4846,0.0,0.4846,2,0,2,75,144,-69,77.33,93.06,37,33,4,66,133,9,3,4,5,0.3274,0.0,1,0,18,19,53.25,46.75,6.49,3,3,Draw
3802643,2022-04-29,Ligue 1,2021/2022,Strasbourg,Paris Saint-Germain,30,1,1,0,0.6135,0.3744,0.2392,3,5,-2,154,216,-62,81.82,92.13,57,54,3,132,197,14,8,7,8,0.0,0.2909,0,4,15,10,26.05,73.95,-47.91,3,3,Draw
3802643,2022-04-29,Ligue 1,2021/2022,Strasbourg,Paris Saint-Germain,45,1,1,0,0.6389,0.4456,0.1934,4,6,-2,259,327,-68,82.24,91.44,100,88,12,223,304,22,19,9,10,0.0254,0.0712,1,1,29,21,49.12,50.88,-1.76,3,3,Draw
3802643,2022-04-29,Ligue 1,2021/2022,Strasbourg,Paris Saint-Germain,60,1,1,0,0.6906,0.6961,-0.0055,6,9,-3,344,425,-81,83.14,90.82,131,118,13,296,401,25,25,12,14,0.0517,0.0,2,0,11,26,57.51,42.49,15.02,3,3,Draw
3802643,2022-04-29,Ligue 1,2021/2022,Strasbourg,Paris Saint-Germain,75,2,3,-1,0.7843,1.6985,-0.9143,7,11,-4,405,522,-117,82.96,91.57,154,145,9,350,488,31,27,15,16,0.0937,0.4406,1,1,15,13,40.27,59.73,-19.45,3,3,Draw
3802643,2022-04-29,Ligue 1,2021/2022,Strasbourg,Paris Saint-Germain,85,2,3,-1,0.8946,1.6985,-0.8039,10,11,-1,458,581,-123,82.97,90.88,181,160,21,397,538,35,30,20,18,0.1103,0.0,3,0,27,15,71.18,28.82,42.37,3,3,Draw
3802930,2022-05-08,Ligue 1,2021/2022,Paris Saint-Germain,Troyes,15,1,0,1,0.4859,0.171,0.3149,2,4,-2,141,75,66,95.04,82.67,24,28,-4,133,66,5,10,3,4,0.0,0.0483,0,3,20,12,36.68,63.32,-26.65,2,2,Draw
3802930,2022-05-08,Ligue 1,2021/2022,Paris Saint-Germain,Troyes,30,2,1,1,1.2694,0.2849,0.9845,3,6,-3,256,131,125,93.36,82.44,37,59,-22,235,115,10,16,4,8,0.7835,0.095,1,1,4,26,59.05,40.95,18.09,2,2,Draw
3802930,2022-05-08,Ligue 1,2021/2022,Paris Saint-Germain,Troyes,45,2,1,1,1.8455,0.4749,1.3706,8,7,1,353,235,118,92.07,83.4,62,88,-26,324,194,17,21,6,11,0.4427,0.0,4,0,12,21,68.77,31.23,37.55,2,2,Draw
3802930,2022-05-08,Ligue 1,2021/2022,Paris Saint-Germain,Troyes,60,2,2,0,1.9194,1.2584,0.6609,9,8,1,423,275,148,91.49,83.64,72,115,-43,386,226,22,22,7,14,0.0738,0.0,1,0,8,15,59.1,40.9,18.2,2,2,Draw
3802930,2022-05-08,Ligue 1,2021/2022,Paris Saint-Germain,Troyes,75,2,2,0,2.0094,1.2966,0.7128,11,9,2,520,339,181,90.58,82.89,95,138,-43,475,271,33,26,8,16,0.0326,0.0382,1,1,16,18,56.46,43.54,12.91,2,2,Draw
3802930,2022-05-08,Ligue 1,2021/2022,Paris Saint-Germain,Troyes,85,2,2,0,2.137,1.2966,0.8403,15,9,6,594,372,222,90.74,82.53,103,154,-51,537,293,34,27,8,17,0.1276,0.0,4,0,8,16,76.25,23.75,52.51,2,2,Draw
3802665,2022-05-14,Ligue 1,2021/2022,Montpellier,Paris Saint-Germain,15,0,1,-1,0.0505,0.4986,-0.4481,1,5,-4,61,170,-109,77.05,92.94,27,21,6,50,147,7,3,2,4,0.0505,0.2117,1,2,15,15,36.47,63.53,-27.07,0,4,Away Win
3802665,2022-05-14,Ligue 1,2021/2022,Montpellier,Paris Saint-Germain,30,0,3,-3,0.0892,1.4238,-1.3346,3,7,-4,147,304,-157,82.31,92.11,49,51,-2,122,265,13,7,5,5,0.0072,0.0553,1,1,13,15,40.6,59.4,-18.79,0,4,Away Win
3802665,2022-05-14,Ligue 1,2021/2022,Montpellier,Paris Saint-Germain,45,0,3,-3,0.0976,1.6141,-1.5165,4,11,-7,210,442,-232,81.9,92.31,75,69,6,166,387,18,16,6,5,0.0,0.1147,0,2,17,12,31.68,68.32,-36.64,0,4,Away Win
3802665,2022-05-14,Ligue 1,2021/2022,Montpellier,Paris Saint-Germain,60,0,4,-4,0.0976,2.4722,-2.3746,4,13,-9,242,578,-336,80.99,92.21,105,84,21,191,508,20,24,11,5,0.0,0.8581,0,2,16,9,21.24,78.76,-57.53,0,4,Away Win
3802665,2022-05-14,Ligue 1,2021/2022,Montpellier,Paris Saint-Germain,75,0,4,-4,0.2623,2.5822,-2.3199,6,14,-8,284,671,-387,80.99,91.95,133,110,23,228,589,24,26,17,7,0.0,0.0,0,0,16,21,39.6,60.4,-20.8,0,4,Away Win
3802665,2022-05-14,Ligue 1,2021/2022,Montpellier,Paris Saint-Germain,85,0,4,-4,0.3264,2.7567,-2.4302,8,15,-7,325,734,-409,82.46,91.83,145,126,19,268,647,30,30,17,8,0.0642,0.1745,2,1,12,16,49.73,50.27,-0.55,0,4,Away Win
3802948,2022-05-21,Ligue 1,2021/2022,Paris Saint-Germain,Metz,15,0,0,0,0.0437,0.4776,-0.4339,2,4,-2,147,80,67,87.07,82.5,24,31,-7,104,60,9,10,4,9,0.016,0.4776,1,4,16,15,34.1,65.9,-31.79,5,0,Home Win
3802948,2022-05-21,Ligue 1,2021/2022,Paris Saint-Germain,Metz,30,2,0,2,0.8703,0.4776,0.3927,9,4,5,295,117,178,89.15,82.05,37,68,-31,223,88,19,13,4,16,0.6816,0.0,4,0,10,27,73.91,26.09,47.83,5,0,Home Win
3802948,2022-05-21,Ligue 1,2021/2022,Paris Saint-Germain,Metz,45,3,0,3,1.861,0.4776,1.3834,13,4,9,424,189,235,91.04,81.48,59,98,-39,327,143,25,15,7,18,0.3287,0.0,3,0,17,18,71.79,28.21,43.58,5,0,Home Win
3802948,2022-05-21,Ligue 1,2021/2022,Paris Saint-Germain,Metz,60,4,0,4,3.3977,0.4776,2.9201,20,4,16,529,215,314,91.49,80.0,71,122,-51,416,158,35,18,7,20,0.7746,0.0,4,0,6,14,84.01,15.99,68.02,5,0,Home Win
3802948,2022-05-21,Ligue 1,2021/2022,Paris Saint-Germain,Metz,75,5,0,5,4.3122,0.4776,3.8346,24,4,20,626,233,393,91.69,77.68,80,141,-61,490,167,42,20,8,20,0.8962,0.0,3,0,1,13,84.52,15.48,69.05,5,0,Home Win
3802948,2022-05-21,Ligue 1,2021/2022,Paris Saint-Germain,Metz,85,5,0,5,4.3122,0.4776,3.8346,24,4,20,731,248,483,92.2,76.61,86,161,-75,568,175,44,23,10,22,0.0,0.0,0,0,6,20,57.77,42.23,15.55,5,0,Home Win
3837650,2022-08-06,Ligue 1,2022/2023,Clermont Foot,Paris Saint-Germain,15,0,1,-1,0.0742,0.194,-0.1198,2,2,0,77,129,-52,80.52,89.92,15,14,1,49,116,5,4,0,1,0.0463,0.194,1,2,8,10,36.91,63.09,-26.19,0,5,Away Win
3837650,2022-08-06,Ligue 1,2022/2023,Clermont Foot,Paris Saint-Germain,30,0,2,-2,0.0961,0.6771,-0.5809,3,6,-3,157,220,-63,82.17,87.27,30,40,-10,115,192,12,10,6,1,0.0219,0.4206,1,3,7,13,30.64,69.36,-38.71,0,5,Away Win
3837650,2022-08-06,Ligue 1,2022/2023,Clermont Foot,Paris Saint-Germain,45,0,3,-3,0.0961,1.2928,-1.1967,3,9,-6,235,347,-112,82.13,89.05,57,58,-1,175,313,15,17,9,3,0.0,0.6158,0,3,20,9,27.79,72.21,-44.42,0,5,Away Win
3837650,2022-08-06,Ligue 1,2022/2023,Clermont Foot,Paris Saint-Germain,60,0,3,-3,0.1907,1.5254,-1.3347,6,11,-5,308,447,-139,83.12,88.37,75,80,-5,238,402,24,22,10,4,0.0642,0.1553,2,1,13,20,50.46,49.54,0.93,0,5,Away Win
3837650,2022-08-06,Ligue 1,2022/2023,Clermont Foot,Paris Saint-Germain,75,0,3,-3,0.264,1.5958,-1.3318,7,12,-5,399,596,-197,83.96,88.76,87,105,-18,316,539,33,29,15,9,0.0,0.0704,0,1,9,15,35.1,64.9,-29.81,0,5,Away Win
3837650,2022-08-06,Ligue 1,2022/2023,Clermont Foot,Paris Saint-Germain,85,0,5,-5,0.264,2.4209,-2.1568,7,16,-9,427,677,-250,83.37,89.22,95,116,-21,333,616,36,32,16,9,0.0,0.825,0,4,8,11,13.06,86.94,-73.89,0,5,Away Win
3837659,2022-08-13,Ligue 1,2022/2023,Paris Saint-Germain,Montpellier,15,0,0,0,0.035,0.0,0.035,1,0,1,164,58,106,92.68,86.21,19,32,-13,157,51,3,8,1,3,0.0,0.0,0,0,14,15,60.75,39.25,21.5,5,2,Home Win
3837659,2022-08-13,Ligue 1,2022/2023,Paris Saint-Germain,Montpellier,30,0,0,0,0.9349,0.0,0.9349,5,0,5,225,123,102,91.56,86.99,36,57,-21,217,105,7,13,4,4,0.8999,0.0,4,0,8,18,73.98,26.02,47.96,5,2,Home Win
3837659,2022-08-13,Ligue 1,2022/2023,Paris Saint-Germain,Montpellier,45,2,0,2,1.9432,0.0059,1.9373,8,1,7,347,176,171,91.93,86.36,54,75,-21,334,144,14,17,5,8,1.0082,0.0,3,0,13,11,83.63,16.37,67.26,5,2,Home Win
3837659,2022-08-13,Ligue 1,2022/2023,Paris Saint-Germain,Montpellier,60,3,1,2,2.7115,0.6051,2.1063,13,3,10,465,290,175,91.18,88.28,87,101,-14,433,230,23,25,6,11,0.0381,0.5993,1,2,21,15,42.0,58.0,-16.0,5,2,Home Win
3837659,2022-08-13,Ligue 1,2022/2023,Paris Saint-Germain,Montpellier,75,4,1,3,2.9258,0.6615,2.2643,15,5,10,566,360,206,90.46,87.78,101,116,-15,520,278,29,27,9,13,0.2143,0.0563,2,2,6,10,54.7,45.3,9.4,5,2,Home Win
3837659,2022-08-13,Ligue 1,2022/2023,Paris Saint-Germain,Montpellier,85,4,1,3,3.2051,0.6651,2.54,19,6,13,613,429,184,90.54,88.34,120,126,-6,565,330,29,32,11,15,0.2794,0.0036,4,1,19,10,67.35,32.65,34.69,5,2,Home Win
3837662,2022-08-21,Ligue 1,2022/2023,Lille,Paris Saint-Germain,15,0,1,-1,0.2409,0.5386,-0.2976,3,2,1,111,113,-2,84.68,88.5,44,30,14,90,89,10,4,5,3,0.1481,0.2409,2,1,28,15,59.61,40.39,19.22,1,7,Away Win
3837662,2022-08-21,Ligue 1,2022/2023,Lille,Paris Saint-Germain,30,0,2,-2,0.2409,1.5047,-1.2638,3,5,-2,177,259,-82,85.31,91.51,71,39,32,137,216,14,11,7,3,0.0,0.9661,0,3,13,7,22.08,77.92,-55.85,1,7,Away Win
3837662,2022-08-21,Ligue 1,2022/2023,Lille,Paris Saint-Germain,45,0,4,-4,0.8009,2.0371,-1.2362,9,8,1,306,320,-14,88.24,91.56,86,61,25,240,265,19,17,8,4,0.4776,0.4199,5,2,9,14,62.49,37.51,24.98,1,7,Away Win
3837662,2022-08-21,Ligue 1,2022/2023,Lille,Paris Saint-Germain,60,1,5,-4,1.8322,3.3709,-1.5387,12,12,0,378,437,-59,87.83,89.7,108,83,25,295,354,24,26,13,6,0.9856,1.3338,2,4,11,13,40.17,59.83,-19.65,1,7,Away Win
3837662,2022-08-21,Ligue 1,2022/2023,Lille,Paris Saint-Germain,75,1,6,-5,1.8675,3.8309,-1.9634,13,15,-2,493,511,-18,89.45,89.24,120,111,9,390,409,30,31,14,10,0.0353,0.0235,1,1,8,21,50.65,49.35,1.3,1,7,Away Win
3837662,2022-08-21,Ligue 1,2022/2023,Lille,Paris Saint-Germain,85,1,6,-5,1.9011,3.8309,-1.9298,14,15,-1,559,589,-30,89.98,89.47,133,130,3,439,477,31,34,18,12,0.0336,0.0,1,0,13,19,49.93,50.07,-0.15,1,7,Away Win
3837680,2022-08-28,Ligue 1,2022/2023,Paris Saint-Germain,AS Monaco,15,0,0,0,0.0,0.0,0.0,0,0,0,156,54,102,94.23,74.07,20,30,-10,142,35,3,7,0,3,0.0,0.0,0,0,12,17,58.5,41.5,16.99,1,1,Draw
3837680,2022-08-28,Ligue 1,2022/2023,Paris Saint-Germain,AS Monaco,30,0,1,-1,0.116,0.1173,-0.0013,2,2,0,252,125,127,90.87,81.6,49,45,4,222,88,7,11,2,8,0.116,0.0403,2,1,14,9,63.19,36.81,26.39,1,1,Draw
3837680,2022-08-28,Ligue 1,2022/2023,Paris Saint-Germain,AS Monaco,45,0,1,-1,0.8818,0.1844,0.6974,6,3,3,340,190,150,90.0,80.0,73,70,3,303,133,14,15,3,11,0.7438,0.0,3,0,20,21,72.95,27.05,45.89,1,1,Draw
3837680,2022-08-28,Ligue 1,2022/2023,Paris Saint-Germain,AS Monaco,60,0,1,-1,1.2646,0.4528,0.8117,11,4,7,509,266,243,90.37,81.95,99,107,-8,465,192,29,19,3,16,0.3139,0.0,3,0,13,20,73.08,26.92,46.17,1,1,Draw
3837680,2022-08-28,Ligue 1,2022/2023,Paris Saint-Germain,AS Monaco,75,1,1,0,2.1197,0.4528,1.6669,14,4,10,608,305,303,90.95,81.31,117,129,-12,561,219,38,23,4,18,0.8552,0.0,3,0,10,13,82.77,17.23,65.53,1,1,Draw
3837680,2022-08-28,Ligue 1,2022/2023,Paris Saint-Germain,AS Monaco,85,1,1,0,2.2997,0.4528,1.8469,16,4,12,680,349,331,90.88,81.95,137,149,-12,631,262,41,30,8,19,0.18,0.0,2,0,20,20,65.66,34.34,31.32,1,1,Draw
3837683,2022-08-31,Ligue 1,2022/2023,Toulouse,Paris Saint-Germain,15,0,0,0,0.3389,0.44,-0.1011,4,4,0,46,135,-89,82.61,91.85,36,5,31,43,108,7,4,3,1,0.2998,0.1612,2,2,20,4,54.5,45.5,9.0,0,3,Away Win
3837683,2022-08-31,Ligue 1,2022/2023,Toulouse,Paris Saint-Germain,30,0,0,0,0.5003,0.5856,-0.0854,6,6,0,91,244,-153,80.22,89.75,71,14,57,77,206,10,15,6,3,0.1553,0.0488,1,1,19,7,51.18,48.82,2.36,0,3,Away Win
3837683,2022-08-31,Ligue 1,2022/2023,Toulouse,Paris Saint-Germain,45,0,1,-1,0.5003,1.3858,-0.8855,6,10,-4,132,368,-236,78.03,91.03,99,22,77,106,314,13,20,7,5,0.0,0.7542,0,3,21,7,27.0,73.0,-45.99,0,3,Away Win
3837683,2022-08-31,Ligue 1,2022/2023,Toulouse,Paris Saint-Germain,60,0,2,-2,0.5304,1.9182,-1.3878,7,15,-8,217,464,-247,78.34,90.95,126,32,94,175,400,22,26,7,9,0.0302,0.3597,1,3,14,7,38.74,61.26,-22.51,0,3,Away Win
3837683,2022-08-31,Ligue 1,2022/2023,Toulouse,Paris Saint-Germain,75,0,2,-2,0.6412,2.6083,-1.9671,10,18,-8,294,546,-252,82.65,90.66,148,43,105,236,464,25,31,9,11,0.0787,0.446,2,1,15,7,54.69,45.31,9.38,0,3,Away Win
3837683,2022-08-31,Ligue 1,2022/2023,Toulouse,Paris Saint-Germain,85,0,2,-2,0.8038,2.8963,-2.0925,14,19,-5,356,605,-249,83.71,90.25,167,49,118,288,513,31,37,11,13,0.1626,0.288,4,1,19,6,66.49,33.51,32.99,0,3,Away Win
3837695,2022-09-03,Ligue 1,2022/2023,Nantes,Paris Saint-Germain,15,0,0,0,0.1475,0.4833,-0.3358,2,4,-2,88,107,-19,82.95,83.18,22,23,-1,68,96,7,11,1,1,0.1475,0.4449,2,3,12,16,40.5,59.5,-19.0,0,3,Away Win
3837695,2022-09-03,Ligue 1,2022/2023,Nantes,Paris Saint-Germain,30,0,1,-1,0.1634,0.546,-0.3826,3,5,-2,165,182,-17,87.27,84.07,35,34,1,132,161,9,16,2,1,0.0,0.0,0,0,10,4,53.41,46.59,6.83,0,3,Away Win
3837695,2022-09-03,Ligue 1,2022/2023,Nantes,Paris Saint-Germain,45,0,1,-1,0.2516,0.6354,-0.3838,5,6,-1,233,334,-101,86.27,87.43,51,50,1,191,303,17,19,3,2,0.0882,0.0894,2,1,12,12,45.07,54.93,-9.87,0,3,Away Win
3837695,2022-09-03,Ligue 1,2022/2023,Nantes,Paris Saint-Germain,60,0,2,-2,0.351,1.825,-1.474,7,10,-3,333,473,-140,85.59,87.32,71,72,-1,280,422,28,32,7,5,0.0487,0.5751,1,2,8,9,34.15,65.85,-31.7,0,3,Away Win
3837695,2022-09-03,Ligue 1,2022/2023,Nantes,Paris Saint-Germain,75,0,3,-3,0.351,3.6057,-3.2547,7,17,-10,397,564,-167,85.89,88.3,79,83,-4,326,507,32,40,7,6,0.0,1.1154,0,4,6,4,11.79,88.21,-76.41,0,3,Away Win
3837695,2022-09-03,Ligue 1,2022/2023,Nantes,Paris Saint-Germain,85,0,3,-3,0.3914,3.791,-3.3996,9,19,-10,431,680,-249,85.15,88.97,99,88,11,355,620,39,49,8,9,0.0404,0.1853,2,2,20,5,43.73,56.27,-12.54,0,3,Away Win
3837706,2022-09-10,Ligue 1,2022/2023,Paris Saint-Germain,Stade Brestois,15,0,0,0,0.2168,0.0,0.2168,3,0,3,161,69,92,89.44,79.71,12,51,-39,121,52,5,2,1,7,0.1645,0.0,2,0,3,31,61.45,38.55,22.9,1,0,Home Win
3837706,2022-09-10,Ligue 1,2022/2023,Paris Saint-Germain,Stade Brestois,30,1,0,1,0.5004,0.022,0.4783,5,1,4,253,116,137,89.33,79.31,17,84,-67,197,87,11,6,6,11,0.1996,0.0,1,0,5,14,58.97,41.03,17.94,1,0,Home Win
3837706,2022-09-10,Ligue 1,2022/2023,Paris Saint-Germain,Stade Brestois,45,1,0,1,0.749,0.1891,0.56,7,2,5,377,190,187,89.39,82.11,43,132,-89,302,150,21,11,7,15,0.2069,0.167,1,1,21,32,49.03,50.97,-1.95,1,0,Home Win
3837706,2022-09-10,Ligue 1,2022/2023,Paris Saint-Germain,Stade Brestois,60,1,0,1,1.3287,0.2164,1.1123,10,3,7,499,299,200,89.18,82.94,78,173,-95,403,242,28,22,13,22,0.2626,0.0273,1,1,22,33,49.93,50.07,-0.14,1,0,Home Win
3837706,2022-09-10,Ligue 1,2022/2023,Paris Saint-Germain,Stade Brestois,75,1,0,1,1.3726,1.0818,0.2908,11,6,5,583,384,199,89.02,84.38,102,189,-87,460,318,32,26,13,25,0.0439,0.8654,1,3,12,5,29.99,70.01,-40.02,1,0,Home Win
3837706,2022-09-10,Ligue 1,2022/2023,Paris Saint-Germain,Stade Brestois,85,1,0,1,1.4326,1.0818,0.3508,13,6,7,645,421,224,88.84,83.61,115,207,-92,509,344,37,27,14,26,0.06,0.0,2,0,13,18,67.29,32.71,34.57,1,0,Home Win
3837717,2022-09-18,Ligue 1,2022/2023,Lyon,Paris Saint-Germain,15,0,1,-1,0.0,0.8139,-0.8139,0,7,-7,79,167,-88,88.61,94.61,47,13,34,60,146,4,10,3,3,0.0,0.6861,0,6,27,9,21.9,78.1,-56.2,0,1,Away Win
3837717,2022-09-18,Ligue 1,2022/2023,Lyon,Paris Saint-Germain,30,0,1,-1,0.4116,0.8139,-0.4023,6,7,-1,133,334,-201,87.97,94.31,74,23,51,99,284,7,12,7,5,0.1945,0.0,4,0,20,7,65.92,34.08,31.84,0,1,Away Win
3837717,2022-09-18,Ligue 1,2022/2023,Lyon,Paris Saint-Germain,45,0,1,-1,0.4847,1.0616,-0.5769,8,10,-2,197,468,-271,88.83,93.8,97,38,59,155,401,16,18,9,7,0.0387,0.2478,1,3,14,12,32.9,67.1,-34.19,0,1,Away Win
3837717,2022-09-18,Ligue 1,2022/2023,Lyon,Paris Saint-Germain,60,0,1,-1,0.5248,1.0616,-0.5368,9,10,-1,289,612,-323,87.89,92.97,134,60,74,229,525,23,27,11,10,0.0401,0.0,1,0,21,13,54.77,45.23,9.54,0,1,Away Win
3837717,2022-09-18,Ligue 1,2022/2023,Lyon,Paris Saint-Germain,75,0,1,-1,0.5248,1.5564,-1.0316,9,11,-2,370,698,-328,87.03,92.12,160,78,82,298,599,33,34,14,11,0.0,0.4948,0,1,16,12,39.28,60.72,-21.44,0,1,Away Win
3837717,2022-09-18,Ligue 1,2022/2023,Lyon,Paris Saint-Germain,85,0,1,-1,0.8107,1.852,-1.0413,12,13,-1,417,755,-338,86.09,91.79,178,84,94,334,651,39,43,16,12,0.2859,0.2956,3,2,18,6,56.25,43.75,12.5,0,1,Away Win
3837727,2022-10-01,Ligue 1,2022/2023,Paris Saint-Germain,OGC Nice,15,0,0,0,0.0357,0.0,0.0357,1,0,1,134,105,29,90.3,85.71,31,42,-11,118,92,13,5,3,1,0.0357,0.0,1,0,12,27,54.28,45.72,8.56,2,1,Home Win
3837727,2022-10-01,Ligue 1,2022/2023,Paris Saint-Germain,OGC Nice,30,1,0,1,0.1171,0.0,0.1171,2,0,2,250,181,69,90.8,86.19,54,67,-13,216,154,23,13,4,4,0.0814,0.0,1,0,14,17,59.44,40.56,18.89,2,1,Home Win
3837727,2022-10-01,Ligue 1,2022/2023,Paris Saint-Germain,OGC Nice,45,1,0,1,0.2601,0.0237,0.2364,5,1,4,428,235,193,92.29,87.23,72,115,-43,368,206,29,21,4,4,0.0636,0.0237,2,1,15,31,55.02,44.98,10.05,2,1,Home Win
3837727,2022-10-01,Ligue 1,2022/2023,Paris Saint-Germain,OGC Nice,60,1,1,0,0.3528,0.338,0.0148,7,3,4,492,346,146,91.46,86.99,103,138,-35,417,314,35,33,6,7,0.0927,0.0524,2,1,21,13,54.62,45.38,9.23,2,1,Home Win
3837727,2022-10-01,Ligue 1,2022/2023,Paris Saint-Germain,OGC Nice,75,1,1,0,0.3996,0.3825,0.0172,8,4,4,565,442,123,90.27,86.65,117,158,-41,486,393,43,41,7,9,0.0,0.0445,0,1,10,14,40.62,59.38,-18.75,2,1,Home Win
3837727,2022-10-01,Ligue 1,2022/2023,Paris Saint-Germain,OGC Nice,85,2,1,1,0.5725,0.3825,0.19,9,4,5,662,481,181,90.63,86.28,126,184,-58,567,422,51,42,9,12,0.1728,0.0,1,0,9,26,60.84,39.16,21.67,2,1,Home Win
3837747,2022-10-16,Ligue 1,2022/2023,Paris Saint-Germain,Olympique de Marseille,15,0,0,0,0.6362,0.0,0.6362,4,0,4,108,0,108,85.19,0.0,34,0,34,82,0,11,0,2,0,0.0,0.0,0,0,18,0,100.0,0.0,100.0,1,0,Home Win
3837747,2022-10-16,Ligue 1,2022/2023,Paris Saint-Germain,Olympique de Marseille,30,0,0,0,0.9185,0.0,0.9185,8,0,8,199,0,199,86.93,0.0,50,0,50,148,0,18,0,2,0,0.1438,0.0,3,0,11,0,100.0,0.0,100.0,1,0,Home Win
3837747,2022-10-16,Ligue 1,2022/2023,Paris Saint-Germain,Olympique de Marseille,45,0,0,0,1.0461,0.0,1.0461,10,0,10,253,0,253,87.35,0.0,76,0,76,192,0,26,0,4,0,0.0504,0.0,1,0,22,0,100.0,0.0,100.0,1,0,Home Win
3837747,2022-10-16,Ligue 1,2022/2023,Paris Saint-Germain,Olympique de Marseille,60,1,0,1,1.509,0.0,1.509,14,0,14,323,0,323,87.62,0.0,102,0,102,247,0,30,0,6,0,0.1835,0.0,2,0,17,0,100.0,0.0,100.0,1,0,Home Win
3837747,2022-10-16,Ligue 1,2022/2023,Paris Saint-Germain,Olympique de Marseille,75,1,0,1,1.6965,0.0,1.6965,17,0,17,425,0,425,88.71,0.0,120,0,120,333,0,34,0,8,0,0.0777,0.0,2,0,10,0,100.0,0.0,100.0,1,0,Home Win
3837747,2022-10-16,Ligue 1,2022/2023,Paris Saint-Germain,Olympique de Marseille,85,1,0,1,1.9815,0.0,1.9815,20,0,20,502,0,502,89.84,0.0,133,0,133,397,0,37,0,9,0,0.285,0.0,3,0,13,0,100.0,0.0,100.0,1,0,Home Win
3837752,2022-10-21,Ligue 1,2022/2023,AC Ajaccio,Paris Saint-Germain,15,0,0,0,0.0346,0.0395,-0.005,1,1,0,61,108,-47,80.33,87.04,27,26,1,54,96,11,9,2,0,0.0,0.0395,0,1,15,12,39.26,60.74,-21.47,0,3,Away Win
3837752,2022-10-21,Ligue 1,2022/2023,AC Ajaccio,Paris Saint-Germain,30,0,1,-1,0.1129,0.2739,-0.1611,4,3,1,118,195,-77,79.66,89.74,50,40,10,101,172,20,13,3,3,0.0108,0.2344,1,2,18,7,42.78,57.22,-14.45,0,3,Away Win
3837752,2022-10-21,Ligue 1,2022/2023,AC Ajaccio,Paris Saint-Germain,45,0,1,-1,0.1642,1.0532,-0.8889,5,4,1,199,336,-137,79.4,90.18,77,54,23,165,299,29,21,4,3,0.0514,0.0,1,0,15,12,52.67,47.33,5.33,0,3,Away Win
3837752,2022-10-21,Ligue 1,2022/2023,AC Ajaccio,Paris Saint-Germain,60,0,1,-1,0.2121,1.4156,-1.2035,7,8,-1,253,492,-239,79.05,89.63,100,68,32,202,425,35,28,6,3,0.0478,0.1107,2,1,15,9,51.57,48.43,3.13,0,3,Away Win
3837752,2022-10-21,Ligue 1,2022/2023,AC Ajaccio,Paris Saint-Germain,75,0,1,-1,0.24,1.6366,-1.3965,8,9,-1,315,568,-253,78.41,89.44,124,79,45,249,495,46,35,10,4,0.0279,0.0,1,0,15,10,67.17,32.83,34.34,0,3,Away Win
3837752,2022-10-21,Ligue 1,2022/2023,AC Ajaccio,Paris Saint-Germain,85,0,3,-3,0.24,2.8618,-2.6217,8,11,-3,350,658,-308,78.57,89.82,142,89,53,269,576,48,39,11,4,0.0,1.2252,0,2,18,10,21.7,78.3,-56.59,0,3,Away Win
3837771,2022-10-29,Ligue 1,2022/2023,Paris Saint-Germain,Troyes,15,0,1,-1,0.1488,0.5433,-0.3945,2,5,-3,133,67,66,90.23,91.04,11,36,-25,112,62,8,8,1,2,0.0481,0.2398,1,3,9,21,37.71,62.29,-24.57,4,3,Home Win
3837771,2022-10-29,Ligue 1,2022/2023,Paris Saint-Germain,Troyes,30,1,1,0,0.5877,0.6151,-0.0273,5,7,-2,247,152,95,92.31,87.5,31,63,-32,218,140,14,15,4,4,0.4143,0.0335,2,1,15,23,58.32,41.68,16.65,4,3,Home Win
3837771,2022-10-29,Ligue 1,2022/2023,Paris Saint-Germain,Troyes,45,1,1,0,1.1797,0.6151,0.5647,12,7,5,381,200,181,91.08,87.5,53,83,-30,330,188,24,22,5,9,0.4847,0.0,5,0,14,11,82.17,17.83,64.34,4,3,Home Win
3837771,2022-10-29,Ligue 1,2022/2023,Paris Saint-Germain,Troyes,60,2,2,0,1.3649,0.8212,0.5437,15,10,5,488,264,224,89.96,87.12,73,110,-37,416,249,29,27,6,11,0.0266,0.1403,1,2,10,10,40.04,59.96,-19.92,4,3,Home Win
3837771,2022-10-29,Ligue 1,2022/2023,Paris Saint-Germain,Troyes,75,3,2,1,1.9271,0.8212,1.1059,17,10,7,609,315,294,90.31,86.03,99,135,-36,526,291,36,34,8,12,0.0,0.0,0,0,22,14,60.33,39.67,20.67,4,3,Home Win
3837771,2022-10-29,Ligue 1,2022/2023,Paris Saint-Germain,Troyes,85,4,2,2,2.7346,1.0215,1.7131,19,13,6,678,345,333,90.12,85.22,115,160,-45,585,324,41,46,10,13,0.8075,0.2003,2,3,16,25,50.66,49.34,1.33,4,3,Home Win
3837785,2022-11-13,Ligue 1,2022/2023,Paris Saint-Germain,Auxerre,15,1,0,1,0.1455,0.0,0.1455,1,0,1,139,78,61,87.77,84.62,23,30,-7,120,60,12,4,0,5,0.1455,0.0,1,0,16,14,65.51,34.49,31.01,5,0,Home Win
3837785,2022-11-13,Ligue 1,2022/2023,Paris Saint-Germain,Auxerre,30,1,0,1,0.1812,0.116,0.0652,2,2,0,286,142,144,88.46,84.51,45,56,-11,244,118,22,11,3,12,0.0358,0.0,1,0,12,21,65.86,34.14,31.71,5,0,Home Win
3837785,2022-11-13,Ligue 1,2022/2023,Paris Saint-Germain,Auxerre,45,1,0,1,0.1812,0.1968,-0.0156,2,4,-2,421,225,196,88.36,80.44,70,80,-10,360,173,35,22,6,13,0.0,0.0808,0,2,18,22,44.35,55.65,-11.3,5,0,Home Win
3837785,2022-11-13,Ligue 1,2022/2023,Paris Saint-Germain,Auxerre,60,3,0,3,0.5118,0.4416,0.0701,4,7,-3,504,337,167,88.1,82.79,96,106,-10,427,257,39,30,7,16,0.1962,0.2072,1,2,21,13,44.57,55.43,-10.85,5,0,Home Win
3837785,2022-11-13,Ligue 1,2022/2023,Paris Saint-Germain,Auxerre,75,3,0,3,0.6145,0.6674,-0.0529,5,10,-5,620,429,191,88.55,83.92,118,134,-16,525,328,46,36,9,17,0.0,0.2257,0,3,13,16,31.46,68.54,-37.08,5,0,Home Win
3837785,2022-11-13,Ligue 1,2022/2023,Paris Saint-Germain,Auxerre,85,5,0,5,1.2755,0.6674,0.6082,8,10,-2,669,465,204,88.34,83.23,128,140,-12,570,355,52,40,12,17,0.6611,0.0,3,0,10,6,82.21,17.79,64.43,5,0,Home Win
3857286,2022-11-20,FIFA World Cup,2022,Qatar,Ecuador,15,0,1,-1,0.0,0.7835,-0.7835,0,1,-1,46,92,-46,69.57,78.26,10,9,1,30,68,3,7,1,0,0.0,0.7835,0,1,7,5,19.42,80.58,-61.16,0,2,Away Win
3857286,2022-11-20,FIFA World Cup,2022,Qatar,Ecuador,30,0,2,-2,0.0,0.93,-0.93,0,3,-3,98,190,-92,66.33,81.58,25,26,-1,56,150,7,13,2,1,0.0,0.1465,0,2,13,16,25.54,74.46,-48.92,0,2,Away Win
3857286,2022-11-20,FIFA World Cup,2022,Qatar,Ecuador,45,0,2,-2,0.0062,0.93,-0.9238,1,3,-2,180,243,-63,75.56,79.01,42,53,-11,129,187,15,20,3,2,0.0,0.0,0,0,10,21,52.3,47.7,4.6,0,2,Away Win
3857286,2022-11-20,FIFA World Cup,2022,Qatar,Ecuador,60,0,2,-2,0.2189,1.0155,-0.7966,2,5,-3,311,351,-40,79.42,81.2,66,81,-15,239,270,22,25,4,6,0.0,0.0856,0,2,15,11,34.21,65.79,-31.58,0,2,Away Win
3857286,2022-11-20,FIFA World Cup,2022,Qatar,Ecuador,75,0,2,-2,0.2589,1.0155,-0.7567,4,5,-1,389,412,-23,81.49,82.77,78,105,-27,306,321,28,29,4,7,0.0091,0.0,1,0,11,15,55.06,44.94,10.12,0,2,Away Win
3857286,2022-11-20,FIFA World Cup,2022,Qatar,Ecuador,85,0,2,-2,0.3042,1.0155,-0.7113,5,5,0,437,463,-26,81.69,82.72,90,119,-29,346,356,31,32,5,7,0.0453,0.0,1,0,12,14,58.56,41.44,17.13,0,2,Away Win
3857271,2022-11-21,FIFA World Cup,2022,England,Iran,15,0,0,0,0.2331,0.0,0.2331,1,0,1,84,8,76,91.67,37.5,4,15,-11,70,4,4,2,0,0,0.2331,0.0,1,0,0,5,81.44,18.56,62.87,6,2,Home Win
3857271,2022-11-21,FIFA World Cup,2022,England,Iran,30,0,0,0,0.3283,0.0,0.3283,3,0,3,180,36,144,90.0,55.56,17,38,-21,149,26,9,7,1,3,0.0953,0.0,2,0,9,20,68.16,31.84,36.32,6,2,Home Win
3857271,2022-11-21,FIFA World Cup,2022,England,Iran,45,3,0,3,0.7306,0.0,0.7306,7,0,7,286,74,212,88.46,58.11,33,58,-25,233,56,17,16,2,5,0.2496,0.0,2,0,11,14,73.11,26.89,46.22,6,2,Home Win
3857271,2022-11-21,FIFA World Cup,2022,England,Iran,60,3,0,3,0.795,0.1189,0.6762,9,2,7,548,145,403,86.13,62.07,60,104,-44,433,110,34,25,4,15,0.0215,0.1189,1,2,20,28,53.45,46.55,6.9,6,2,Home Win
3857271,2022-11-21,FIFA World Cup,2022,England,Iran,75,5,1,4,1.2832,0.2588,1.0243,11,5,6,612,186,426,86.6,66.67,75,111,-36,484,141,38,28,4,17,0.4081,0.0743,1,2,9,4,57.86,42.14,15.72,6,2,Home Win
3857271,2022-11-21,FIFA World Cup,2022,England,Iran,85,5,1,4,1.3609,0.3209,1.04,12,6,6,712,199,513,87.36,65.83,84,125,-41,561,149,41,31,5,21,0.0777,0.062,1,1,9,14,61.33,38.67,22.67,6,2,Home Win
3857282,2022-11-21,FIFA World Cup,2022,United States,Wales,15,0,0,0,0.2533,0.0138,0.2396,1,1,0,127,56,71,90.55,75.0,17,18,-1,111,37,6,4,2,3,0.2533,0.0138,1,1,9,9,61.76,38.24,23.53,1,1,Draw
3857282,2022-11-21,FIFA World Cup,2022,United States,Wales,30,0,0,0,0.26,0.0138,0.2462,2,1,1,243,127,116,90.53,78.74,42,39,3,221,93,14,14,4,6,0.0066,0.0,1,0,16,13,65.08,34.92,30.16,1,1,Draw
3857282,2022-11-21,FIFA World Cup,2022,United States,Wales,45,1,0,1,0.461,0.1578,0.3032,3,2,1,348,187,161,88.22,79.68,55,58,-3,304,142,20,19,5,7,0.0,0.144,0,1,13,10,41.02,58.98,-17.95,1,1,Draw
3857282,2022-11-21,FIFA World Cup,2022,United States,Wales,60,1,0,1,0.461,0.1899,0.2711,3,3,0,434,323,111,87.1,80.5,95,83,12,374,247,24,28,7,8,0.0,0.0321,0,1,25,16,38.12,61.88,-23.76,1,1,Draw
3857282,2022-11-21,FIFA World Cup,2022,United States,Wales,75,1,0,1,0.4884,0.5693,-0.0809,4,5,-1,502,370,132,86.25,78.65,112,105,7,438,280,34,37,9,9,0.0274,0.0,1,0,13,17,59.3,40.7,18.59,1,1,Draw
3857282,2022-11-21,FIFA World Cup,2022,United States,Wales,85,1,1,0,0.5827,1.3528,-0.7701,5,6,-1,524,410,114,85.69,78.05,124,110,14,453,312,37,44,10,9,0.0943,0.7835,1,1,12,5,38.23,61.77,-23.53,1,1,Draw
3857285,2022-11-21,FIFA World Cup,2022,Senegal,Netherlands,15,0,0,0,0.0944,0.1217,-0.0273,2,1,1,75,93,-18,85.33,82.8,21,24,-3,65,62,11,6,0,1,0.0595,0.0,1,0,12,17,57.79,42.21,15.59,0,2,Away Win
3857285,2022-11-21,FIFA World Cup,2022,Senegal,Netherlands,30,0,0,0,0.1858,0.2495,-0.0638,5,4,1,144,159,-15,84.03,83.02,37,36,1,121,118,19,13,2,2,0.0914,0.0454,3,1,7,9,62.93,37.07,25.86,0,2,Away Win
3857285,2022-11-21,FIFA World Cup,2022,Senegal,Netherlands,45,0,0,0,0.1926,0.2797,-0.0871,6,5,1,217,239,-22,81.11,82.43,52,51,1,176,167,25,15,3,5,0.0,0.0301,0,1,10,10,44.02,55.98,-11.96,0,2,Away Win
3857285,2022-11-21,FIFA World Cup,2022,Senegal,Netherlands,60,0,0,0,0.2619,0.3869,-0.125,8,7,1,282,343,-61,80.5,82.22,77,70,7,226,244,36,22,4,5,0.0693,0.1072,2,2,10,12,47.63,52.37,-4.73,0,2,Away Win
3857285,2022-11-21,FIFA World Cup,2022,Senegal,Netherlands,75,0,0,0,0.4435,0.3869,0.0566,11,7,4,330,403,-73,81.21,81.64,89,80,9,256,279,39,23,6,6,0.1394,0.0,2,0,8,10,71.76,28.24,43.51,0,2,Away Win
3857285,2022-11-21,FIFA World Cup,2022,Senegal,Netherlands,85,0,1,-1,0.5164,0.6729,-0.1565,13,8,5,369,452,-83,80.76,81.42,96,91,5,281,315,43,26,6,8,0.073,0.286,2,1,7,11,49.17,50.83,-1.66,0,2,Away Win
3857254,2022-11-22,FIFA World Cup,2022,Denmark,Tunisia,15,0,0,0,0.0,0.1147,-0.1147,0,4,-4,85,96,-11,69.41,81.25,37,22,15,64,79,9,13,1,1,0.0,0.0768,0,2,20,11,38.25,61.75,-23.51,0,0,Draw
3857254,2022-11-22,FIFA World Cup,2022,Denmark,Tunisia,30,0,0,0,0.1517,0.1147,0.037,2,4,-2,197,154,43,76.14,79.22,48,45,3,160,123,17,19,1,6,0.1517,0.0,2,0,5,14,70.85,29.15,41.69,0,0,Draw
3857254,2022-11-22,FIFA World Cup,2022,Denmark,Tunisia,45,0,0,0,0.1604,0.9386,-0.7782,3,10,-7,292,206,86,79.79,78.64,71,62,9,246,166,21,28,4,6,0.0,0.8239,0,6,15,8,20.87,79.13,-58.26,0,0,Draw
3857254,2022-11-22,FIFA World Cup,2022,Denmark,Tunisia,60,0,0,0,0.4169,1.0599,-0.643,4,13,-9,438,287,151,83.56,78.05,82,88,-6,379,232,29,38,7,7,0.2565,0.1005,1,2,8,8,45.07,54.93,-9.85,0,0,Draw
3857254,2022-11-22,FIFA World Cup,2022,Denmark,Tunisia,75,0,0,0,1.3704,1.0599,0.3105,8,13,-5,534,364,170,84.08,77.75,98,102,-4,465,294,37,45,7,10,0.9535,0.0,4,0,11,11,81.65,18.35,63.3,0,0,Draw
3857254,2022-11-22,FIFA World Cup,2022,Denmark,Tunisia,85,0,0,0,1.3704,1.0599,0.3105,8,13,-5,598,387,211,84.62,76.74,104,117,-13,520,308,40,46,7,11,0.0,0.0,0,0,6,15,55.41,44.59,10.81,0,0,Draw
3857265,2022-11-22,FIFA World Cup,2022,Mexico,Poland,15,0,0,0,0.1767,0.057,0.1197,1,1,0,80,61,19,88.75,77.05,10,24,-14,68,41,3,5,2,0,0.1767,0.057,1,1,5,12,46.88,53.12,-6.25,0,0,Draw
3857265,2022-11-22,FIFA World Cup,2022,Mexico,Poland,30,0,0,0,0.2748,0.057,0.2179,2,1,1,171,125,46,84.21,76.0,27,49,-22,147,86,11,15,5,0,0.0982,0.0,1,0,10,16,59.16,40.84,18.33,0,0,Draw
3857265,2022-11-22,FIFA World Cup,2022,Mexico,Poland,45,0,0,0,0.3074,0.057,0.2505,4,1,3,286,195,91,82.17,73.85,43,74,-31,242,132,24,22,6,0,0.0326,0.0,2,0,12,19,67.94,32.06,35.87,0,0,Draw
3857265,2022-11-22,FIFA World Cup,2022,Mexico,Poland,60,0,0,0,0.4007,0.9421,-0.5414,7,3,4,366,237,129,81.42,72.15,63,87,-24,309,156,31,30,7,4,0.0851,0.8852,2,2,11,5,43.27,56.73,-13.46,0,0,Draw
3857265,2022-11-22,FIFA World Cup,2022,Mexico,Poland,75,0,0,0,0.4748,0.9421,-0.4673,9,3,6,437,276,161,81.69,70.65,73,106,-33,369,178,39,34,7,5,0.0,0.0,0,0,5,8,56.36,43.64,12.71,0,0,Draw
3857265,2022-11-22,FIFA World Cup,2022,Mexico,Poland,85,0,0,0,0.4891,1.0666,-0.5775,10,4,6,486,318,168,81.28,71.38,84,123,-39,411,217,45,43,7,6,0.0143,0.1245,1,1,11,17,44.66,55.34,-10.68,0,0,Draw
3857279,2022-11-22,FIFA World Cup,2022,France,Australia,15,0,1,-1,0.0367,0.2219,-0.1852,2,2,0,90,87,3,82.22,85.06,22,13,9,64,70,8,9,0,2,0.0177,0.1915,1,1,10,5,47.67,52.33,-4.65,4,1,Home Win
3857279,2022-11-22,FIFA World Cup,2022,France,Australia,30,1,1,0,0.4197,0.2398,0.1799,5,3,2,210,138,72,83.81,81.16,39,25,14,157,114,14,19,1,6,0.383,0.0179,3,1,11,7,72.17,27.83,44.33,4,1,Home Win
3857279,2022-11-22,FIFA World Cup,2022,France,Australia,45,2,1,1,2.1083,0.2398,1.8685,11,3,8,346,223,123,86.42,82.51,50,38,12,264,173,20,26,2,6,0.9093,0.0,5,0,9,11,78.8,21.2,57.6,4,1,Home Win
3857279,2022-11-22,FIFA World Cup,2022,France,Australia,60,2,1,1,2.3502,0.3233,2.027,14,4,10,512,310,202,88.09,82.58,62,68,-6,390,240,28,35,5,9,0.1275,0.0,1,0,3,20,64.3,35.7,28.61,4,1,Home Win
3857279,2022-11-22,FIFA World Cup,2022,France,Australia,75,4,1,3,3.0495,0.3233,2.7262,21,4,17,598,359,239,88.63,82.73,67,83,-16,457,270,35,36,6,9,0.4995,0.0,4,0,3,5,82.98,17.02,65.96,4,1,Home Win
3857279,2022-11-22,FIFA World Cup,2022,France,Australia,85,4,1,3,3.0495,0.3233,2.7262,21,4,17,676,420,256,88.76,82.86,77,95,-18,517,321,38,42,10,10,0.0,0.0,0,0,10,12,49.84,50.16,-0.31,4,1,Home Win
3857300,2022-11-22,FIFA World Cup,2022,Argentina,Saudi Arabia,15,1,0,1,0.9366,0.0,0.9366,2,0,2,78,43,35,87.18,67.44,19,11,8,71,35,6,9,4,1,0.7835,0.0,1,0,15,5,77.03,22.97,54.07,1,2,Away Win
3857300,2022-11-22,FIFA World Cup,2022,Argentina,Saudi Arabia,30,1,0,1,0.9485,0.0,0.9485,3,0,3,157,111,46,86.62,77.48,31,39,-8,142,91,14,12,5,4,0.0,0.0,0,0,10,16,47.08,52.92,-5.84,1,2,Away Win
3857300,2022-11-22,FIFA World Cup,2022,Argentina,Saudi Arabia,45,1,0,1,1.0868,0.0,1.0868,5,0,5,267,164,103,86.14,75.0,47,66,-19,232,130,20,22,7,6,0.1383,0.0,2,0,11,17,68.63,31.37,37.27,1,2,Away Win
3857300,2022-11-22,FIFA World Cup,2022,Argentina,Saudi Arabia,60,1,2,-1,1.0868,0.1535,0.9333,5,3,2,411,205,206,86.62,73.17,69,101,-32,350,169,24,38,8,10,0.0,0.0729,0,2,14,16,36.29,63.71,-27.41,1,2,Away Win
3857300,2022-11-22,FIFA World Cup,2022,Argentina,Saudi Arabia,75,1,2,-1,2.2478,0.1535,2.0943,11,3,8,512,240,272,85.94,71.67,84,113,-29,429,195,32,42,10,14,0.1933,0.0,4,0,12,6,87.43,12.57,74.86,1,2,Away Win
3857300,2022-11-22,FIFA World Cup,2022,Argentina,Saudi Arabia,85,1,2,-1,2.3822,0.1535,2.2287,13,3,10,556,259,297,85.25,70.27,90,124,-34,461,207,36,44,11,16,0.1343,0.0,2,0,6,11,73.61,26.39,47.22,1,2,Away Win
3857268,2022-11-23,FIFA World Cup,2022,Belgium,Canada,15,0,0,0,0.0176,1.4113,-1.3937,1,8,-7,64,75,-11,75.0,81.33,19,12,7,41,65,6,9,0,2,0.0,1.3314,0,7,10,8,13.54,86.46,-72.92,1,0,Home Win
3857268,2022-11-23,FIFA World Cup,2022,Belgium,Canada,30,0,0,0,0.0642,1.5796,-1.5154,2,11,-9,177,134,43,81.92,81.34,34,33,1,135,115,12,20,1,6,0.0466,0.1683,1,3,11,12,37.2,62.8,-25.61,1,0,Home Win
3857268,2022-11-23,FIFA World Cup,2022,Belgium,Canada,45,1,0,1,0.3953,1.6685,-1.2731,4,12,-8,293,200,93,86.01,83.0,45,50,-5,234,168,19,25,1,6,0.2499,0.0,1,0,7,12,68.26,31.74,36.51,1,0,Home Win
3857268,2022-11-23,FIFA World Cup,2022,Belgium,Canada,60,1,0,1,0.3953,2.1691,-1.7737,4,16,-12,390,276,114,85.64,82.97,59,75,-16,319,235,24,35,3,8,0.0,0.0,0,0,3,16,45.78,54.22,-8.44,1,0,Home Win
3857268,2022-11-23,FIFA World Cup,2022,Belgium,Canada,75,1,0,1,0.4851,2.2507,-1.7656,5,18,-13,468,378,90,84.83,83.6,65,94,-29,386,321,29,41,5,11,0.0897,0.0229,1,1,5,11,45.6,54.4,-8.79,1,0,Home Win
3857268,2022-11-23,FIFA World Cup,2022,Belgium,Canada,85,1,0,1,0.6351,2.4795,-1.8444,7,21,-14,494,432,62,84.62,83.8,80,105,-25,405,370,34,47,7,12,0.15,0.2288,2,3,15,11,42.05,57.95,-15.91,1,0,Home Win
3857277,2022-11-23,FIFA World Cup,2022,Morocco,Croatia,15,0,0,0,0.0785,0.0,0.0785,2,0,2,83,133,-50,79.52,87.97,35,15,20,64,114,7,10,3,2,0.0785,0.0,2,0,17,11,63.83,36.17,27.66,0,0,Draw
3857277,2022-11-23,FIFA World Cup,2022,Morocco,Croatia,30,0,0,0,0.2208,0.0098,0.211,5,1,4,165,229,-64,82.42,86.46,64,38,26,135,196,17,15,4,3,0.0342,0.0,1,0,19,12,58.41,41.59,16.81,0,0,Draw
3857277,2022-11-23,FIFA World Cup,2022,Morocco,Croatia,45,0,0,0,0.2208,0.4575,-0.2367,5,2,3,229,337,-108,82.53,85.76,93,55,38,195,281,26,19,6,6,0.0,0.4478,0,1,20,11,39.72,60.28,-20.57,0,0,Draw
3857277,2022-11-23,FIFA World Cup,2022,Morocco,Croatia,60,0,0,0,0.3433,0.8499,-0.5066,7,5,2,264,434,-170,80.3,84.56,113,72,41,217,351,31,26,9,6,0.0,0.2503,0,1,6,8,22.68,77.32,-54.65,0,0,Draw
3857277,2022-11-23,FIFA World Cup,2022,Morocco,Croatia,75,0,0,0,0.3626,0.8499,-0.4872,8,5,3,306,570,-264,78.76,85.09,141,89,52,255,470,43,33,12,9,0.0,0.0,0,0,24,9,43.45,56.55,-13.1,0,0,Draw
3857277,2022-11-23,FIFA World Cup,2022,Morocco,Croatia,85,0,0,0,0.3626,0.8499,-0.4872,8,5,3,345,618,-273,79.13,84.47,153,98,55,286,504,49,35,12,10,0.0,0.0,0,0,12,9,54.0,46.0,8.0,0,0,Draw
3857284,2022-11-23,FIFA World Cup,2022,Germany,Japan,15,0,0,0,0.0489,0.0,0.0489,2,0,2,177,32,145,87.57,43.75,10,41,-31,133,10,12,3,0,0,0.0489,0.0,2,0,6,24,70.66,29.34,41.31,1,2,Away Win
3857284,2022-11-23,FIFA World Cup,2022,Germany,Japan,30,0,0,0,0.3074,0.0,0.3074,6,0,6,332,61,271,88.86,55.74,23,68,-45,252,26,21,7,0,0,0.2066,0.0,3,0,4,16,79.6,20.4,59.2,1,2,Away Win
3857284,2022-11-23,FIFA World Cup,2022,Germany,Japan,45,1,0,1,1.3081,0.0,1.3081,12,0,12,464,110,354,89.22,63.64,37,93,-56,351,57,27,13,0,1,0.2172,0.0,5,0,8,21,77.6,22.4,55.21,1,2,Away Win
3857284,2022-11-23,FIFA World Cup,2022,Germany,Japan,60,1,0,1,1.85,0.2748,1.5752,17,4,13,602,189,413,88.87,68.25,57,130,-73,453,109,40,20,1,6,0.107,0.1332,1,2,12,14,44.37,55.63,-11.26,1,2,Away Win
3857284,2022-11-23,FIFA World Cup,2022,Germany,Japan,75,1,1,0,2.3681,1.2226,1.1455,21,11,10,680,263,417,88.24,74.14,75,158,-83,506,161,47,25,3,7,0.5181,0.9178,4,6,11,19,40.46,59.54,-19.08,1,2,Away Win
3857284,2022-11-23,FIFA World Cup,2022,Germany,Japan,85,1,2,-1,2.5536,1.2493,1.3044,22,12,10,736,278,458,88.18,75.18,83,168,-85,547,174,49,26,3,8,0.1855,0.0267,1,1,8,10,59.71,40.29,19.42,1,2,Away Win
3857291,2022-11-23,FIFA World Cup,2022,Spain,Costa Rica,15,1,0,1,0.8477,0.0,0.8477,3,0,3,189,29,160,88.89,51.72,13,26,-13,152,18,6,6,2,2,0.6394,0.0,2,0,7,15,79.73,20.27,59.46,7,0,Home Win
3857291,2022-11-23,FIFA World Cup,2022,Spain,Costa Rica,30,3,0,3,1.7234,0.0,1.7234,5,0,5,353,56,297,91.22,55.36,22,49,-27,298,35,14,10,3,3,0.7835,0.0,1,0,4,15,81.16,18.84,62.32,7,0,Home Win
3857291,2022-11-23,FIFA World Cup,2022,Spain,Costa Rica,45,3,0,3,1.7392,0.0,1.7392,6,0,6,547,114,433,92.14,64.04,45,70,-25,461,77,19,15,4,5,0.0159,0.0,1,0,15,20,67.77,32.23,35.55,7,0,Home Win
3857291,2022-11-23,FIFA World Cup,2022,Spain,Costa Rica,60,4,0,4,1.9778,0.0,1.9778,9,0,9,765,138,627,92.29,64.49,54,96,-42,654,95,27,21,5,6,0.105,0.0,1,0,3,14,71.9,28.1,43.81,7,0,Home Win
3857291,2022-11-23,FIFA World Cup,2022,Spain,Costa Rica,75,5,0,5,2.1498,0.0,2.1498,13,0,13,896,184,712,92.19,66.3,67,121,-54,768,127,35,24,6,9,0.0898,0.0,2,0,9,18,70.55,29.45,41.1,7,0,Home Win
3857291,2022-11-23,FIFA World Cup,2022,Spain,Costa Rica,85,5,0,5,2.1498,0.0,2.1498,13,0,13,988,215,773,92.21,67.44,75,138,-63,849,146,38,27,7,9,0.0,0.0,0,0,8,17,58.41,41.59,16.82,7,0,Home Win
3857258,2022-11-24,FIFA World Cup,2022,Brazil,Serbia,15,0,0,0,0.0002,0.0,0.0002,1,0,1,93,89,4,87.1,86.52,24,33,-9,85,83,4,6,0,2,0.0002,0.0,1,0,20,11,56.86,43.14,13.73,2,0,Home Win
3857258,2022-11-24,FIFA World Cup,2022,Brazil,Serbia,30,0,0,0,0.0279,0.0,0.0279,3,0,3,213,151,62,88.26,84.11,41,51,-10,189,130,7,12,0,5,0.0,0.0,0,0,12,8,63.33,36.67,26.66,2,0,Home Win
3857258,2022-11-24,FIFA World Cup,2022,Brazil,Serbia,45,0,0,0,0.6677,0.0263,0.6413,6,1,5,328,247,81,88.11,84.21,61,75,-14,289,206,18,17,2,10,0.5206,0.0263,2,1,16,12,61.59,38.41,23.19,2,0,Home Win
3857258,2022-11-24,FIFA World Cup,2022,Brazil,Serbia,60,0,0,0,0.9978,0.0263,0.9715,13,1,12,413,295,118,86.92,80.68,76,108,-32,362,235,29,22,3,10,0.1606,0.0,4,0,7,24,70.52,29.48,41.04,2,0,Home Win
3857258,2022-11-24,FIFA World Cup,2022,Brazil,Serbia,75,2,0,2,1.8641,0.1435,1.7205,17,3,14,461,356,105,86.77,80.06,90,125,-35,406,276,37,28,6,10,0.2182,0.1172,2,2,11,8,50.0,50.0,0.0,2,0,Home Win
3857258,2022-11-24,FIFA World Cup,2022,Brazil,Serbia,85,2,0,2,2.0625,0.1546,1.9079,21,4,17,554,383,171,87.73,79.37,93,143,-50,494,295,45,32,6,10,0.1984,0.0111,4,1,3,18,69.23,30.77,38.46,2,0,Home Win
3857287,2022-11-24,FIFA World Cup,2022,Uruguay,South Korea,15,0,0,0,0.0522,0.0,0.0522,1,0,1,59,103,-44,79.66,77.67,23,20,3,42,88,6,8,7,1,0.0522,0.0,1,0,13,12,56.92,43.08,13.83,0,0,Draw
3857287,2022-11-24,FIFA World Cup,2022,Uruguay,South Korea,30,0,0,0,0.1041,0.0,0.1041,2,0,2,152,167,-15,82.89,78.44,35,39,-4,112,144,11,15,10,5,0.0,0.0,0,0,8,15,49.21,50.79,-1.59,0,0,Draw
3857287,2022-11-24,FIFA World Cup,2022,Uruguay,South Korea,45,0,0,0,0.2052,0.3302,-0.125,4,2,2,253,262,-9,82.61,77.48,48,51,-3,190,215,17,21,12,7,0.1011,0.0071,2,1,7,10,59.11,40.89,18.23,0,0,Draw
3857287,2022-11-24,FIFA World Cup,2022,Uruguay,South Korea,60,0,0,0,0.2577,0.3771,-0.1194,5,3,2,332,320,12,82.53,77.5,62,69,-7,253,266,23,26,12,9,0.0525,0.0469,1,1,5,13,50.16,49.84,0.32,0,0,Draw
3857287,2022-11-24,FIFA World Cup,2022,Uruguay,South Korea,75,0,0,0,0.3099,0.4003,-0.0903,7,4,3,436,380,56,82.34,76.58,85,87,-2,342,315,32,36,15,9,0.0522,0.0232,2,1,16,13,67.28,32.72,34.56,0,0,Draw
3857287,2022-11-24,FIFA World Cup,2022,Uruguay,South Korea,85,0,0,0,0.3381,0.4364,-0.0983,8,5,3,495,424,71,82.83,76.18,94,93,1,387,346,34,38,17,10,0.0282,0.0361,1,1,9,6,55.32,44.68,10.65,0,0,Draw
3857290,2022-11-24,FIFA World Cup,2022,Switzerland,Cameroon,15,0,0,0,0.0121,0.1751,-0.163,1,2,-1,130,81,49,83.08,77.78,26,31,-5,91,58,3,10,1,2,0.0121,0.1751,1,2,15,23,38.26,61.74,-23.48,1,0,Home Win
3857290,2022-11-24,FIFA World Cup,2022,Switzerland,Cameroon,30,0,0,0,0.0121,0.2669,-0.2548,1,4,-3,225,179,46,84.89,80.45,56,53,3,167,141,9,22,2,5,0.0,0.0918,0,2,20,13,35.21,64.79,-29.59,1,0,Home Win
3857290,2022-11-24,FIFA World Cup,2022,Switzerland,Cameroon,45,0,0,0,0.3577,0.3086,0.0491,3,5,-2,304,287,17,85.86,83.28,72,69,3,222,228,12,30,4,5,0.3456,0.0417,2,1,12,9,54.44,45.56,8.88,1,0,Home Win
3857290,2022-11-24,FIFA World Cup,2022,Switzerland,Cameroon,60,1,0,1,0.9096,0.5667,0.3429,4,7,-3,400,361,39,86.25,82.55,96,92,4,300,285,18,34,5,9,0.0,0.0124,0,1,16,15,44.74,55.26,-10.53,1,0,Home Win
3857290,2022-11-24,FIFA World Cup,2022,Switzerland,Cameroon,75,1,0,1,1.1074,0.6131,0.4943,5,8,-3,436,433,3,84.4,82.45,116,108,8,318,333,22,38,8,10,0.0,0.0,0,0,10,11,39.06,60.94,-21.88,1,0,Home Win
3857290,2022-11-24,FIFA World Cup,2022,Switzerland,Cameroon,85,1,0,1,1.1074,0.6131,0.4943,5,8,-3,472,484,-12,83.69,83.06,132,125,7,347,382,28,47,8,12,0.0,0.0,0,0,16,17,43.59,56.41,-12.82,1,0,Home Win
3857298,2022-11-24,FIFA World Cup,2022,Portugal,Ghana,15,0,0,0,0.7621,0.0,0.7621,4,0,4,157,66,91,90.45,83.33,20,30,-10,121,56,5,6,0,2,0.6652,0.0,2,0,14,18,70.55,29.45,41.09,3,2,Home Win
3857298,2022-11-24,FIFA World Cup,2022,Portugal,Ghana,30,0,0,0,0.8405,0.0,0.8405,5,0,5,293,135,158,88.05,77.04,44,54,-10,223,107,9,13,0,3,0.0785,0.0,1,0,18,11,63.2,36.8,26.41,3,2,Home Win
3857298,2022-11-24,FIFA World Cup,2022,Portugal,Ghana,45,0,0,0,0.9169,0.0,0.9169,7,0,7,407,191,216,87.47,78.53,61,75,-14,312,152,20,18,0,5,0.0304,0.0,1,0,11,11,66.69,33.31,33.37,3,2,Home Win
3857298,2022-11-24,FIFA World Cup,2022,Portugal,Ghana,60,0,0,0,0.9169,0.0455,0.8714,7,2,5,487,246,241,87.06,78.46,79,102,-23,382,203,27,29,0,7,0.0,0.0455,0,2,9,10,33.75,66.25,-32.5,3,2,Home Win
3857298,2022-11-24,FIFA World Cup,2022,Portugal,Ghana,75,1,1,0,1.7004,0.5939,1.1065,8,6,2,573,303,270,87.43,79.21,88,115,-27,450,247,29,32,1,9,0.0,0.5483,0,4,9,11,24.1,75.9,-51.81,3,2,Home Win
3857298,2022-11-24,FIFA World Cup,2022,Portugal,Ghana,85,3,1,2,2.0708,0.5939,1.4769,10,6,4,601,373,228,87.35,82.04,97,121,-24,479,301,34,34,2,10,0.3704,0.0,2,0,9,6,68.07,31.93,36.14,3,2,Home Win
3857272,2022-11-25,FIFA World Cup,2022,England,United States,15,0,0,0,0.168,0.0,0.168,3,0,3,138,67,71,86.23,77.61,22,30,-8,111,50,7,8,1,1,0.168,0.0,3,0,12,19,69.75,30.25,39.49,0,0,Draw
3857272,2022-11-25,FIFA World Cup,2022,England,United States,30,0,0,0,0.168,0.2475,-0.0795,3,3,0,239,144,95,87.45,84.03,37,53,-16,190,114,13,14,1,2,0.0,0.1995,0,2,8,14,28.36,71.64,-43.29,0,0,Draw
3857272,2022-11-25,FIFA World Cup,2022,England,United States,45,0,0,0,0.3258,0.381,-0.0551,5,6,-1,324,211,113,86.73,81.99,49,82,-33,256,167,18,21,3,2,0.1578,0.1101,2,2,8,23,42.09,57.91,-15.82,0,0,Draw
3857272,2022-11-25,FIFA World Cup,2022,England,United States,60,0,0,0,0.3258,0.4807,-0.1549,5,9,-4,410,286,124,86.1,81.12,68,108,-40,317,224,22,29,4,3,0.0,0.0252,0,1,10,20,35.48,64.52,-29.03,0,0,Draw
3857272,2022-11-25,FIFA World Cup,2022,England,United States,75,0,0,0,0.3258,0.5143,-0.1885,5,10,-5,511,352,159,86.5,82.1,83,130,-47,401,285,27,34,4,3,0.0,0.0,0,0,8,15,53.99,46.01,7.99,0,0,Draw
3857272,2022-11-25,FIFA World Cup,2022,England,United States,85,0,0,0,0.3258,0.5143,-0.1885,5,10,-5,562,394,168,86.48,82.23,92,147,-55,441,322,28,38,6,4,0.0,0.0,0,0,9,17,42.41,57.59,-15.17,0,0,Draw
3857273,2022-11-25,FIFA World Cup,2022,Wales,Iran,15,0,0,0,0.1521,0.0352,0.1169,2,1,1,105,80,25,79.05,63.75,15,32,-17,70,44,8,9,2,0,0.1285,0.0352,1,1,9,19,49.74,50.26,-0.51,0,2,Away Win
3857273,2022-11-25,FIFA World Cup,2022,Wales,Iran,30,0,0,0,0.1738,0.1251,0.0488,3,3,0,201,110,91,82.59,62.73,27,61,-34,143,67,16,14,4,5,0.0217,0.072,1,1,7,17,52.2,47.8,4.41,0,2,Away Win
3857273,2022-11-25,FIFA World Cup,2022,Wales,Iran,45,0,0,0,0.204,0.1251,0.0789,4,3,1,312,167,145,81.73,62.87,40,88,-48,231,104,29,20,4,6,0.0302,0.0,1,0,9,18,61.7,38.3,23.4,0,2,Away Win
3857273,2022-11-25,FIFA World Cup,2022,Wales,Iran,60,0,0,0,0.425,0.8353,-0.4103,5,9,-4,401,232,169,79.8,63.79,54,106,-52,297,143,39,33,6,10,0.221,0.325,1,3,4,10,36.47,63.53,-27.07,0,2,Away Win
3857273,2022-11-25,FIFA World Cup,2022,Wales,Iran,75,0,0,0,0.425,1.0333,-0.6083,5,14,-9,469,287,182,79.74,62.02,69,124,-55,353,183,48,47,7,13,0.0,0.1221,0,4,9,7,25.59,74.41,-48.82,0,2,Away Win
3857273,2022-11-25,FIFA World Cup,2022,Wales,Iran,85,0,0,0,0.5357,1.0333,-0.4975,8,14,-6,521,303,218,80.04,61.72,73,144,-71,387,189,50,47,9,13,0.1108,0.0,3,0,4,20,70.68,29.32,41.36,0,2,Away Win
3857274,2022-11-25,FIFA World Cup,2022,Netherlands,Ecuador,15,1,0,1,0.0593,0.0622,-0.0029,1,1,0,99,104,-5,82.83,85.58,34,27,7,77,90,7,10,1,2,0.0,0.0622,0,1,26,18,40.89,59.11,-18.23,1,1,Draw
3857274,2022-11-25,FIFA World Cup,2022,Netherlands,Ecuador,30,1,0,1,0.0593,0.1625,-0.1033,1,3,-2,173,193,-20,83.24,82.9,59,58,1,132,158,14,21,2,3,0.0,0.1003,0,2,19,19,32.06,67.94,-35.87,1,1,Draw
3857274,2022-11-25,FIFA World Cup,2022,Netherlands,Ecuador,45,1,0,1,0.0593,0.1924,-0.1332,1,4,-3,274,280,-6,83.58,83.93,82,94,-12,199,234,18,27,3,6,0.0,0.0,0,0,16,24,40.82,59.18,-18.35,1,1,Draw
3857274,2022-11-25,FIFA World Cup,2022,Netherlands,Ecuador,60,1,1,0,0.0593,1.4423,-1.3831,1,11,-10,353,326,27,81.87,80.67,95,120,-25,251,260,24,38,3,8,0.0,0.142,0,2,9,23,30.06,69.94,-39.87,1,1,Draw
3857274,2022-11-25,FIFA World Cup,2022,Netherlands,Ecuador,75,1,1,0,0.1045,1.6098,-1.5053,2,13,-11,462,370,92,83.55,78.38,106,148,-42,333,283,29,45,3,12,0.0,0.0332,0,1,9,14,42.23,57.77,-15.53,1,1,Draw
3857274,2022-11-25,FIFA World Cup,2022,Netherlands,Ecuador,85,1,1,0,0.1045,1.6172,-1.5128,2,14,-12,508,435,73,83.46,79.31,129,161,-32,369,338,33,50,3,13,0.0,0.0075,0,1,23,13,45.08,54.92,-9.85,1,1,Draw
3857301,2022-11-25,FIFA World Cup,2022,Qatar,Senegal,15,0,0,0,0.02,0.1381,-0.1181,1,3,-2,65,120,-55,72.31,86.67,35,26,9,42,114,8,16,3,0,0.02,0.0649,1,2,22,14,39.22,60.78,-21.57,1,3,Away Win
3857301,2022-11-25,FIFA World Cup,2022,Qatar,Senegal,30,0,0,0,0.029,0.3138,-0.2848,2,5,-3,111,193,-82,76.58,87.05,49,40,9,73,167,9,21,3,0,0.009,0.0293,1,1,5,9,41.2,58.8,-17.59,1,3,Away Win
3857301,2022-11-25,FIFA World Cup,2022,Qatar,Senegal,45,0,1,-1,0.029,0.5443,-0.5153,2,6,-4,178,272,-94,78.65,86.03,70,60,10,131,235,13,28,5,2,0.0,0.2305,0,1,14,16,35.23,64.77,-29.53,1,3,Away Win
3857301,2022-11-25,FIFA World Cup,2022,Qatar,Senegal,60,0,2,-2,0.1982,0.6665,-0.4683,4,9,-5,287,394,-107,78.4,83.76,103,94,9,227,333,29,37,7,4,0.1692,0.0837,2,2,19,19,50.6,49.4,1.19,1,3,Away Win
3857301,2022-11-25,FIFA World Cup,2022,Qatar,Senegal,75,0,2,-2,0.74,0.7345,0.0055,6,10,-4,368,447,-79,78.8,84.12,121,113,8,290,380,33,43,7,5,0.3277,0.068,1,1,8,11,58.25,41.75,16.51,1,3,Away Win
3857301,2022-11-25,FIFA World Cup,2022,Qatar,Senegal,85,1,3,-2,0.8122,0.903,-0.0908,7,12,-5,419,480,-61,79.71,83.54,129,126,3,331,402,34,47,7,5,0.0722,0.1685,1,2,8,13,41.34,58.66,-17.33,1,3,Away Win
3857266,2022-11-26,FIFA World Cup,2022,France,Denmark,15,0,0,0,0.3186,0.0,0.3186,4,0,4,126,108,18,92.06,87.04,19,29,-10,119,97,8,5,1,1,0.271,0.0,3,0,7,21,72.18,27.82,44.35,2,1,Home Win
3857266,2022-11-26,FIFA World Cup,2022,France,Denmark,30,0,0,0,0.3896,0.0,0.3896,6,0,6,189,219,-30,87.3,88.13,44,51,-7,169,198,10,13,4,3,0.0288,0.0,1,0,14,14,47.82,52.18,-4.36,2,1,Home Win
3857266,2022-11-26,FIFA World Cup,2022,France,Denmark,45,0,0,0,0.7548,0.0552,0.6996,12,2,10,282,280,2,85.82,86.07,51,75,-24,251,249,19,18,7,6,0.2311,0.007,2,1,5,16,54.52,45.48,9.04,2,1,Home Win
3857266,2022-11-26,FIFA World Cup,2022,France,Denmark,60,1,0,1,1.1046,0.0552,1.0494,16,2,14,382,363,19,85.34,84.02,77,99,-22,344,309,24,26,11,8,0.3387,0.0,3,0,10,17,72.93,27.07,45.86,2,1,Home Win
3857266,2022-11-26,FIFA World Cup,2022,France,Denmark,75,1,1,0,1.1046,0.6077,0.497,16,6,10,438,451,-13,86.07,84.26,94,109,-15,394,385,26,33,12,8,0.0,0.5525,0,4,5,6,18.68,81.32,-62.65,2,1,Home Win
3857266,2022-11-26,FIFA World Cup,2022,France,Denmark,85,2,1,1,1.8998,0.8607,1.0391,20,8,12,478,484,-6,85.56,84.5,96,115,-19,425,411,30,35,14,9,0.7952,0.253,4,2,2,6,64.41,35.59,28.81,2,1,Home Win
3857288,2022-11-26,FIFA World Cup,2022,Tunisia,Australia,15,0,0,0,0.0,0.0151,-0.0151,0,1,-1,76,105,-29,75.0,73.33,26,18,8,64,75,13,11,3,0,0.0,0.0,0,0,12,6,52.44,47.56,4.89,0,1,Away Win
3857288,2022-11-26,FIFA World Cup,2022,Tunisia,Australia,30,0,1,-1,0.0297,0.0992,-0.0695,1,3,-2,138,152,-14,73.91,71.05,36,37,-1,110,100,22,14,4,1,0.0,0.0841,0,2,6,12,26.56,73.44,-46.87,0,1,Away Win
3857288,2022-11-26,FIFA World Cup,2022,Tunisia,Australia,45,0,1,-1,0.2813,0.2558,0.0254,3,7,-4,202,214,-12,70.79,71.03,48,53,-5,142,137,28,19,4,5,0.2516,0.0812,2,3,7,12,44.36,55.64,-11.27,0,1,Away Win
3857288,2022-11-26,FIFA World Cup,2022,Tunisia,Australia,60,0,1,-1,0.5363,0.3198,0.2165,5,8,-3,345,284,61,72.46,68.66,70,80,-10,245,178,42,27,6,6,0.0202,0.064,1,1,11,16,54.35,45.65,8.69,0,1,Away Win
3857288,2022-11-26,FIFA World Cup,2022,Tunisia,Australia,75,0,1,-1,0.7727,0.359,0.4137,9,9,0,441,340,101,74.6,68.82,93,97,-4,322,220,53,35,7,9,0.1778,0.0392,3,1,11,12,68.13,31.87,36.27,0,1,Away Win
3857288,2022-11-26,FIFA World Cup,2022,Tunisia,Australia,85,0,1,-1,0.7978,0.359,0.4388,11,9,2,486,377,109,74.28,69.5,109,106,3,349,246,59,39,7,9,0.0251,0.0,2,0,16,9,72.22,27.78,44.44,0,1,Away Win
3857289,2022-11-26,FIFA World Cup,2022,Argentina,Mexico,15,0,0,0,0.0,0.0989,-0.0989,0,1,-1,125,50,75,92.0,78.0,22,35,-13,106,44,2,7,1,1,0.0,0.0989,0,1,21,21,45.02,54.98,-9.97,2,0,Home Win
3857289,2022-11-26,FIFA World Cup,2022,Argentina,Mexico,30,0,0,0,0.0,0.0989,-0.0989,0,1,-1,210,103,107,90.0,76.7,33,57,-24,172,83,7,9,3,2,0.0,0.0,0,0,7,15,53.06,46.94,6.12,2,0,Home Win
3857289,2022-11-26,FIFA World Cup,2022,Argentina,Mexico,45,0,0,0,0.138,0.1584,-0.0204,1,2,-1,287,141,146,87.11,72.34,45,76,-31,224,109,9,15,3,3,0.138,0.0595,1,1,10,15,50.78,49.22,1.56,2,0,Home Win
3857289,2022-11-26,FIFA World Cup,2022,Argentina,Mexico,60,0,0,0,0.2053,0.2064,-0.0011,2,4,-2,459,203,256,86.49,71.43,62,109,-47,363,157,17,24,3,10,0.0,0.0,0,0,9,20,55.47,44.53,10.93,2,0,Home Win
3857289,2022-11-26,FIFA World Cup,2022,Argentina,Mexico,75,1,0,1,0.2901,0.2064,0.0837,4,4,0,514,266,248,85.02,73.68,87,125,-38,399,203,27,28,3,15,0.0509,0.0,1,0,21,13,60.67,39.33,21.33,2,0,Home Win
3857289,2022-11-26,FIFA World Cup,2022,Argentina,Mexico,85,1,0,1,0.2901,0.2064,0.0837,4,4,0,547,334,213,84.64,75.15,96,141,-45,429,251,32,31,3,16,0.0,0.0,0,0,9,16,38.43,61.57,-23.14,2,0,Home Win
3857297,2022-11-26,FIFA World Cup,2022,Poland,Saudi Arabia,15,0,0,0,0.0,0.0509,-0.0509,0,2,-2,53,100,-47,77.36,83.0,25,23,2,34,63,6,8,3,1,0.0,0.0509,0,2,12,10,26.28,73.72,-47.45,2,0,Home Win
3857297,2022-11-26,FIFA World Cup,2022,Poland,Saudi Arabia,30,0,0,0,0.0753,0.0509,0.0245,1,2,-1,123,169,-46,78.86,81.66,34,48,-14,84,116,10,16,4,3,0.0753,0.0,1,0,7,19,47.51,52.49,-4.98,2,0,Home Win
3857297,2022-11-26,FIFA World Cup,2022,Poland,Saudi Arabia,45,1,0,1,0.32,1.2362,-0.9161,3,5,-2,176,227,-51,82.39,82.82,41,64,-23,117,158,13,19,4,3,0.2447,1.1407,2,2,3,4,35.47,64.53,-29.06,2,0,Home Win
3857297,2022-11-26,FIFA World Cup,2022,Poland,Saudi Arabia,60,1,0,1,0.32,1.6805,-1.3604,3,12,-9,233,390,-157,78.97,84.62,66,78,-12,143,296,16,33,6,3,0.0,0.4013,0,5,16,13,18.86,81.14,-62.29,2,0,Home Win
3857297,2022-11-26,FIFA World Cup,2022,Poland,Saudi Arabia,75,1,0,1,0.8096,1.7833,-0.9737,6,14,-8,274,454,-180,77.74,83.48,81,93,-12,172,344,22,40,9,3,0.0954,0.1028,1,2,11,6,41.39,58.61,-17.23,2,0,Home Win
3857297,2022-11-26,FIFA World Cup,2022,Poland,Saudi Arabia,85,2,0,2,1.3161,1.8836,-0.5675,8,15,-7,300,513,-213,77.0,83.63,90,105,-15,187,388,24,44,12,5,0.5064,0.1003,2,1,9,12,54.87,45.13,9.74,2,0,Home Win
3857263,2022-11-27,FIFA World Cup,2022,Spain,Germany,15,0,0,0,0.0321,0.0,0.0321,1,0,1,169,62,107,91.12,79.03,27,37,-10,132,45,5,8,2,2,0.0321,0.0,1,0,16,19,64.55,35.45,29.09,1,1,Draw
3857263,2022-11-27,FIFA World Cup,2022,Spain,Germany,30,0,0,0,0.1228,0.0355,0.0873,3,2,1,267,137,130,89.89,82.48,45,70,-25,217,102,15,20,2,8,0.0906,0.0355,2,2,13,21,48.0,52.0,-3.99,1,1,Draw
3857263,2022-11-27,FIFA World Cup,2022,Spain,Germany,45,0,0,0,0.1705,0.0443,0.1262,4,3,1,379,187,192,88.65,79.68,63,97,-34,300,138,21,25,5,10,0.0,0.0089,0,1,13,15,46.35,53.65,-7.29,1,1,Draw
3857263,2022-11-27,FIFA World Cup,2022,Spain,Germany,60,0,0,0,0.1824,0.1399,0.0425,5,4,1,471,232,239,87.69,77.16,82,121,-39,368,168,26,30,7,13,0.0119,0.0956,1,1,14,13,51.72,48.28,3.44,1,1,Draw
3857263,2022-11-27,FIFA World Cup,2022,Spain,Germany,75,1,0,1,0.6395,0.929,-0.2895,7,9,-2,561,304,257,87.88,78.95,102,138,-36,439,233,32,38,11,14,0.0,0.7526,0,4,17,13,27.12,72.88,-45.75,1,1,Draw
3857263,2022-11-27,FIFA World Cup,2022,Spain,Germany,85,1,1,0,0.6395,1.147,-0.5075,7,11,-4,600,339,261,87.17,79.65,117,145,-28,469,261,35,43,11,16,0.0,0.218,0,2,15,7,35.76,64.24,-28.47,1,1,Draw
3857281,2022-11-27,FIFA World Cup,2022,Croatia,Canada,15,0,1,-1,0.0,0.0813,-0.0813,0,1,-1,115,71,44,85.22,84.51,33,27,6,94,65,5,11,3,2,0.0,0.0,0,0,26,18,56.17,43.83,12.35,4,1,Home Win
3857281,2022-11-27,FIFA World Cup,2022,Croatia,Canada,30,0,1,-1,0.4342,0.0813,0.3529,1,1,0,199,166,33,86.43,81.33,56,45,11,169,145,10,22,4,3,0.4342,0.0,1,0,18,13,60.17,39.83,20.35,4,1,Home Win
3857281,2022-11-27,FIFA World Cup,2022,Croatia,Canada,45,2,1,1,0.9652,0.0813,0.8839,4,1,3,292,229,63,85.62,80.79,81,66,15,253,187,17,25,4,5,0.1392,0.0,1,0,20,11,69.3,30.7,38.61,4,1,Home Win
3857281,2022-11-27,FIFA World Cup,2022,Croatia,Canada,60,2,1,1,1.2732,0.1964,1.0769,6,4,2,398,333,65,83.42,81.98,107,94,13,337,279,27,36,8,10,0.2488,0.0768,1,2,12,17,44.09,55.91,-11.81,4,1,Home Win
3857281,2022-11-27,FIFA World Cup,2022,Croatia,Canada,75,3,1,2,1.5181,0.2084,1.3098,8,5,3,452,413,39,82.74,82.32,135,106,29,379,345,31,41,13,10,0.2449,0.0,2,0,19,7,68.79,31.21,37.59,4,1,Home Win
3857281,2022-11-27,FIFA World Cup,2022,Croatia,Canada,85,3,1,2,1.8776,0.2282,1.6494,11,6,5,470,464,6,81.91,82.33,149,119,30,393,393,35,50,15,10,0.3594,0.0198,3,1,14,13,59.05,40.95,18.1,4,1,Home Win
3857283,2022-11-27,FIFA World Cup,2022,Belgium,Morocco,15,0,0,0,0.1594,0.0,0.1594,2,0,2,127,38,89,86.61,71.05,13,26,-13,109,34,7,8,0,1,0.0237,0.0,1,0,7,16,65.12,34.88,30.23,0,2,Away Win
3857283,2022-11-27,FIFA World Cup,2022,Belgium,Morocco,30,0,0,0,0.437,0.0651,0.3719,4,2,2,233,117,116,86.27,82.91,31,56,-25,196,97,11,12,1,3,0.0,0.0541,0,1,11,18,37.36,62.64,-25.28,0,2,Away Win
3857283,2022-11-27,FIFA World Cup,2022,Belgium,Morocco,45,0,0,0,0.466,0.1193,0.3467,6,3,3,364,164,200,87.64,84.15,49,92,-43,313,141,18,17,1,3,0.0074,0.0,1,0,13,23,61.61,38.39,23.23,0,2,Away Win
3857283,2022-11-27,FIFA World Cup,2022,Belgium,Morocco,60,0,0,0,0.5397,0.1851,0.3546,8,6,2,477,251,226,87.42,85.66,75,125,-50,410,212,24,26,1,5,0.0737,0.0359,2,2,19,22,50.17,49.83,0.34,0,2,Away Win
3857283,2022-11-27,FIFA World Cup,2022,Belgium,Morocco,75,0,1,-1,0.6053,0.7733,-0.168,9,8,1,579,304,275,87.22,84.54,92,140,-48,493,256,30,30,2,7,0.0,0.5883,0,2,10,8,32.67,67.33,-34.66,0,2,Away Win
3857283,2022-11-27,FIFA World Cup,2022,Belgium,Morocco,85,0,1,-1,0.6426,0.7733,-0.1307,10,8,2,647,331,316,86.24,83.08,101,152,-51,546,272,35,33,2,8,0.0373,0.0,1,0,9,12,68.24,31.76,36.48,0,2,Away Win
3857295,2022-11-27,FIFA World Cup,2022,Japan,Costa Rica,15,0,0,0,0.0156,0.0135,0.002,1,1,0,105,74,31,84.76,74.32,24,33,-9,87,55,5,8,1,1,0.0,0.0,0,0,15,24,51.18,48.82,2.36,0,1,Away Win
3857295,2022-11-27,FIFA World Cup,2022,Japan,Costa Rica,30,0,0,0,0.0156,0.0135,0.002,1,1,0,173,233,-60,82.66,83.69,66,55,11,152,181,18,23,5,3,0.0,0.0,0,0,26,14,44.32,55.68,-11.36,0,1,Away Win
3857295,2022-11-27,FIFA World Cup,2022,Japan,Costa Rica,45,0,0,0,0.1956,0.0791,0.1166,4,3,1,266,348,-82,84.21,84.77,91,78,13,227,272,23,32,6,4,0.1801,0.0,3,0,18,16,66.84,33.16,33.68,0,1,Away Win
3857295,2022-11-27,FIFA World Cup,2022,Japan,Costa Rica,60,0,0,0,0.4666,0.0791,0.3875,9,3,6,395,388,7,84.56,82.47,109,104,5,342,297,33,38,6,8,0.0222,0.0,1,0,10,21,67.41,32.59,34.82,0,1,Away Win
3857295,2022-11-27,FIFA World Cup,2022,Japan,Costa Rica,75,0,0,0,0.6795,0.0791,0.6005,12,3,9,493,415,78,85.19,80.48,123,128,-5,425,310,38,42,8,10,0.1274,0.0,2,0,12,20,69.97,30.03,39.94,0,1,Away Win
3857295,2022-11-27,FIFA World Cup,2022,Japan,Costa Rica,85,0,1,-1,0.6795,0.1994,0.4802,12,4,8,563,456,107,85.08,80.7,134,143,-9,481,349,42,50,8,11,0.0,0.1203,0,1,11,15,40.64,59.36,-18.72,0,1,Away Win
3857259,2022-11-28,FIFA World Cup,2022,Cameroon,Serbia,15,0,0,0,0.0461,0.0944,-0.0482,1,3,-2,58,87,-29,70.69,82.76,22,23,-1,34,77,9,8,4,0,0.0461,0.0289,1,2,14,11,40.44,59.56,-19.13,3,3,Draw
3857259,2022-11-28,FIFA World Cup,2022,Cameroon,Serbia,30,1,0,1,1.0705,0.1578,0.9127,5,4,1,98,148,-50,75.51,79.73,40,36,4,59,126,11,14,5,0,0.9851,0.0,2,0,10,8,75.56,24.44,51.12,3,3,Draw
3857259,2022-11-28,FIFA World Cup,2022,Cameroon,Serbia,45,1,1,0,1.2119,0.2367,0.9752,7,5,2,178,236,-58,73.03,80.51,56,59,-3,112,200,19,21,8,3,0.1414,0.0789,2,1,13,16,49.18,50.82,-1.65,3,3,Draw
3857259,2022-11-28,FIFA World Cup,2022,Cameroon,Serbia,60,1,3,-2,1.2637,1.3157,-0.052,8,9,-1,258,323,-65,70.16,78.02,77,81,-4,164,273,31,38,12,8,0.0518,0.9371,1,2,10,12,31.67,68.33,-36.67,3,3,Draw
3857259,2022-11-28,FIFA World Cup,2022,Cameroon,Serbia,75,3,3,0,2.0377,1.5648,0.4729,11,12,-1,319,413,-94,71.16,79.42,92,96,-4,212,345,41,42,14,9,0.0,0.1399,0,2,11,11,31.09,68.91,-37.82,3,3,Draw
3857259,2022-11-28,FIFA World Cup,2022,Cameroon,Serbia,85,3,3,0,2.0377,1.5972,0.4404,11,13,-2,363,468,-105,70.52,79.27,105,110,-5,245,388,47,44,16,9,0.0,0.0324,0,1,13,14,39.76,60.24,-20.49,3,3,Draw
3857269,2022-11-28,FIFA World Cup,2022,Brazil,Switzerland,15,0,0,0,0.0,0.0512,-0.0512,0,1,-1,93,105,-12,81.72,84.76,18,25,-7,78,84,6,1,3,2,0.0,0.0,0,0,14,16,47.69,52.31,-4.61,1,0,Home Win
3857269,2022-11-28,FIFA World Cup,2022,Brazil,Switzerland,30,0,0,0,0.2615,0.0512,0.2104,3,1,2,200,200,0,84.0,84.0,40,54,-14,185,165,25,13,6,4,0.2615,0.0,3,0,17,18,68.29,31.71,36.59,1,0,Home Win
3857269,2022-11-28,FIFA World Cup,2022,Brazil,Switzerland,45,0,0,0,0.4538,0.0512,0.4026,6,1,5,344,279,65,86.92,85.66,52,70,-18,316,237,29,19,6,5,0.1701,0.0,2,0,7,9,71.35,28.65,42.7,1,0,Home Win
3857269,2022-11-28,FIFA World Cup,2022,Brazil,Switzerland,60,0,0,0,0.4538,0.2886,0.1652,6,6,0,418,365,53,86.12,85.75,70,84,-14,377,316,33,27,9,6,0.0,0.2375,0,5,14,10,23.51,76.49,-52.99,1,0,Home Win
3857269,2022-11-28,FIFA World Cup,2022,Brazil,Switzerland,75,0,0,0,0.5703,0.2886,0.2816,8,6,2,489,440,49,85.48,85.0,85,95,-10,440,371,41,31,12,7,0.1165,0.0,2,0,11,10,68.54,31.46,37.08,1,0,Home Win
3857269,2022-11-28,FIFA World Cup,2022,Brazil,Switzerland,85,1,0,1,0.6603,0.2886,0.3716,10,6,4,542,472,70,85.42,84.53,89,100,-11,488,396,46,32,13,8,0.09,0.0,2,0,4,5,77.31,22.69,54.62,1,0,Home Win
3857270,2022-11-28,FIFA World Cup,2022,Portugal,Uruguay,15,0,0,0,0.097,0.0903,0.0067,3,2,1,139,49,90,86.33,61.22,9,29,-20,109,24,9,4,1,3,0.0483,0.0506,2,1,7,16,59.96,40.04,19.91,2,0,Home Win
3857270,2022-11-28,FIFA World Cup,2022,Portugal,Uruguay,30,0,0,0,0.1391,0.0903,0.0488,5,2,3,269,107,162,87.36,65.42,19,40,-21,219,59,16,8,2,4,0.0,0.0,0,0,9,7,66.2,33.8,32.41,2,0,Home Win
3857270,2022-11-28,FIFA World Cup,2022,Portugal,Uruguay,45,0,0,0,0.2187,0.6587,-0.44,8,4,4,360,157,203,86.39,66.88,37,60,-23,294,92,24,15,2,4,0.028,0.0,1,0,13,16,64.27,35.73,28.54,2,0,Home Win
3857270,2022-11-28,FIFA World Cup,2022,Portugal,Uruguay,60,1,0,1,0.2699,0.7637,-0.4937,11,6,5,468,221,247,86.32,69.23,46,83,-37,383,131,35,18,3,6,0.0512,0.1049,3,2,4,13,54.76,45.24,9.51,2,0,Home Win
3857270,2022-11-28,FIFA World Cup,2022,Portugal,Uruguay,75,1,0,1,0.2699,0.8526,-0.5827,11,8,3,535,329,206,84.67,73.86,68,95,-27,428,212,38,29,3,7,0.0,0.0476,0,1,13,7,34.73,65.27,-30.53,2,0,Home Win
3857270,2022-11-28,FIFA World Cup,2022,Portugal,Uruguay,85,1,0,1,0.2968,1.2167,-0.9199,12,11,1,581,390,191,84.51,74.62,81,109,-28,468,255,42,33,4,9,0.0269,0.3641,1,3,13,14,34.79,65.21,-30.41,2,0,Home Win
3857299,2022-11-28,FIFA World Cup,2022,South Korea,Ghana,15,0,0,0,0.2003,0.0,0.2003,4,0,4,104,53,51,78.85,81.13,17,23,-6,81,38,12,1,0,2,0.1087,0.0,3,0,6,14,78.83,21.17,57.66,2,3,Away Win
3857299,2022-11-28,FIFA World Cup,2022,South Korea,Ghana,30,0,1,-1,0.2563,0.4041,-0.1478,5,1,4,182,107,75,81.32,79.44,39,38,1,143,87,20,10,1,3,0.0,0.4041,0,1,16,10,36.96,63.04,-26.07,2,3,Away Win
3857299,2022-11-28,FIFA World Cup,2022,South Korea,Ghana,45,0,2,-2,0.2672,0.6049,-0.3377,6,2,4,288,201,87,83.68,84.08,68,57,11,233,158,28,13,1,3,0.0109,0.0,1,0,21,13,68.01,31.99,36.01,2,3,Away Win
3857299,2022-11-28,FIFA World Cup,2022,South Korea,Ghana,60,2,2,0,0.7412,0.8941,-0.1529,9,4,5,400,250,150,85.25,80.4,95,85,10,327,200,36,26,4,7,0.474,0.0,3,0,8,12,80.34,19.66,60.67,2,3,Away Win
3857299,2022-11-28,FIFA World Cup,2022,South Korea,Ghana,75,2,3,-1,1.0435,1.1539,-0.1104,13,6,7,461,297,164,83.95,80.13,112,100,12,377,230,47,35,4,7,0.3023,0.2597,4,2,13,11,62.38,37.62,24.77,2,3,Away Win
3857299,2022-11-28,FIFA World Cup,2022,South Korea,Ghana,85,2,3,-1,1.1377,1.1805,-0.0429,15,7,8,496,329,167,83.67,79.33,123,105,18,400,256,49,40,5,9,0.0942,0.0267,2,1,11,5,61.53,38.47,23.05,2,3,Away Win
3857261,2022-11-29,FIFA World Cup,2022,Wales,England,15,0,0,0,0.0,0.308,-0.308,0,2,-2,54,165,-111,68.52,89.7,29,12,17,30,143,3,5,1,1,0.0,0.308,0,2,13,7,23.34,76.66,-53.32,0,3,Away Win
3857261,2022-11-29,FIFA World Cup,2022,Wales,England,30,0,0,0,0.0,0.3292,-0.3292,0,4,-4,84,272,-188,65.48,89.71,55,24,31,41,236,6,12,1,2,0.0,0.0104,0,1,20,9,35.52,64.48,-28.96,0,3,Away Win
3857261,2022-11-29,FIFA World Cup,2022,Wales,England,45,0,0,0,0.0226,0.4958,-0.4732,1,7,-6,123,396,-273,65.04,87.63,77,30,47,61,333,13,19,2,2,0.0226,0.1667,1,3,19,4,34.95,65.05,-30.11,0,3,Away Win
3857261,2022-11-29,FIFA World Cup,2022,Wales,England,60,0,2,-2,0.0712,1.0305,-0.9592,3,11,-8,202,454,-252,72.77,87.22,91,42,49,128,387,17,25,2,6,0.0075,0.0,1,0,7,8,65.65,34.35,31.31,0,3,Away Win
3857261,2022-11-29,FIFA World Cup,2022,Wales,England,75,0,3,-3,0.0932,1.2589,-1.1657,4,13,-9,291,503,-212,76.98,86.68,109,63,46,200,430,20,28,3,8,0.0219,0.2284,1,2,16,15,46.39,53.61,-7.23,0,3,Away Win
3857261,2022-11-29,FIFA World Cup,2022,Wales,England,85,0,3,-3,0.1496,2.3629,-2.2133,6,16,-10,346,562,-216,78.61,87.54,117,73,44,240,478,21,31,3,8,0.0564,1.104,2,3,8,10,33.39,66.61,-33.23,0,3,Away Win
3857267,2022-11-29,FIFA World Cup,2022,Ecuador,Senegal,15,0,0,0,0.0497,0.4524,-0.4027,2,4,-2,63,79,-16,73.02,75.95,29,21,8,47,61,10,11,3,2,0.0497,0.2397,2,3,18,6,44.72,55.28,-10.56,1,2,Away Win
3857267,2022-11-29,FIFA World Cup,2022,Ecuador,Senegal,30,0,0,0,0.0497,0.5373,-0.4877,2,7,-5,128,131,-3,77.34,74.05,52,47,5,102,102,20,18,4,3,0.0,0.0849,0,3,21,21,36.65,63.35,-26.71,1,2,Away Win
3857267,2022-11-29,FIFA World Cup,2022,Ecuador,Senegal,45,0,1,-1,0.0497,1.3514,-1.3017,2,9,-7,191,172,19,79.58,73.84,67,62,5,146,132,24,26,6,5,0.0,0.8141,0,2,9,5,22.62,77.38,-54.76,1,2,Away Win
3857267,2022-11-29,FIFA World Cup,2022,Ecuador,Senegal,60,0,1,-1,0.1175,1.3966,-1.2792,4,10,-6,319,219,100,80.56,71.69,86,91,-5,240,170,32,41,6,5,0.0425,0.0,1,0,10,19,60.08,39.92,20.16,1,2,Away Win
3857267,2022-11-29,FIFA World Cup,2022,Ecuador,Senegal,75,1,2,-1,0.9198,1.6309,-0.7111,7,11,-4,358,245,113,79.61,69.39,96,100,-4,267,186,35,47,8,5,0.8024,0.2343,3,1,3,5,71.98,28.02,43.96,1,2,Away Win
3857267,2022-11-29,FIFA World Cup,2022,Ecuador,Senegal,85,1,2,-1,0.9198,1.6754,-0.7556,7,12,-5,405,296,109,79.51,70.95,111,117,-6,300,219,37,53,8,7,0.0,0.0446,0,1,15,17,38.09,61.91,-23.82,1,2,Away Win
3857278,2022-11-29,FIFA World Cup,2022,Iran,United States,15,0,0,0,0.0,0.1262,-0.1262,0,2,-2,85,119,-34,69.41,86.55,36,25,11,56,104,13,12,2,0,0.0,0.1262,0,2,23,11,38.4,61.6,-23.2,0,1,Away Win
3857278,2022-11-29,FIFA World Cup,2022,Iran,United States,30,0,0,0,0.0,0.3438,-0.3438,0,5,-5,154,229,-75,71.43,87.77,71,41,30,99,205,16,22,5,3,0.0,0.2177,0,3,21,9,28.03,71.97,-43.94,0,1,Away Win
3857278,2022-11-29,FIFA World Cup,2022,Iran,United States,45,0,1,-1,0.0,0.9748,-0.9748,0,9,-9,191,293,-102,71.73,87.37,81,49,32,121,255,20,32,7,3,0.0,0.5851,0,3,8,6,19.47,80.53,-61.07,0,1,Away Win
3857278,2022-11-29,FIFA World Cup,2022,Iran,United States,60,0,1,-1,0.3913,1.0315,-0.6402,1,10,-9,295,424,-129,75.59,85.61,117,73,44,197,361,25,45,9,6,0.3913,0.0,1,0,16,8,68.31,31.69,36.61,0,1,Away Win
3857278,2022-11-29,FIFA World Cup,2022,Iran,United States,75,0,1,-1,0.3982,1.1119,-0.7137,2,11,-9,345,472,-127,75.94,85.38,131,88,43,231,394,28,49,11,7,0.0068,0.0804,1,1,7,8,47.63,52.37,-4.73,0,1,Away Win
3857278,2022-11-29,FIFA World Cup,2022,Iran,United States,85,0,1,-1,0.3982,1.1119,-0.7137,2,11,-9,423,482,-59,78.49,84.44,137,117,20,294,403,34,54,11,8,0.0,0.0,0,0,6,29,46.74,53.26,-6.52,0,1,Away Win
3857294,2022-11-29,FIFA World Cup,2022,Netherlands,Qatar,15,0,0,0,0.3901,0.0157,0.3744,6,1,5,143,43,100,85.31,60.47,13,26,-13,114,24,10,8,1,7,0.1996,0.0,3,0,9,15,73.22,26.78,46.43,2,0,Home Win
3857294,2022-11-29,FIFA World Cup,2022,Netherlands,Qatar,30,1,0,1,0.6895,0.113,0.5765,9,3,6,289,100,189,89.27,69.0,27,50,-23,230,57,14,11,1,8,0.2157,0.0973,2,2,11,16,56.55,43.45,13.09,2,0,Home Win
3857294,2022-11-29,FIFA World Cup,2022,Netherlands,Qatar,45,1,0,1,0.6895,0.113,0.5765,9,3,6,403,195,208,90.07,76.92,50,64,-14,326,137,19,19,3,8,0.0,0.0,0,0,12,13,59.73,40.27,19.45,2,0,Home Win
3857294,2022-11-29,FIFA World Cup,2022,Netherlands,Qatar,60,2,0,2,1.7033,0.113,1.5902,12,3,9,553,286,267,89.51,78.32,77,86,-9,447,206,24,32,4,10,0.0,0.0,0,0,21,9,56.24,43.76,12.48,2,0,Home Win
3857294,2022-11-29,FIFA World Cup,2022,Netherlands,Qatar,75,2,0,2,1.7033,0.113,1.5902,12,3,9,641,371,270,88.46,78.71,101,98,3,510,269,29,40,4,11,0.0,0.0,0,0,23,6,56.76,43.24,13.51,2,0,Home Win
3857294,2022-11-29,FIFA World Cup,2022,Netherlands,Qatar,85,2,0,2,1.7033,0.1375,1.5658,12,4,8,737,441,296,89.42,81.63,122,108,14,592,333,29,43,4,11,0.0,0.0245,0,1,21,10,51.89,48.11,3.79,2,0,Home Win
3857257,2022-11-30,FIFA World Cup,2022,Australia,Denmark,15,0,0,0,0.039,0.2162,-0.1772,1,3,-2,59,122,-63,67.8,84.43,20,17,3,35,99,7,2,0,1,0.0,0.2162,0,3,15,8,25.7,74.3,-48.61,1,0,Home Win
3857257,2022-11-30,FIFA World Cup,2022,Australia,Denmark,30,0,0,0,0.0497,0.3455,-0.2958,2,5,-3,108,251,-143,69.44,85.26,34,27,7,65,209,10,8,4,3,0.0107,0.1293,1,2,10,8,34.84,65.16,-30.31,1,0,Home Win
3857257,2022-11-30,FIFA World Cup,2022,Australia,Denmark,45,0,0,0,0.0976,0.3455,-0.2479,4,5,-1,193,359,-166,66.84,82.73,51,48,3,124,297,20,20,7,8,0.0104,0.0,1,0,16,12,58.35,41.65,16.71,1,0,Home Win
3857257,2022-11-30,FIFA World Cup,2022,Australia,Denmark,60,1,0,1,0.4343,0.3925,0.0417,7,6,1,249,467,-218,67.47,83.73,67,67,0,163,400,26,31,9,8,0.1135,0.047,1,1,9,12,36.53,63.47,-26.95,1,0,Home Win
3857257,2022-11-30,FIFA World Cup,2022,Australia,Denmark,75,1,0,1,0.4343,0.4832,-0.0489,7,8,-1,290,559,-269,65.52,83.36,79,85,-6,191,470,32,37,10,10,0.0,0.0906,0,2,6,11,21.73,78.27,-56.54,1,0,Home Win
3857257,2022-11-30,FIFA World Cup,2022,Australia,Denmark,85,1,0,1,0.4697,0.6008,-0.1311,8,11,-3,325,636,-311,64.31,83.65,93,94,-1,209,533,35,41,11,11,0.0355,0.1177,1,3,14,9,33.53,66.47,-32.95,1,0,Home Win
3857260,2022-11-30,FIFA World Cup,2022,Saudi Arabia,Mexico,15,0,0,0,0.1432,0.3884,-0.2453,3,2,1,39,100,-61,66.67,84.0,22,22,0,26,73,9,10,1,0,0.1214,0.0,2,0,14,13,60.98,39.02,21.96,1,2,Away Win
3857260,2022-11-30,FIFA World Cup,2022,Saudi Arabia,Mexico,30,0,0,0,0.1432,0.7651,-0.6219,3,5,-2,85,186,-101,63.53,83.33,42,45,-3,52,141,14,20,2,4,0.0,0.3766,0,3,17,18,23.74,76.26,-52.52,1,2,Away Win
3857260,2022-11-30,FIFA World Cup,2022,Saudi Arabia,Mexico,45,0,0,0,0.1432,0.9797,-0.8365,3,11,-8,132,274,-142,59.09,81.39,68,65,3,75,212,21,30,3,7,0.0,0.1335,0,4,21,16,26.67,73.33,-46.66,1,2,Away Win
3857260,2022-11-30,FIFA World Cup,2022,Saudi Arabia,Mexico,60,0,2,-2,0.4896,1.4082,-0.9187,6,16,-10,212,340,-128,60.38,77.94,85,108,-23,121,243,36,36,6,12,0.0303,0.1155,1,2,8,20,39.07,60.93,-21.87,1,2,Away Win
3857260,2022-11-30,FIFA World Cup,2022,Saudi Arabia,Mexico,75,0,2,-2,0.5405,1.7994,-1.2589,8,20,-12,257,395,-138,59.92,77.72,102,122,-20,149,285,45,43,9,12,0.0131,0.3912,1,4,10,6,28.92,71.08,-42.17,1,2,Away Win
3857260,2022-11-30,FIFA World Cup,2022,Saudi Arabia,Mexico,85,0,2,-2,0.5604,2.1393,-1.579,9,23,-14,291,445,-154,59.45,76.63,114,129,-15,172,319,53,55,13,15,0.0199,0.34,1,3,12,7,34.45,65.55,-31.1,1,2,Away Win
3857264,2022-11-30,FIFA World Cup,2022,Poland,Argentina,15,0,0,0,0.0615,0.1383,-0.0768,1,3,-2,77,105,-28,83.12,79.05,23,20,3,55,90,8,15,2,0,0.0,0.1383,0,3,15,12,30.92,69.08,-38.17,0,2,Away Win
3857264,2022-11-30,FIFA World Cup,2022,Poland,Argentina,30,0,0,0,0.1271,0.3638,-0.2367,2,6,-4,136,228,-92,81.62,84.21,32,37,-5,97,197,12,21,5,1,0.0656,0.1741,1,2,5,12,27.9,72.1,-44.19,0,2,Away Win
3857264,2022-11-30,FIFA World Cup,2022,Poland,Argentina,45,0,1,-1,0.1271,1.833,-1.7059,2,14,-12,170,353,-183,78.24,85.84,50,47,3,113,314,15,35,5,3,0.0,1.2537,0,5,15,7,14.75,85.25,-70.49,0,2,Away Win
3857264,2022-11-30,FIFA World Cup,2022,Poland,Argentina,60,0,1,-1,0.1976,2.2346,-2.037,4,18,-14,251,475,-224,80.08,86.74,73,72,1,178,426,21,44,7,4,0.0267,0.4016,1,4,17,16,31.06,68.94,-37.88,0,2,Away Win
3857264,2022-11-30,FIFA World Cup,2022,Poland,Argentina,75,0,2,-2,0.1976,2.6729,-2.4753,4,22,-18,294,652,-358,80.27,89.57,88,79,9,203,577,22,46,8,6,0.0,0.4143,0,3,10,3,16.69,83.31,-66.62,0,2,Away Win
3857264,2022-11-30,FIFA World Cup,2022,Poland,Argentina,85,0,2,-2,0.1976,2.8524,-2.6548,4,23,-19,314,765,-451,79.94,90.2,96,84,12,213,670,23,49,9,7,0.0,0.1796,0,1,8,5,18.82,81.18,-62.35,0,2,Away Win
3857275,2022-11-30,FIFA World Cup,2022,Tunisia,France,15,0,0,0,0.0,0.0,0.0,0,0,0,70,53,17,72.86,66.04,9,15,-6,51,34,11,6,2,3,0.0,0.0,0,0,6,7,50.08,49.92,0.17,1,0,Home Win
3857275,2022-11-30,FIFA World Cup,2022,Tunisia,France,30,0,0,0,0.1008,0.0879,0.0129,1,1,0,146,172,-26,79.45,83.14,30,32,-2,118,143,18,13,4,3,0.1008,0.0879,1,1,12,8,45.72,54.28,-8.55,1,0,Home Win
3857275,2022-11-30,FIFA World Cup,2022,Tunisia,France,45,0,0,0,0.1174,0.0879,0.0295,2,1,1,231,274,-43,78.35,84.67,50,56,-6,183,243,30,21,5,7,0.0,0.0,0,0,14,17,41.91,58.09,-16.17,1,0,Home Win
3857275,2022-11-30,FIFA World Cup,2022,Tunisia,France,60,1,0,1,0.2983,0.129,0.1693,5,2,3,306,339,-33,78.1,83.19,66,74,-8,237,295,41,30,5,10,0.1701,0.0,2,0,8,7,68.8,31.2,37.6,1,0,Home Win
3857275,2022-11-30,FIFA World Cup,2022,Tunisia,France,75,1,0,1,0.2983,0.129,0.1693,5,2,3,332,466,-134,77.71,86.05,84,86,-2,259,414,47,37,7,11,0.0,0.0,0,0,14,11,35.17,64.83,-29.67,1,0,Home Win
3857275,2022-11-30,FIFA World Cup,2022,Tunisia,France,85,1,0,1,0.2983,0.3548,-0.0565,5,6,-1,346,553,-207,76.88,85.71,100,89,11,268,489,50,47,12,12,0.0,0.2258,0,4,16,3,19.7,80.3,-60.6,1,0,Home Win
3857255,2022-12-01,FIFA World Cup,2022,Japan,Spain,15,0,1,-1,0.0421,0.4275,-0.3854,1,3,-2,34,208,-174,64.71,93.75,56,8,48,17,182,3,11,2,2,0.0421,0.4275,1,3,31,4,35.3,64.7,-29.41,2,1,Home Win
3857255,2022-12-01,FIFA World Cup,2022,Japan,Spain,30,0,1,-1,0.0421,0.5284,-0.4863,1,4,-3,95,414,-319,77.89,93.0,98,31,67,60,360,7,17,4,2,0.0,0.1009,0,1,30,12,39.08,60.92,-21.83,2,1,Home Win
3857255,2022-12-01,FIFA World Cup,2022,Japan,Spain,45,0,1,-1,0.0757,0.6323,-0.5566,2,5,-3,142,577,-435,78.17,93.41,134,51,83,98,496,12,20,5,5,0.0,0.1039,0,1,29,11,36.8,63.2,-26.4,2,1,Home Win
3857255,2022-12-01,FIFA World Cup,2022,Japan,Spain,60,2,1,1,0.9761,0.6323,0.3438,4,5,-1,185,665,-480,75.68,91.88,162,63,99,125,565,14,26,8,7,0.0,0.0,0,0,22,6,48.37,51.63,-3.26,2,1,Home Win
3857255,2022-12-01,FIFA World Cup,2022,Japan,Spain,75,2,1,1,1.1073,0.6486,0.4587,5,6,-1,222,815,-593,73.42,91.53,189,79,110,144,690,19,34,10,8,0.1312,0.0163,1,1,18,7,41.67,58.33,-16.67,2,1,Home Win
3857255,2022-12-01,FIFA World Cup,2022,Japan,Spain,85,2,1,1,1.1578,0.6935,0.4643,6,8,-2,237,968,-731,73.0,91.43,213,87,126,154,821,21,44,13,8,0.0505,0.0449,1,2,24,8,33.95,66.05,-32.1,2,1,Home Win
3857276,2022-12-01,FIFA World Cup,2022,Canada,Morocco,15,0,1,-1,0.318,0.1308,0.1873,2,4,-2,72,81,-9,87.5,85.19,30,32,-2,51,69,4,5,1,2,0.2791,0.1063,1,3,17,17,40.97,59.03,-18.06,1,2,Away Win
3857276,2022-12-01,FIFA World Cup,2022,Canada,Morocco,30,0,2,-2,0.318,0.2348,0.0832,2,5,-3,153,157,-4,88.24,84.08,52,58,-6,120,139,12,10,4,5,0.0,0.1041,0,1,14,16,42.02,57.98,-15.96,1,2,Away Win
3857276,2022-12-01,FIFA World Cup,2022,Canada,Morocco,45,1,2,-1,0.318,0.3319,-0.0139,2,6,-4,241,222,19,85.48,82.88,76,73,3,196,189,21,14,5,8,0.0,0.0,0,0,21,12,62.49,37.51,24.99,1,2,Away Win
3857276,2022-12-01,FIFA World Cup,2022,Canada,Morocco,60,1,2,-1,0.3699,0.4264,-0.0565,3,7,-4,360,321,39,86.67,82.55,101,97,4,296,274,28,25,9,11,0.0519,0.0,1,0,13,12,66.14,33.86,32.29,1,2,Away Win
3857276,2022-12-01,FIFA World Cup,2022,Canada,Morocco,75,1,2,-1,1.0956,0.4264,0.6692,5,7,-2,446,362,84,86.1,81.22,122,119,3,367,308,42,32,10,13,0.7257,0.0,2,0,15,8,79.89,20.11,59.79,1,2,Away Win
3857276,2022-12-01,FIFA World Cup,2022,Canada,Morocco,85,1,2,-1,1.0956,0.4264,0.6692,5,7,-2,507,378,129,86.0,79.37,126,136,-10,410,316,46,36,10,13,0.0,0.0,0,0,4,17,48.7,51.3,-2.61,1,2,Away Win
3857292,2022-12-01,FIFA World Cup,2022,Costa Rica,Germany,15,0,1,-1,0.0,0.6343,-0.6343,0,5,-5,42,148,-106,69.05,85.81,25,19,6,35,109,11,7,2,0,0.0,0.571,0,4,20,15,23.55,76.45,-52.89,2,4,Away Win
3857292,2022-12-01,FIFA World Cup,2022,Costa Rica,Germany,30,0,1,-1,0.0,0.748,-0.748,0,7,-7,116,276,-160,74.14,86.59,42,44,-2,94,203,21,15,5,0,0.0,0.0441,0,1,15,18,34.29,65.71,-31.42,2,4,Away Win
3857292,2022-12-01,FIFA World Cup,2022,Costa Rica,Germany,45,0,1,-1,0.141,1.1431,-1.002,1,12,-11,179,440,-261,74.86,87.73,52,70,-18,139,321,27,28,9,2,0.141,0.2216,1,3,8,18,29.34,70.66,-41.32,2,4,Away Win
3857292,2022-12-01,FIFA World Cup,2022,Costa Rica,Germany,60,1,1,0,0.8127,1.3869,-0.5742,5,16,-11,245,551,-306,75.51,87.11,70,94,-24,188,408,34,37,11,5,0.6716,0.2438,4,4,12,12,51.9,48.1,3.79,2,4,Away Win
3857292,2022-12-01,FIFA World Cup,2022,Costa Rica,Germany,75,2,2,0,0.9969,2.9836,-1.9866,6,23,-17,270,634,-364,73.33,87.38,86,98,-12,198,474,39,41,14,6,0.1843,1.1273,1,5,9,4,22.31,77.69,-55.37,2,4,Away Win
3857292,2022-12-01,FIFA World Cup,2022,Costa Rica,Germany,85,2,3,-1,1.0347,3.5395,-2.5048,7,27,-20,313,681,-368,74.44,87.22,99,121,-22,229,517,40,50,14,7,0.0378,0.556,1,4,13,23,26.24,73.76,-47.52,2,4,Away Win
3857296,2022-12-01,FIFA World Cup,2022,Croatia,Belgium,15,0,0,0,0.034,0.2695,-0.2355,1,3,-2,96,102,-6,84.38,87.25,27,17,10,74,90,9,8,3,2,0.0,0.2695,0,3,12,8,32.65,67.35,-34.71,0,0,Draw
3857296,2022-12-01,FIFA World Cup,2022,Croatia,Belgium,30,0,0,0,0.034,0.2949,-0.2609,1,4,-3,187,200,-13,85.03,88.5,54,28,26,146,171,16,11,3,3,0.0,0.0253,0,1,22,7,47.41,52.59,-5.18,0,0,Draw
3857296,2022-12-01,FIFA World Cup,2022,Croatia,Belgium,45,0,0,0,0.2169,0.4029,-0.186,4,5,-1,281,349,-68,85.05,89.11,90,42,48,216,282,23,13,4,6,0.0244,0.108,1,1,25,9,51.52,48.48,3.04,0,0,Draw
3857296,2022-12-01,FIFA World Cup,2022,Croatia,Belgium,60,0,0,0,0.6234,0.8966,-0.2732,10,10,0,427,439,-12,85.95,87.7,113,70,43,330,353,35,21,7,8,0.1739,0.299,2,2,11,20,52.08,47.92,4.17,0,0,Draw
3857296,2022-12-01,FIFA World Cup,2022,Croatia,Belgium,75,0,0,0,0.695,1.2052,-0.5102,11,12,-1,520,535,-15,85.96,87.66,140,94,46,402,431,39,27,8,12,0.0716,0.0061,1,1,20,17,53.62,46.38,7.24,0,0,Draw
3857296,2022-12-01,FIFA World Cup,2022,Croatia,Belgium,85,0,0,0,0.695,1.2756,-0.5806,11,13,-2,578,587,-9,85.12,87.22,153,110,43,442,465,47,31,10,12,0.0,0.0705,0,1,13,16,41.89,58.11,-16.22,0,0,Draw
3857256,2022-12-02,FIFA World Cup,2022,Serbia,Switzerland,15,0,0,0,0.6285,0.5555,0.073,3,4,-1,87,75,12,73.56,70.67,16,12,4,58,50,9,6,2,4,0.5469,0.0961,2,1,12,10,63.67,36.33,27.33,2,3,Away Win
3857256,2022-12-02,FIFA World Cup,2022,Serbia,Switzerland,30,1,1,0,0.7785,1.0634,-0.2849,5,7,-2,190,126,64,79.47,73.81,31,30,1,134,88,18,11,3,4,0.15,0.4382,2,2,9,10,50.21,49.79,0.43,2,3,Away Win
3857256,2022-12-02,FIFA World Cup,2022,Serbia,Switzerland,45,2,2,0,0.9378,1.8587,-0.921,6,9,-3,239,216,23,77.82,78.7,41,43,-2,164,149,24,16,3,6,0.0,0.7953,0,2,8,9,17.27,82.73,-65.46,2,3,Away Win
3857256,2022-12-02,FIFA World Cup,2022,Serbia,Switzerland,60,2,3,-1,1.056,2.7566,-1.7006,8,12,-4,317,294,23,78.86,79.25,51,59,-8,219,191,29,21,4,8,0.0617,0.744,1,2,6,11,33.98,66.02,-32.03,2,3,Away Win
3857256,2022-12-02,FIFA World Cup,2022,Serbia,Switzerland,75,2,3,-1,1.114,2.7566,-1.6426,10,12,-2,408,361,47,80.64,78.95,64,66,-2,297,232,42,26,5,11,0.058,0.0,2,0,10,5,78.76,21.24,57.52,2,3,Away Win
3857256,2022-12-02,FIFA World Cup,2022,Serbia,Switzerland,85,2,3,-1,1.114,2.7867,-1.6727,10,13,-3,461,387,74,80.04,77.0,74,70,4,333,243,46,28,5,13,0.0,0.0301,0,1,10,4,53.05,46.95,6.1,2,3,Away Win
3857262,2022-12-02,FIFA World Cup,2022,South Korea,Portugal,15,0,1,-1,0.011,0.3021,-0.2911,1,2,-1,101,103,-2,87.13,91.26,16,20,-4,72,87,7,3,0,3,0.011,0.0105,1,1,5,9,47.65,52.35,-4.7,2,1,Home Win
3857262,2022-12-02,FIFA World Cup,2022,South Korea,Portugal,30,1,1,0,0.6965,0.3021,0.3944,4,2,2,184,173,11,86.96,87.86,29,31,-2,134,135,12,5,1,4,0.645,0.0,2,0,12,7,76.1,23.9,52.21,2,1,Home Win
3857262,2022-12-02,FIFA World Cup,2022,South Korea,Portugal,45,1,1,0,0.7212,0.8261,-0.1049,5,9,-4,231,295,-64,84.42,89.49,48,39,9,170,236,18,12,2,5,0.0247,0.4705,1,5,13,3,24.57,75.43,-50.85,2,1,Home Win
3857262,2022-12-02,FIFA World Cup,2022,South Korea,Portugal,60,1,1,0,0.7664,0.8786,-0.1122,7,10,-3,283,430,-147,81.27,88.37,69,46,23,196,350,25,24,4,6,0.0452,0.0,2,0,8,6,58.64,41.36,17.27,2,1,Home Win
3857262,2022-12-02,FIFA World Cup,2022,South Korea,Portugal,75,1,1,0,0.977,0.9084,0.0686,11,11,0,314,511,-197,80.57,88.26,85,57,28,219,421,33,33,5,6,0.1707,0.0298,3,1,11,7,64.0,36.0,27.99,2,1,Home Win
3857262,2022-12-02,FIFA World Cup,2022,South Korea,Portugal,85,1,1,0,0.977,0.9294,0.0476,11,12,-1,362,548,-186,79.83,87.04,96,70,26,252,450,41,39,5,6,0.0,0.021,0,1,11,13,41.58,58.42,-16.84,2,1,Home Win
3857280,2022-12-02,FIFA World Cup,2022,Cameroon,Brazil,15,0,0,0,0.0,0.5027,-0.5027,0,4,-4,55,140,-85,80.0,87.14,24,32,-8,44,111,7,9,4,1,0.0,0.1693,0,2,12,20,26.51,73.49,-46.98,1,0,Home Win
3857280,2022-12-02,FIFA World Cup,2022,Cameroon,Brazil,30,0,0,0,0.0,0.6516,-0.6516,0,6,-6,109,214,-105,80.73,82.24,42,60,-18,86,165,12,17,4,2,0.0,0.1488,0,2,10,14,27.05,72.95,-45.9,1,0,Home Win
3857280,2022-12-02,FIFA World Cup,2022,Cameroon,Brazil,45,0,0,0,0.0,0.7978,-0.7978,0,9,-9,158,319,-161,79.75,84.95,61,75,-14,119,252,19,25,6,3,0.0,0.0814,0,2,12,11,29.19,70.81,-41.63,1,0,Home Win
3857280,2022-12-02,FIFA World Cup,2022,Cameroon,Brazil,60,0,0,0,0.1954,1.2958,-1.1004,3,14,-11,210,377,-167,77.14,84.62,86,93,-7,150,305,26,37,7,4,0.0065,0.4315,1,4,18,12,29.93,70.07,-40.14,1,0,Home Win
3857280,2022-12-02,FIFA World Cup,2022,Cameroon,Brazil,75,0,0,0,0.1954,1.3818,-1.1864,3,15,-12,277,465,-188,77.26,85.59,109,108,1,199,380,33,47,8,4,0.0,0.086,0,1,17,10,42.09,57.91,-15.83,1,0,Home Win
3857280,2022-12-02,FIFA World Cup,2022,Cameroon,Brazil,85,0,0,0,0.3279,1.531,-1.203,6,16,-10,313,511,-198,77.64,85.91,125,124,1,231,415,37,50,9,4,0.1326,0.1492,3,1,16,16,59.55,40.45,19.1,1,0,Home Win
3857293,2022-12-02,FIFA World Cup,2022,Ghana,Uruguay,15,0,0,0,0.0715,0.0,0.0715,1,0,1,86,87,-1,77.91,80.46,28,35,-7,67,59,12,7,2,2,0.0715,0.0,1,0,14,25,56.94,43.06,13.87,0,2,Away Win
3857293,2022-12-02,FIFA World Cup,2022,Ghana,Uruguay,30,0,1,-1,0.855,1.1423,-0.2873,2,3,-1,111,147,-36,76.58,81.63,39,51,-12,82,101,16,13,2,2,0.0,1.1423,0,3,11,13,16.11,83.89,-67.79,0,2,Away Win
3857293,2022-12-02,FIFA World Cup,2022,Ghana,Uruguay,45,0,2,-2,0.9812,1.3096,-0.3284,4,4,0,186,198,-12,77.96,77.27,59,78,-19,136,137,20,20,3,2,0.1262,0.0,2,0,16,22,61.92,38.08,23.83,0,2,Away Win
3857293,2022-12-02,FIFA World Cup,2022,Ghana,Uruguay,60,0,2,-2,0.9812,1.342,-0.3608,4,5,-1,308,323,-15,79.55,80.19,87,103,-16,230,226,34,31,3,4,0.0,0.0,0,0,15,14,60.81,39.19,21.63,0,2,Away Win
3857293,2022-12-02,FIFA World Cup,2022,Ghana,Uruguay,75,0,2,-2,1.0279,1.4563,-0.4284,5,8,-3,386,389,-3,79.02,78.66,118,122,-4,296,269,46,42,4,6,0.0467,0.0148,1,2,23,12,51.25,48.75,2.5,0,2,Away Win
3857293,2022-12-02,FIFA World Cup,2022,Ghana,Uruguay,85,0,2,-2,1.204,1.4602,-0.2562,7,9,-2,454,420,34,79.3,78.33,132,135,-3,358,297,56,46,4,9,0.1761,0.0039,2,1,14,13,65.33,34.67,30.65,0,2,Away Win
3869117,2022-12-03,FIFA World Cup,2022,Netherlands,United States,15,1,0,1,0.1618,0.3197,-0.1579,1,1,0,86,94,-8,82.56,79.79,21,20,1,61,75,3,7,2,0,0.1618,0.0,1,0,4,10,62.73,37.27,25.46,3,1,Home Win
3869117,2022-12-03,FIFA World Cup,2022,Netherlands,United States,30,1,0,1,0.2441,0.3197,-0.0756,3,1,2,158,195,-37,79.11,81.03,38,39,-1,110,164,11,13,2,3,0.0,0.0,0,0,14,13,41.14,58.86,-17.71,3,1,Home Win
3869117,2022-12-03,FIFA World Cup,2022,Netherlands,United States,45,2,0,2,0.4944,0.4222,0.0721,4,3,1,200,348,-148,75.5,83.62,64,47,17,131,294,15,30,3,7,0.2502,0.1026,1,2,21,7,39.0,61.0,-21.99,3,1,Home Win
3869117,2022-12-03,FIFA World Cup,2022,Netherlands,United States,60,2,0,2,0.5938,0.8977,-0.3039,6,9,-3,294,419,-125,78.23,82.1,85,67,18,210,354,21,42,5,7,0.0994,0.0936,2,2,14,13,49.69,50.31,-0.63,3,1,Home Win
3869117,2022-12-03,FIFA World Cup,2022,Netherlands,United States,75,2,1,1,0.9956,1.3939,-0.3983,9,13,-4,367,479,-112,77.93,81.84,106,92,14,268,408,29,49,5,11,0.4018,0.4528,3,3,16,18,50.5,49.5,1.0,3,1,Home Win
3869117,2022-12-03,FIFA World Cup,2022,Netherlands,United States,85,3,1,2,1.4819,1.4817,0.0002,11,15,-4,405,538,-133,76.79,80.86,119,97,22,288,450,32,54,5,13,0.4863,0.0878,2,2,13,5,55.33,44.67,10.65,3,1,Home Win
3869151,2022-12-03,FIFA World Cup,2022,Argentina,Australia,15,0,0,0,0.0,0.0,0.0,0,0,0,193,54,139,92.75,74.07,11,44,-33,173,27,9,6,0,2,0.0,0.0,0,0,8,29,54.81,45.19,9.61,2,1,Home Win
3869151,2022-12-03,FIFA World Cup,2022,Argentina,Australia,30,0,0,0,0.0111,0.0681,-0.0569,1,1,0,288,185,103,91.67,85.95,42,69,-27,254,132,13,13,3,3,0.0,0.0681,0,1,16,13,31.47,68.53,-37.06,2,1,Home Win
3869151,2022-12-03,FIFA World Cup,2022,Argentina,Australia,45,1,0,1,0.0778,0.0681,0.0097,2,1,1,405,251,154,90.86,84.86,61,96,-35,360,171,20,16,4,7,0.0,0.0,0,0,16,21,56.53,43.47,13.07,2,1,Home Win
3869151,2022-12-03,FIFA World Cup,2022,Argentina,Australia,60,2,0,2,0.4036,0.0681,0.3355,4,1,3,538,327,211,90.89,83.18,88,142,-54,487,217,29,22,10,9,0.2806,0.0,1,0,19,26,62.43,37.57,24.86,2,1,Home Win
3869151,2022-12-03,FIFA World Cup,2022,Argentina,Australia,75,2,0,2,0.4882,0.0681,0.4201,6,1,5,632,394,238,90.66,82.23,103,169,-66,566,258,33,25,11,9,0.0518,0.0,1,0,8,10,61.21,38.79,22.42,2,1,Home Win
3869151,2022-12-03,FIFA World Cup,2022,Argentina,Australia,85,2,1,1,0.4882,0.1922,0.296,6,4,2,670,431,239,89.85,81.9,118,190,-72,596,291,35,32,12,9,0.0,0.1241,0,3,15,21,26.31,73.69,-47.38,2,1,Home Win
3869118,2022-12-04,FIFA World Cup,2022,England,Senegal,15,0,0,0,0.0,0.0,0.0,0,0,0,125,52,73,84.8,75.0,18,44,-26,120,42,13,7,3,3,0.0,0.0,0,0,7,24,51.42,48.58,2.85,3,0,Home Win
3869118,2022-12-04,FIFA World Cup,2022,England,Senegal,30,0,0,0,0.0837,0.6825,-0.5989,1,2,-1,248,118,130,86.69,77.97,30,63,-33,230,85,16,13,9,6,0.0,0.6825,0,2,6,13,30.9,69.1,-38.19,3,0,Home Win
3869118,2022-12-04,FIFA World Cup,2022,England,Senegal,45,1,0,1,0.3996,0.7184,-0.3188,3,3,0,340,164,176,85.0,76.83,41,80,-39,297,115,18,19,9,7,0.316,0.0,2,0,6,9,75.34,24.66,50.67,3,0,Home Win
3869118,2022-12-04,FIFA World Cup,2022,England,Senegal,60,3,0,3,0.8741,0.7371,0.137,7,4,3,454,246,208,85.02,77.64,57,109,-52,404,165,30,26,12,8,0.2678,0.0,3,0,10,15,72.96,27.04,45.92,3,0,Home Win
3869118,2022-12-04,FIFA World Cup,2022,England,Senegal,75,3,0,3,0.8741,0.7715,0.1026,7,6,1,540,294,246,85.93,78.57,68,128,-60,482,203,33,30,13,8,0.0,0.0344,0,2,8,12,33.35,66.65,-33.29,3,0,Home Win
3869118,2022-12-04,FIFA World Cup,2022,England,Senegal,85,3,0,3,0.8741,0.879,-0.005,7,7,0,592,364,228,85.47,79.4,86,131,-45,521,254,36,33,14,8,0.0,0.1075,0,1,18,3,47.29,52.71,-5.41,3,0,Home Win
3869152,2022-12-04,FIFA World Cup,2022,France,Poland,15,0,0,0,0.2039,0.0,0.2039,3,0,3,136,52,84,82.35,67.31,23,26,-3,105,39,11,8,3,2,0.0576,0.0,2,0,14,11,72.7,27.3,45.41,3,1,Home Win
3869152,2022-12-04,FIFA World Cup,2022,France,Poland,30,0,0,0,0.2966,0.0769,0.2197,5,2,3,207,179,28,82.61,81.56,46,39,7,163,135,19,12,6,4,0.0162,0.0436,1,1,18,5,48.7,51.3,-2.6,3,1,Home Win
3869152,2022-12-04,FIFA World Cup,2022,France,Poland,45,1,0,1,0.6776,0.6032,0.0744,8,8,0,294,245,49,83.67,81.63,68,51,17,237,183,24,20,7,4,0.2864,0.4602,1,4,16,12,41.49,58.51,-17.02,3,1,Home Win
3869152,2022-12-04,FIFA World Cup,2022,France,Poland,60,1,0,1,0.7484,0.6032,0.1452,11,8,3,398,322,76,83.42,82.92,83,80,3,320,251,29,29,12,6,0.0294,0.0,1,0,11,16,55.8,44.2,11.6,3,1,Home Win
3869152,2022-12-04,FIFA World Cup,2022,France,Poland,75,2,0,2,1.0137,0.6444,0.3693,14,9,5,477,396,81,83.86,82.58,97,96,1,383,313,33,38,14,7,0.0874,0.0412,1,1,10,9,41.98,58.02,-16.05,3,1,Home Win
3869152,2022-12-04,FIFA World Cup,2022,France,Poland,85,2,0,2,1.0837,0.6444,0.4392,15,9,6,547,448,99,85.01,83.26,106,109,-3,439,358,37,41,14,8,0.07,0.0,1,0,9,13,59.63,40.37,19.26,3,1,Home Win
3869219,2022-12-05,FIFA World Cup,2022,Japan,Croatia,15,0,0,0,0.1136,0.2372,-0.1236,1,2,-1,56,143,-87,75.0,88.11,24,13,11,40,121,8,12,3,0,0.0,0.2372,0,2,12,10,28.63,71.37,-42.74,1,1,Draw
3869219,2022-12-05,FIFA World Cup,2022,Japan,Croatia,30,0,0,0,0.1136,0.2989,-0.1853,1,3,-2,122,250,-128,76.23,88.4,42,32,10,90,201,14,17,4,1,0.0,0.0617,0,1,12,12,32.2,67.8,-35.6,1,1,Draw
3869219,2022-12-05,FIFA World Cup,2022,Japan,Croatia,45,1,0,1,0.7014,0.2989,0.4024,4,3,1,243,332,-89,81.48,87.65,61,58,3,189,257,23,22,7,3,0.5877,0.0,3,0,12,18,74.82,25.18,49.64,1,1,Draw
3869219,2022-12-05,FIFA World Cup,2022,Japan,Croatia,60,1,1,0,0.8911,0.3557,0.5354,9,5,4,330,433,-103,79.39,84.99,75,86,-11,248,322,41,35,11,4,0.1486,0.0268,4,1,10,13,65.05,34.95,30.1,1,1,Draw
3869219,2022-12-05,FIFA World Cup,2022,Japan,Croatia,75,1,1,0,0.8911,0.5602,0.3309,9,10,-1,374,508,-134,78.07,84.25,85,99,-14,277,370,49,42,16,4,0.0,0.0355,0,1,7,12,37.58,62.42,-24.83,1,1,Draw
3869219,2022-12-05,FIFA World Cup,2022,Japan,Croatia,85,1,1,0,0.8911,0.6429,0.2483,9,12,-3,394,565,-171,77.41,83.89,92,105,-13,289,410,51,46,17,5,0.0,0.0827,0,2,7,6,20.95,79.05,-58.09,1,1,Draw
3869253,2022-12-05,FIFA World Cup,2022,Brazil,South Korea,15,2,0,2,0.9979,0.0,0.9979,3,0,3,97,66,31,85.57,78.79,9,28,-19,78,44,8,2,0,8,0.9979,0.0,3,0,4,21,74.0,26.0,48.0,4,1,Home Win
3869253,2022-12-05,FIFA World Cup,2022,Brazil,South Korea,30,3,0,3,1.5617,0.0495,1.5122,5,3,2,202,138,64,87.13,83.33,29,49,-20,161,100,15,7,1,10,0.5638,0.0058,2,1,8,13,64.12,35.88,28.25,4,1,Home Win
3869253,2022-12-05,FIFA World Cup,2022,Brazil,South Korea,45,4,0,4,1.9815,0.0673,1.9142,9,4,5,328,236,92,89.02,86.44,51,80,-29,256,184,25,17,3,13,0.3041,0.0,2,0,16,21,59.32,40.68,18.64,4,1,Home Win
3869253,2022-12-05,FIFA World Cup,2022,Brazil,South Korea,60,4,0,4,2.699,0.2164,2.4826,14,5,9,457,367,90,88.84,86.38,75,112,-37,366,283,33,26,7,16,0.1806,0.0,3,0,14,20,65.56,34.44,31.13,4,1,Home Win
3869253,2022-12-05,FIFA World Cup,2022,Brazil,South Korea,75,4,1,3,2.8619,0.2867,2.5751,15,7,8,529,443,86,88.85,85.33,87,140,-53,422,338,37,32,8,17,0.0,0.0703,0,2,8,16,25.02,74.98,-49.97,4,1,Home Win
3869253,2022-12-05,FIFA World Cup,2022,Brazil,South Korea,85,4,1,3,2.8619,0.2867,2.5751,15,7,8,601,498,103,88.52,85.54,94,157,-63,477,387,39,38,8,21,0.0,0.0,0,0,7,17,42.52,57.48,-14.96,4,1,Home Win
3869220,2022-12-06,FIFA World Cup,2022,Morocco,Spain,15,0,0,0,0.042,0.0,0.042,1,0,1,54,154,-100,79.63,95.45,24,22,2,43,126,6,1,3,0,0.042,0.0,1,0,14,13,51.55,48.45,3.1,0,0,Draw
3869220,2022-12-06,FIFA World Cup,2022,Morocco,Spain,30,0,0,0,0.042,0.0256,0.0164,1,1,0,123,266,-143,73.17,92.48,45,45,0,91,214,19,7,5,2,0.0,0.0256,0,1,15,11,37.1,62.9,-25.8,0,0,Draw
3869220,2022-12-06,FIFA World Cup,2022,Morocco,Spain,45,0,0,0,0.3168,0.0256,0.2912,3,1,2,193,401,-208,73.06,92.27,67,67,0,132,323,25,15,6,4,0.2514,0.0,1,0,12,16,49.97,50.03,-0.05,0,0,Draw
3869220,2022-12-06,FIFA World Cup,2022,Morocco,Spain,60,0,0,0,0.3168,0.0329,0.2839,3,2,1,213,533,-320,70.89,91.37,96,83,13,149,421,30,17,9,5,0.0,0.0074,0,1,15,11,32.43,67.57,-35.15,0,0,Draw
3869220,2022-12-06,FIFA World Cup,2022,Morocco,Spain,75,0,0,0,0.3168,0.0329,0.2839,3,2,1,260,680,-420,71.54,91.76,120,109,11,186,558,40,26,10,7,0.0,0.0,0,0,23,22,37.38,62.62,-25.24,0,0,Draw
3869220,2022-12-06,FIFA World Cup,2022,Morocco,Spain,85,0,0,0,0.436,0.0819,0.3541,4,4,0,280,736,-456,70.71,91.3,126,114,12,191,602,40,30,10,7,0.1193,0.049,1,2,6,5,33.8,66.2,-32.4,0,0,Draw
3869254,2022-12-06,FIFA World Cup,2022,Portugal,Switzerland,15,0,0,0,0.0,0.0614,-0.0614,0,1,-1,123,99,24,84.55,79.8,37,15,22,95,80,5,7,2,2,0.0,0.0,0,0,33,8,61.44,38.56,22.89,6,1,Home Win
3869254,2022-12-06,FIFA World Cup,2022,Portugal,Switzerland,30,1,0,1,0.2056,0.0853,0.1203,3,2,1,185,161,24,82.7,78.26,57,30,27,144,126,10,11,5,3,0.1045,0.0239,2,1,16,11,58.32,41.68,16.65,6,1,Home Win
3869254,2022-12-06,FIFA World Cup,2022,Portugal,Switzerland,45,2,0,2,0.6504,0.4045,0.2458,5,4,1,270,252,18,83.33,80.16,83,47,36,216,206,16,19,5,4,0.317,0.3193,1,2,20,13,46.8,53.2,-6.41,6,1,Home Win
3869254,2022-12-06,FIFA World Cup,2022,Portugal,Switzerland,60,4,1,3,1.7407,1.0734,0.6673,11,5,6,331,341,-10,83.08,82.11,115,61,54,261,285,21,22,7,6,0.4604,0.6689,3,1,17,8,55.32,44.68,10.64,6,1,Home Win
3869254,2022-12-06,FIFA World Cup,2022,Portugal,Switzerland,75,5,1,4,2.2365,1.1232,1.1133,13,7,6,388,413,-25,82.47,82.08,135,79,56,297,343,28,24,8,7,0.4958,0.0419,2,1,13,14,63.48,36.52,26.96,6,1,Home Win
3869254,2022-12-06,FIFA World Cup,2022,Portugal,Switzerland,85,5,1,4,2.2365,1.2718,0.9647,13,10,3,442,481,-39,83.03,82.74,162,96,66,337,403,30,27,9,7,0.0,0.1487,0,3,27,17,35.31,64.69,-29.38,6,1,Home Win
3869321,2022-12-09,FIFA World Cup,2022,Netherlands,Argentina,15,0,0,0,0.0,0.0238,-0.0238,0,1,-1,114,103,11,88.6,83.5,33,29,4,100,78,11,6,1,0,0.0,0.0,0,0,18,20,53.46,46.54,6.91,2,2,Draw
3869321,2022-12-09,FIFA World Cup,2022,Netherlands,Argentina,30,0,0,0,0.0895,0.0616,0.0279,1,2,-1,222,171,51,88.29,82.46,52,56,-4,184,130,15,8,6,2,0.0895,0.0378,1,1,14,11,52.52,47.48,5.03,2,2,Draw
3869321,2022-12-09,FIFA World Cup,2022,Netherlands,Argentina,45,0,1,-1,0.0895,0.5797,-0.4901,1,5,-4,280,236,44,85.36,83.47,75,74,1,225,191,20,16,9,5,0.0,0.0339,0,1,9,12,37.83,62.17,-24.34,2,2,Draw
3869321,2022-12-09,FIFA World Cup,2022,Netherlands,Argentina,60,0,1,-1,0.0895,0.5797,-0.4901,1,5,-4,442,348,94,85.29,81.9,111,122,-11,351,279,29,26,12,7,0.0,0.0,0,0,23,22,51.47,48.53,2.94,2,2,Draw
3869321,2022-12-09,FIFA World Cup,2022,Netherlands,Argentina,75,0,2,-2,0.0895,1.4392,-1.3497,1,7,-6,497,378,119,85.11,80.95,123,141,-18,395,297,34,30,16,8,0.0,0.7835,0,1,9,14,29.75,70.25,-40.5,2,2,Draw
3869321,2022-12-09,FIFA World Cup,2022,Netherlands,Argentina,85,1,2,-1,0.1695,1.4392,-1.2698,3,7,-4,553,398,155,84.99,80.4,130,150,-20,437,311,40,32,16,9,0.08,0.0,2,0,7,9,76.84,23.16,53.69,2,2,Draw
3869420,2022-12-09,FIFA World Cup,2022,Croatia,Brazil,15,0,0,0,0.1902,0.0085,0.1817,1,1,0,83,115,-32,75.9,90.43,25,22,3,66,100,4,10,1,2,0.1902,0.0,1,0,14,11,57.4,42.6,14.8,1,1,Draw
3869420,2022-12-09,FIFA World Cup,2022,Croatia,Brazil,30,0,0,0,0.2289,0.1342,0.0946,3,4,-1,146,225,-79,78.77,90.67,45,37,8,118,192,10,18,1,3,0.012,0.0307,1,1,8,10,43.7,56.3,-12.59,1,1,Draw
3869420,2022-12-09,FIFA World Cup,2022,Croatia,Brazil,45,0,0,0,0.2289,0.1425,0.0864,3,5,-2,285,302,-17,83.86,88.74,64,65,-1,248,258,21,23,3,4,0.0,0.0082,0,1,15,13,48.82,51.18,-2.36,1,1,Draw
3869420,2022-12-09,FIFA World Cup,2022,Croatia,Brazil,60,0,0,0,0.3389,0.3094,0.0295,4,6,-2,391,380,11,86.19,87.63,83,80,3,345,314,25,31,8,4,0.0,0.1669,0,1,10,11,45.56,54.44,-8.88,1,1,Draw
3869420,2022-12-09,FIFA World Cup,2022,Croatia,Brazil,75,0,0,0,0.3696,0.7767,-0.4071,5,10,-5,482,476,6,87.14,88.24,99,96,3,431,387,30,35,8,5,0.0307,0.1732,1,2,10,13,45.98,54.02,-8.05,1,1,Draw
3869420,2022-12-09,FIFA World Cup,2022,Croatia,Brazil,85,0,0,0,0.3965,1.0472,-0.6506,6,14,-8,521,543,-22,87.33,88.03,110,116,-6,466,445,33,43,10,5,0.0269,0.2705,1,4,11,20,27.2,72.8,-45.59,1,1,Draw
3869354,2022-12-10,FIFA World Cup,2022,England,France,15,0,0,0,0.0227,0.2154,-0.1927,1,1,0,106,88,18,84.91,87.5,21,26,-5,90,67,8,4,2,2,0.0,0.2154,0,1,13,15,42.04,57.96,-15.92,1,2,Away Win
3869354,2022-12-10,FIFA World Cup,2022,England,France,30,0,1,-1,0.3908,0.2432,0.1476,5,2,3,205,134,71,88.29,84.33,31,53,-22,176,100,14,8,4,4,0.3122,0.0,3,0,8,25,68.62,31.38,37.23,1,2,Away Win
3869354,2022-12-10,FIFA World Cup,2022,England,France,45,0,1,-1,0.3908,0.3112,0.0796,5,3,2,332,222,110,89.16,85.59,46,81,-35,281,167,19,14,6,6,0.0,0.068,0,1,11,19,47.07,52.93,-5.85,1,2,Away Win
3869354,2022-12-10,FIFA World Cup,2022,England,France,60,1,1,0,1.3572,0.4087,0.9485,10,5,5,422,304,118,87.44,83.55,74,94,-20,344,232,30,19,6,6,0.8714,0.0975,3,2,14,11,65.65,34.35,31.3,1,2,Away Win
3869354,2022-12-10,FIFA World Cup,2022,England,France,75,1,1,0,1.4657,0.4844,0.9813,13,6,7,486,369,117,86.01,82.11,93,106,-13,381,275,33,26,8,7,0.0789,0.0757,2,1,14,6,62.02,37.98,24.03,1,2,Away Win
3869354,2022-12-10,FIFA World Cup,2022,England,France,85,1,2,-1,2.2492,0.8394,1.4098,14,8,6,501,387,114,85.63,81.65,97,107,-10,389,285,34,28,8,7,0.7835,0.3549,1,2,4,1,51.57,48.43,3.14,1,2,Away Win
3869486,2022-12-10,FIFA World Cup,2022,Morocco,Portugal,15,0,0,0,0.1179,0.1182,-0.0003,1,2,-1,41,153,-112,75.61,87.58,24,16,8,30,132,7,6,3,0,0.0,0.0192,0,1,13,9,26.87,73.13,-46.25,1,0,Home Win
3869486,2022-12-10,FIFA World Cup,2022,Morocco,Portugal,30,0,0,0,0.17,0.1452,0.0248,3,3,0,104,241,-137,78.85,87.14,46,26,20,83,209,13,11,4,2,0.0438,0.027,1,1,16,3,52.08,47.92,4.15,1,0,Home Win
3869486,2022-12-10,FIFA World Cup,2022,Morocco,Portugal,45,1,0,1,0.4658,0.2125,0.2534,6,5,1,170,343,-173,81.18,85.42,63,38,25,129,283,21,17,8,2,0.2003,0.0673,1,2,12,5,47.02,52.98,-5.97,1,0,Home Win
3869486,2022-12-10,FIFA World Cup,2022,Morocco,Portugal,60,1,0,1,0.5809,0.3453,0.2356,8,7,1,194,453,-259,78.87,85.87,89,55,34,155,378,34,24,11,2,0.0329,0.1328,1,2,12,8,38.57,61.43,-22.86,1,0,Home Win
3869486,2022-12-10,FIFA World Cup,2022,Morocco,Portugal,75,1,0,1,0.5809,0.5119,0.069,8,9,-1,220,578,-358,77.27,85.81,128,65,63,176,484,43,30,11,2,0.0,0.1093,0,1,22,5,39.84,60.16,-20.32,1,0,Home Win
3869486,2022-12-10,FIFA World Cup,2022,Morocco,Portugal,85,1,0,1,0.5809,0.5379,0.0431,8,10,-2,235,657,-422,76.17,85.54,145,73,72,189,558,48,37,13,4,0.0,0.026,0,1,17,8,33.51,66.49,-32.99,1,0,Home Win
3869519,2022-12-13,FIFA World Cup,2022,Argentina,Croatia,15,0,0,0,0.0,0.014,-0.014,0,1,-1,81,152,-71,82.72,88.16,38,13,25,66,134,5,6,4,1,0.0,0.014,0,1,27,5,39.33,60.67,-21.34,3,0,Home Win
3869519,2022-12-13,FIFA World Cup,2022,Argentina,Croatia,30,0,0,0,0.0278,0.0482,-0.0204,1,2,-1,180,241,-61,85.0,86.31,70,33,37,139,222,12,16,5,5,0.0278,0.0341,1,1,24,13,55.98,44.02,11.96,3,0,Home Win
3869519,2022-12-13,FIFA World Cup,2022,Argentina,Croatia,45,2,0,2,1.2691,0.153,1.1161,5,4,1,219,333,-114,84.47,87.09,90,43,47,169,301,19,19,6,5,0.4578,0.1048,3,2,19,8,58.51,41.49,17.02,3,0,Home Win
3869519,2022-12-13,FIFA World Cup,2022,Argentina,Croatia,60,2,0,2,1.3893,0.174,1.2153,7,5,2,296,475,-179,82.09,86.32,137,73,64,232,434,32,35,6,7,0.1058,0.021,1,1,30,12,50.75,49.25,1.49,3,0,Home Win
3869519,2022-12-13,FIFA World Cup,2022,Argentina,Croatia,75,3,0,3,1.723,0.2811,1.4418,8,8,0,342,530,-188,82.16,86.79,162,86,76,270,486,36,41,6,8,0.3337,0.0134,1,2,13,7,47.76,52.24,-4.49,3,0,Home Win
3869519,2022-12-13,FIFA World Cup,2022,Argentina,Croatia,85,3,0,3,1.8644,0.2927,1.5716,9,9,0,393,589,-196,83.21,86.25,172,90,82,308,539,39,46,8,10,0.1414,0.0116,1,1,10,4,52.93,47.07,5.85,3,0,Home Win
3869552,2022-12-14,FIFA World Cup,2022,France,Morocco,15,1,0,1,0.1925,0.0192,0.1733,2,1,1,82,115,-33,84.15,91.3,44,20,24,72,98,9,8,3,1,0.0,0.0192,0,1,28,14,49.95,50.05,-0.1,2,0,Home Win
3869552,2022-12-14,FIFA World Cup,2022,France,Morocco,30,1,0,1,0.2906,0.101,0.1896,3,3,0,141,200,-59,85.82,91.5,74,39,35,125,172,13,14,5,1,0.0,0.0206,0,1,26,12,46.28,53.72,-7.44,2,0,Home Win
3869552,2022-12-14,FIFA World Cup,2022,France,Morocco,45,1,0,1,0.9433,0.2003,0.743,9,5,4,213,284,-71,85.45,88.03,96,60,36,186,234,22,21,8,2,0.0755,0.0994,1,2,17,12,47.91,52.09,-4.18,2,0,Home Win
3869552,2022-12-14,FIFA World Cup,2022,France,Morocco,60,1,0,1,0.961,0.4704,0.4906,10,7,3,265,413,-148,83.4,86.68,125,79,46,223,334,28,32,14,3,0.0,0.2701,0,2,20,10,29.75,70.25,-40.5,2,0,Home Win
3869552,2022-12-14,FIFA World Cup,2022,France,Morocco,75,1,0,1,1.1167,0.4704,0.6463,12,7,5,329,511,-182,83.28,86.3,149,98,51,278,409,35,38,18,4,0.1557,0.0,2,0,16,16,65.44,34.56,30.88,2,0,Home Win
3869552,2022-12-14,FIFA World Cup,2022,France,Morocco,85,2,0,2,2.0024,0.4953,1.5071,14,8,6,355,559,-204,82.54,86.23,160,109,51,296,446,38,43,18,4,0.8858,0.0249,2,1,11,11,63.54,36.46,27.08,2,0,Home Win
3869684,2022-12-17,FIFA World Cup,2022,Croatia,Morocco,15,1,1,0,0.1922,0.4178,-0.2256,3,1,2,90,85,5,81.11,84.71,16,23,-7,63,63,5,6,1,4,0.1922,0.4178,3,1,8,11,58.36,41.64,16.71,2,1,Home Win
3869684,2022-12-17,FIFA World Cup,2022,Croatia,Morocco,30,1,1,0,0.5097,0.4178,0.0919,6,1,5,197,163,34,83.76,83.44,33,39,-6,154,123,14,13,2,7,0.0701,0.0,1,0,11,9,65.23,34.77,30.46,2,1,Home Win
3869684,2022-12-17,FIFA World Cup,2022,Croatia,Morocco,45,2,1,1,0.5228,0.5662,-0.0434,7,4,3,311,225,86,86.82,83.11,49,66,-17,250,169,20,17,3,7,0.0131,0.0622,1,2,8,25,45.43,54.57,-9.14,2,1,Home Win
3869684,2022-12-17,FIFA World Cup,2022,Croatia,Morocco,60,2,1,1,0.5777,0.5662,0.0115,10,4,6,389,305,84,86.12,83.28,63,97,-34,314,238,28,27,5,9,0.0065,0.0,1,0,7,18,46.06,53.94,-7.88,2,1,Home Win
3869684,2022-12-17,FIFA World Cup,2022,Croatia,Morocco,75,2,1,1,0.6137,0.7992,-0.1856,11,6,5,459,399,60,84.97,84.21,86,115,-29,360,318,32,35,6,11,0.036,0.1604,1,1,13,12,45.74,54.26,-8.53,2,1,Home Win
3869684,2022-12-17,FIFA World Cup,2022,Croatia,Morocco,85,2,1,1,0.6137,0.7992,-0.1856,11,6,5,504,461,43,84.33,84.82,100,135,-35,392,375,36,38,8,14,0.0,0.0,0,0,14,20,40.67,59.33,-18.66,2,1,Home Win
3869685,2022-12-18,FIFA World Cup,2022,Argentina,France,15,0,0,0,0.0874,0.0,0.0874,2,0,2,102,71,31,79.41,81.69,21,17,4,77,53,7,6,1,5,0.0628,0.0,1,0,14,5,73.85,26.15,47.69,3,3,Draw
3869685,2022-12-18,FIFA World Cup,2022,Argentina,France,30,1,0,1,0.9777,0.0,0.9777,4,0,4,163,120,43,82.21,78.33,25,30,-5,126,85,11,7,4,7,0.7835,0.0,1,0,1,7,78.41,21.59,56.81,3,3,Draw
3869685,2022-12-18,FIFA World Cup,2022,Argentina,France,45,2,0,2,1.2916,0.0,1.2916,6,0,6,304,183,121,86.18,77.05,47,59,-12,237,130,15,12,5,7,0.0,0.0,0,0,20,16,55.42,44.58,10.85,3,3,Draw
3869685,2022-12-18,FIFA World Cup,2022,Argentina,France,60,2,0,2,1.507,0.0,1.507,9,0,9,375,287,88,82.93,77.0,78,90,-12,284,210,22,21,11,9,0.1751,0.0,2,0,12,14,65.38,34.62,30.77,3,3,Draw
3869685,2022-12-18,FIFA World Cup,2022,Argentina,France,75,2,0,2,1.5485,0.1468,1.4017,10,2,8,434,398,36,81.11,78.39,103,110,-7,326,299,32,30,13,11,0.0416,0.1468,1,2,18,16,38.94,61.06,-22.12,3,3,Draw
3869685,2022-12-18,FIFA World Cup,2022,Argentina,France,85,2,2,0,1.5787,1.032,0.5467,11,4,7,492,433,59,81.1,77.83,110,131,-21,365,324,36,36,13,12,0.0302,0.8852,1,2,7,21,30.37,69.63,-39.25,3,3,Draw
3837818,2023-01-11,Ligue 1,2022/2023,Paris Saint-Germain,Angers,15,1,0,1,0.3595,0.0,0.3595,1,0,1,215,52,163,96.28,90.38,19,30,-11,184,47,5,3,1,3,0.0,0.0,0,0,14,17,64.37,35.63,28.75,2,0,Home Win
3837818,2023-01-11,Ligue 1,2022/2023,Paris Saint-Germain,Angers,30,1,0,1,0.5311,0.0,0.5311,2,0,2,359,110,249,94.43,90.91,37,59,-22,306,108,13,9,3,7,0.1716,0.0,1,0,6,20,66.79,33.21,33.57,2,0,Home Win
3837818,2023-01-11,Ligue 1,2022/2023,Paris Saint-Germain,Angers,45,1,0,1,0.6007,0.0322,0.5685,3,1,2,503,185,318,92.84,88.11,67,84,-17,432,174,16,16,5,11,0.0696,0.0322,1,1,18,16,60.14,39.86,20.29,2,0,Home Win
3837818,2023-01-11,Ligue 1,2022/2023,Paris Saint-Germain,Angers,60,1,0,1,0.7473,0.2095,0.5379,4,3,1,620,292,328,92.26,88.7,93,119,-26,536,279,26,25,8,11,0.1466,0.1772,1,2,11,19,44.52,55.48,-10.95,2,0,Home Win
3837818,2023-01-11,Ligue 1,2022/2023,Paris Saint-Germain,Angers,75,2,0,2,1.0688,0.232,0.8368,5,4,1,748,369,379,92.51,88.35,116,141,-25,657,353,36,32,9,13,0.3214,0.0225,1,1,18,10,58.77,41.23,17.55,2,0,Home Win
3837818,2023-01-11,Ligue 1,2022/2023,Paris Saint-Germain,Angers,85,2,0,2,1.1854,0.232,0.9534,7,4,3,821,402,419,92.81,88.56,126,157,-31,721,387,39,37,9,15,0.1166,0.0,2,0,10,16,66.62,33.38,33.24,2,0,Home Win
3837827,2023-01-15,Ligue 1,2022/2023,Rennes,Paris Saint-Germain,15,0,0,0,0.0201,0.0,0.0201,1,0,1,77,167,-90,87.01,91.02,26,25,1,66,127,6,3,1,2,0.0201,0.0,1,0,14,20,50.29,49.71,0.58,1,0,Home Win
3837827,2023-01-15,Ligue 1,2022/2023,Rennes,Paris Saint-Germain,30,0,0,0,0.1886,0.1055,0.0831,2,2,0,125,290,-165,84.8,91.38,53,41,12,107,229,14,11,2,4,0.1685,0.0252,1,1,20,9,49.25,50.75,-1.5,1,0,Home Win
3837827,2023-01-15,Ligue 1,2022/2023,Rennes,Paris Saint-Germain,45,0,0,0,0.2748,0.3458,-0.071,4,5,-1,220,388,-168,85.45,90.98,78,69,9,183,310,22,16,3,6,0.0576,0.2403,1,3,22,26,40.56,59.44,-18.87,1,0,Home Win
3837827,2023-01-15,Ligue 1,2022/2023,Rennes,Paris Saint-Germain,60,0,0,0,0.3883,0.3458,0.0425,6,5,1,279,474,-195,85.3,90.3,103,90,13,235,386,31,19,6,7,0.1135,0.0,2,0,14,13,65.97,34.03,31.93,1,0,Home Win
3837827,2023-01-15,Ligue 1,2022/2023,Rennes,Paris Saint-Germain,75,1,0,1,0.4505,0.9491,-0.4986,7,6,1,342,539,-197,85.67,89.8,122,114,8,284,438,37,22,7,7,0.0,0.6033,0,1,16,16,32.31,67.69,-35.37,1,0,Home Win
3837827,2023-01-15,Ligue 1,2022/2023,Rennes,Paris Saint-Germain,85,1,0,1,0.4505,1.0387,-0.5881,7,8,-1,366,635,-269,84.97,89.45,147,128,19,307,519,43,28,10,7,0.0,0.0896,0,2,25,14,33.93,66.07,-32.13,1,0,Home Win
3837839,2023-01-29,Ligue 1,2022/2023,Paris Saint-Germain,Stade de Reims,15,0,0,0,0.05,0.1481,-0.0982,1,2,-1,182,69,113,92.86,82.61,28,39,-11,162,58,3,5,3,4,0.0,0.1481,0,2,19,22,41.75,58.25,-16.5,1,1,Draw
3837839,2023-01-29,Ligue 1,2022/2023,Paris Saint-Germain,Stade de Reims,30,0,0,0,0.05,0.7955,-0.7455,1,8,-7,317,162,155,92.11,87.65,48,65,-17,272,146,8,12,4,7,0.0,0.4092,0,5,13,21,26.72,73.28,-46.55,1,1,Draw
3837839,2023-01-29,Ligue 1,2022/2023,Paris Saint-Germain,Stade de Reims,45,0,0,0,0.05,0.9018,-0.8518,1,9,-8,479,249,230,91.02,85.94,81,103,-22,424,230,18,21,6,13,0.0,0.1063,0,1,28,24,48.98,51.02,-2.05,1,1,Draw
3837839,2023-01-29,Ligue 1,2022/2023,Paris Saint-Germain,Stade de Reims,60,1,0,1,0.845,0.9346,-0.0896,6,10,-4,555,310,245,90.99,86.13,100,127,-27,497,287,26,26,8,13,0.0,0.0328,0,1,13,7,41.95,58.05,-16.1,1,1,Draw
3837839,2023-01-29,Ligue 1,2022/2023,Paris Saint-Germain,Stade de Reims,75,1,0,1,1.3877,1.0366,0.3512,9,12,-3,639,386,253,90.45,86.27,110,151,-41,568,354,36,34,9,18,0.0,0.102,0,2,6,18,29.82,70.18,-40.36,1,1,Draw
3837839,2023-01-29,Ligue 1,2022/2023,Paris Saint-Germain,Stade de Reims,85,1,0,1,1.7197,1.1482,0.5715,12,13,-1,709,449,260,89.7,85.75,122,176,-54,636,402,44,41,11,18,0.332,0.1116,3,1,12,25,57.72,42.28,15.43,1,1,Draw
3837844,2023-02-01,Ligue 1,2022/2023,Montpellier,Paris Saint-Germain,15,0,0,0,0.0,1.3255,-1.3255,0,2,-2,47,106,-59,63.83,89.62,22,19,3,39,83,7,5,2,3,0.0,1.3255,0,2,9,5,17.14,82.86,-65.72,1,3,Away Win
3837844,2023-02-01,Ligue 1,2022/2023,Montpellier,Paris Saint-Germain,30,0,0,0,0.0685,1.5388,-1.4704,1,5,-4,79,229,-150,65.82,89.52,49,36,13,71,187,17,18,4,7,0.0685,0.0,1,0,17,13,49.48,50.52,-1.05,1,3,Away Win
3837844,2023-02-01,Ligue 1,2022/2023,Montpellier,Paris Saint-Germain,45,0,0,0,0.0685,1.6124,-1.5439,1,7,-6,146,353,-207,71.92,89.52,89,60,29,128,301,24,28,7,9,0.0,0.0736,0,2,33,20,39.42,60.58,-21.16,1,3,Away Win
3837844,2023-02-01,Ligue 1,2022/2023,Montpellier,Paris Saint-Germain,60,0,1,-1,0.1582,2.0706,-1.9124,2,10,-8,213,485,-272,70.89,89.28,129,75,54,174,420,32,36,11,11,0.0897,0.4249,1,2,21,6,41.63,58.37,-16.74,1,3,Away Win
3837844,2023-02-01,Ligue 1,2022/2023,Montpellier,Paris Saint-Germain,75,0,2,-2,0.2137,3.4517,-3.238,3,14,-11,274,610,-336,71.53,89.34,145,100,45,221,522,45,45,14,13,0.0556,0.9441,1,2,9,21,29.6,70.4,-40.8,1,3,Away Win
3837844,2023-02-01,Ligue 1,2022/2023,Montpellier,Paris Saint-Germain,85,0,2,-2,0.2137,3.8583,-3.6446,3,17,-14,336,682,-346,73.21,89.3,169,116,53,277,589,51,51,17,15,0.0,0.4066,0,3,24,16,34.41,65.59,-31.18,1,3,Away Win
3837859,2023-02-04,Ligue 1,2022/2023,Paris Saint-Germain,Toulouse,15,0,0,0,0.1992,0.0,0.1992,3,0,3,141,89,52,89.36,82.02,31,40,-9,122,68,9,7,4,3,0.1992,0.0,3,0,17,24,65.43,34.57,30.87,2,1,Home Win
3837859,2023-02-04,Ligue 1,2022/2023,Paris Saint-Germain,Toulouse,30,0,1,-1,0.412,0.0671,0.3449,6,1,5,256,163,93,89.06,81.6,52,81,-29,225,125,18,12,6,5,0.1211,0.0,2,0,13,31,58.61,41.39,17.23,2,1,Home Win
3837859,2023-02-04,Ligue 1,2022/2023,Paris Saint-Germain,Toulouse,45,1,1,0,0.8237,0.0671,0.7566,12,1,11,349,204,145,88.54,78.92,68,117,-49,306,150,28,16,6,8,0.1081,0.0,3,0,14,29,66.37,33.63,32.74,2,1,Home Win
3837859,2023-02-04,Ligue 1,2022/2023,Paris Saint-Germain,Toulouse,60,2,1,1,1.0069,0.1029,0.904,15,3,12,430,294,136,88.37,80.27,96,147,-51,372,218,33,22,13,10,0.1832,0.0,3,0,12,19,66.27,33.73,32.54,2,1,Home Win
3837859,2023-02-04,Ligue 1,2022/2023,Paris Saint-Germain,Toulouse,75,2,1,1,1.3384,0.1833,1.1551,19,6,13,527,365,162,88.61,82.19,113,177,-64,448,271,38,26,15,11,0.3315,0.0804,4,3,12,18,55.1,44.9,10.2,2,1,Home Win
3837859,2023-02-04,Ligue 1,2022/2023,Paris Saint-Germain,Toulouse,85,2,1,1,1.3384,0.278,1.0605,19,8,11,609,401,208,89.0,82.29,127,201,-74,516,299,40,28,17,13,0.0,0.0947,0,2,14,24,38.52,61.48,-22.96,2,1,Home Win
3837876,2023-02-19,Ligue 1,2022/2023,Paris Saint-Germain,Lille,15,1,0,1,0.4063,0.6276,-0.2214,3,3,0,100,75,25,92.0,88.0,17,39,-22,86,59,5,7,2,2,0.1358,0.2157,1,1,12,21,44.9,55.1,-10.19,4,3,Home Win
3837876,2023-02-19,Ligue 1,2022/2023,Paris Saint-Germain,Lille,30,2,1,1,0.7135,0.967,-0.2534,4,6,-2,162,175,-13,87.65,88.0,44,64,-20,132,140,9,11,8,5,0.0,0.1139,0,1,14,13,34.84,65.16,-30.32,4,3,Home Win
3837876,2023-02-19,Ligue 1,2022/2023,Paris Saint-Germain,Lille,45,2,1,1,0.7135,1.2671,-0.5535,4,11,-7,240,312,-72,85.83,88.14,78,99,-21,198,258,14,24,10,5,0.0,0.2583,0,4,25,21,25.87,74.13,-48.26,4,3,Home Win
3837876,2023-02-19,Ligue 1,2022/2023,Paris Saint-Germain,Lille,60,2,2,0,0.9275,2.0579,-1.1304,7,13,-6,317,390,-73,86.44,87.95,105,126,-21,269,318,19,29,12,9,0.1324,0.7835,2,1,19,20,46.23,53.77,-7.54,4,3,Home Win
3837876,2023-02-19,Ligue 1,2022/2023,Paris Saint-Germain,Lille,75,2,3,-1,0.9599,2.1818,-1.222,8,14,-6,381,460,-79,85.83,87.61,124,152,-28,325,362,29,30,14,9,0.0324,0.1239,1,1,12,18,48.56,51.44,-2.89,4,3,Home Win
3837876,2023-02-19,Ligue 1,2022/2023,Paris Saint-Germain,Lille,85,2,3,-1,1.0624,2.1856,-1.1232,10,15,-5,426,503,-77,86.85,87.28,146,168,-22,373,395,35,31,14,10,0.1026,0.0038,2,1,22,16,62.67,37.33,25.34,4,3,Home Win
3837885,2023-02-26,Ligue 1,2022/2023,Olympique de Marseille,Paris Saint-Germain,15,0,0,0,0.1494,0.0615,0.0879,3,2,1,56,76,-20,76.79,80.26,26,30,-4,48,48,11,4,1,1,0.1494,0.0,3,0,12,14,76.5,23.5,53.01,0,3,Away Win
3837885,2023-02-26,Ligue 1,2022/2023,Olympique de Marseille,Paris Saint-Germain,30,0,2,-2,0.3078,1.0239,-0.7162,6,4,2,128,120,8,80.47,80.0,41,67,-26,109,74,22,5,1,2,0.0206,0.9625,1,2,8,28,30.17,69.83,-39.66,0,3,Away Win
3837885,2023-02-26,Ligue 1,2022/2023,Olympique de Marseille,Paris Saint-Germain,45,0,2,-2,0.3148,1.8023,-1.4875,7,8,-1,244,187,57,84.02,78.61,65,109,-44,209,123,32,14,1,4,0.007,0.5178,1,2,16,32,40.73,59.27,-18.55,0,3,Away Win
3837885,2023-02-26,Ligue 1,2022/2023,Olympique de Marseille,Paris Saint-Germain,60,0,3,-3,0.5311,2.1652,-1.6341,11,11,0,304,269,35,82.57,81.41,100,132,-32,252,188,37,17,4,7,0.021,0.3629,1,3,26,18,37.97,62.03,-24.06,0,3,Away Win
3837885,2023-02-26,Ligue 1,2022/2023,Olympique de Marseille,Paris Saint-Germain,75,0,3,-3,0.8881,2.1652,-1.2771,14,11,3,402,355,47,82.59,81.41,131,164,-33,338,252,49,24,5,11,0.0241,0.0,1,0,17,26,58.1,41.9,16.2,0,3,Away Win
3837885,2023-02-26,Ligue 1,2022/2023,Olympique de Marseille,Paris Saint-Germain,85,0,3,-3,1.0759,2.1652,-1.0893,16,11,5,451,419,32,82.26,81.86,156,186,-30,383,292,57,27,6,13,0.1877,0.0,2,0,25,22,65.34,34.66,30.68,0,3,Away Win
3837896,2023-03-04,Ligue 1,2022/2023,Paris Saint-Germain,Nantes,15,1,0,1,0.2292,0.0,0.2292,2,0,2,180,71,109,92.78,80.28,48,59,-11,169,57,7,8,6,3,0.2292,0.0,2,0,33,34,66.57,33.43,33.14,4,2,Home Win
3837896,2023-03-04,Ligue 1,2022/2023,Paris Saint-Germain,Nantes,30,2,1,1,0.3295,0.0083,0.3213,4,1,3,286,180,106,92.31,85.56,95,97,-2,267,148,20,17,9,4,0.0,0.0083,0,1,25,26,46.47,53.53,-7.06,4,2,Home Win
3837896,2023-03-04,Ligue 1,2022/2023,Paris Saint-Germain,Nantes,45,2,2,0,0.4158,0.1556,0.2602,6,5,1,438,215,223,91.1,84.65,111,140,-29,399,170,28,21,10,6,0.0182,0.1473,1,4,8,24,39.82,60.18,-20.36,4,2,Home Win
3837896,2023-03-04,Ligue 1,2022/2023,Paris Saint-Germain,Nantes,60,3,2,1,0.6317,0.1677,0.464,8,6,2,586,280,306,90.78,83.93,125,182,-57,537,229,37,28,11,7,0.2159,0.0121,2,1,10,27,54.09,45.91,8.19,4,2,Home Win
3837896,2023-03-04,Ligue 1,2022/2023,Paris Saint-Germain,Nantes,75,3,2,1,0.7519,0.1677,0.5842,11,6,5,646,310,336,90.71,84.19,139,200,-61,591,256,42,32,11,9,0.1202,0.0,3,0,14,14,72.35,27.65,44.7,4,2,Home Win
3837896,2023-03-04,Ligue 1,2022/2023,Paris Saint-Germain,Nantes,85,3,2,1,0.8666,0.3716,0.495,12,7,5,752,343,409,91.36,83.97,149,236,-87,699,286,47,34,11,11,0.1147,0.2039,1,1,10,36,48.9,51.1,-2.19,4,2,Home Win
3837902,2023-03-11,Ligue 1,2022/2023,Stade Brestois,Paris Saint-Germain,15,0,0,0,0.0866,0.3914,-0.3048,1,5,-4,55,177,-122,78.18,91.53,76,33,43,39,152,6,13,2,0,0.0866,0.3197,1,4,44,25,39.08,60.92,-21.83,1,2,Away Win
3837902,2023-03-11,Ligue 1,2022/2023,Stade Brestois,Paris Saint-Germain,30,0,0,0,0.1516,0.4486,-0.2971,2,6,-4,108,303,-195,78.7,90.43,109,59,50,76,260,12,22,4,1,0.065,0.0573,1,1,25,13,45.98,54.02,-8.04,1,2,Away Win
3837902,2023-03-11,Ligue 1,2022/2023,Stade Brestois,Paris Saint-Germain,45,1,1,0,0.4593,0.7252,-0.2658,3,9,-6,176,381,-205,80.11,90.81,147,92,55,130,324,19,30,5,2,0.3078,0.1885,1,2,22,26,46.68,53.32,-6.64,1,2,Away Win
3837902,2023-03-11,Ligue 1,2022/2023,Stade Brestois,Paris Saint-Germain,60,1,1,0,0.5821,1.1719,-0.5898,5,11,-6,269,499,-230,79.93,89.38,198,117,81,191,417,29,38,7,3,0.0758,0.4468,1,2,39,8,46.43,53.57,-7.14,1,2,Away Win
3837902,2023-03-11,Ligue 1,2022/2023,Stade Brestois,Paris Saint-Germain,75,1,1,0,0.6043,1.4146,-0.8103,6,15,-9,354,560,-206,81.36,89.82,221,141,80,247,476,34,42,7,4,0.0222,0.1878,1,3,12,12,37.5,62.5,-24.99,1,2,Away Win
3837902,2023-03-11,Ligue 1,2022/2023,Stade Brestois,Paris Saint-Germain,85,1,1,0,0.6043,1.5824,-0.9782,6,16,-10,373,632,-259,80.97,90.66,250,145,105,258,541,38,45,7,4,0.0,0.1679,0,1,29,4,45.19,54.81,-9.62,1,2,Away Win
3837918,2023-03-19,Ligue 1,2022/2023,Paris Saint-Germain,Rennes,15,0,0,0,0.0969,0.156,-0.059,1,2,-1,117,83,34,88.89,90.36,23,40,-17,102,69,7,5,2,4,0.0969,0.156,1,2,23,21,45.4,54.6,-9.2,0,2,Away Win
3837918,2023-03-19,Ligue 1,2022/2023,Paris Saint-Germain,Rennes,30,0,0,0,0.5187,0.2322,0.2865,3,3,0,228,150,78,88.6,89.33,38,78,-40,197,119,15,11,3,7,0.4218,0.0,2,0,13,27,62.68,37.32,25.36,0,2,Away Win
3837918,2023-03-19,Ligue 1,2022/2023,Paris Saint-Germain,Rennes,45,0,1,-1,0.8879,0.3561,0.5318,6,4,2,331,253,78,89.12,87.35,65,112,-47,291,199,19,16,6,9,0.2151,0.124,1,1,20,21,50.08,49.92,0.16,0,2,Away Win
3837918,2023-03-19,Ligue 1,2022/2023,Paris Saint-Germain,Rennes,60,0,2,-2,1.157,0.8788,0.2782,9,5,4,477,296,181,90.15,86.82,79,160,-81,425,231,26,20,7,11,0.2691,0.0,3,0,13,32,65.71,34.29,31.41,0,2,Away Win
3837918,2023-03-19,Ligue 1,2022/2023,Paris Saint-Germain,Rennes,75,0,2,-2,1.3214,1.2558,0.0655,12,9,3,556,382,174,89.21,86.91,104,183,-79,498,301,34,27,8,13,0.1089,0.377,2,4,18,12,38.75,61.25,-22.49,0,2,Away Win
3837918,2023-03-19,Ligue 1,2022/2023,Paris Saint-Germain,Rennes,85,0,2,-2,1.5047,1.3586,0.146,14,10,4,612,413,199,89.05,86.2,117,208,-91,548,326,38,32,10,14,0.1833,0.1028,2,1,13,25,54.09,45.91,8.18,0,2,Away Win
3837928,2023-04-02,Ligue 1,2022/2023,Paris Saint-Germain,Lyon,15,0,0,0,0.3311,0.0983,0.2329,3,1,2,155,88,67,89.68,82.95,29,65,-36,133,77,11,7,3,3,0.2082,0.0983,2,1,21,31,51.49,48.51,2.97,0,1,Away Win
3837928,2023-04-02,Ligue 1,2022/2023,Paris Saint-Germain,Lyon,30,0,0,0,0.3311,0.2335,0.0976,3,3,0,227,185,42,88.55,84.86,73,101,-28,191,168,16,13,4,5,0.0,0.0505,0,1,27,21,44.74,55.26,-10.52,0,1,Away Win
3837928,2023-04-02,Ligue 1,2022/2023,Paris Saint-Germain,Lyon,45,0,0,0,0.4137,1.4578,-1.0441,6,5,1,327,232,95,86.85,82.33,98,159,-61,282,211,30,21,6,9,0.0826,1.2243,3,2,18,45,41.3,58.7,-17.4,0,1,Away Win
3837928,2023-04-02,Ligue 1,2022/2023,Paris Saint-Germain,Lyon,60,0,1,-1,0.7665,1.9013,-1.1348,9,8,1,474,284,190,87.76,83.1,123,233,-110,407,267,38,32,8,14,0.3164,0.4435,2,3,18,34,39.72,60.28,-20.57,0,1,Away Win
3837928,2023-04-02,Ligue 1,2022/2023,Paris Saint-Germain,Lyon,75,0,1,-1,0.8473,2.269,-1.4216,11,10,1,592,350,242,87.16,83.14,157,293,-136,519,329,53,41,9,18,0.0808,0.3677,2,2,28,26,51.09,48.91,2.18,0,1,Away Win
3837928,2023-04-02,Ligue 1,2022/2023,Paris Saint-Germain,Lyon,85,0,1,-1,0.9528,2.269,-1.3162,14,10,4,676,430,246,87.43,83.26,195,328,-133,591,403,61,44,11,22,0.1054,0.0,3,0,38,35,63.12,36.88,26.24,0,1,Away Win
3837938,2023-04-08,Ligue 1,2022/2023,OGC Nice,Paris Saint-Germain,15,0,0,0,0.0591,0.1875,-0.1284,2,5,-3,113,157,-44,90.27,90.45,38,22,16,103,147,7,9,2,1,0.0591,0.0749,2,3,18,18,48.51,51.49,-2.99,0,2,Away Win
3837938,2023-04-08,Ligue 1,2022/2023,OGC Nice,Paris Saint-Germain,30,0,1,-1,0.0867,0.4271,-0.3405,3,7,-4,210,275,-65,88.57,91.64,69,43,26,189,253,18,12,3,2,0.0,0.2397,0,2,23,12,42.42,57.58,-15.15,0,2,Away Win
3837938,2023-04-08,Ligue 1,2022/2023,OGC Nice,Paris Saint-Germain,45,0,1,-1,0.705,0.4778,0.2272,7,8,-1,319,433,-114,88.09,92.38,122,69,53,291,394,28,19,5,5,0.5525,0.0507,3,1,34,14,64.88,35.12,29.76,0,2,Away Win
3837938,2023-04-08,Ligue 1,2022/2023,OGC Nice,Paris Saint-Germain,60,0,1,-1,1.0151,0.6119,0.4032,15,10,5,415,523,-108,88.92,92.73,156,107,49,381,478,39,23,6,5,0.122,0.1341,4,2,20,25,58.31,41.69,16.62,0,2,Away Win
3837938,2023-04-08,Ligue 1,2022/2023,OGC Nice,Paris Saint-Germain,75,0,2,-2,1.1153,0.7724,0.343,17,13,4,479,644,-165,88.73,92.86,200,124,76,437,591,42,30,7,5,0.1002,0.1129,2,2,30,11,53.42,46.58,6.83,0,2,Away Win
3837938,2023-04-08,Ligue 1,2022/2023,OGC Nice,Paris Saint-Germain,85,0,2,-2,1.2353,0.7724,0.4629,20,13,7,553,700,-147,87.88,92.43,225,143,82,501,640,50,33,8,6,0.12,0.0,3,0,25,19,70.62,29.38,41.24,0,2,Away Win
3837947,2023-04-15,Ligue 1,2022/2023,Paris Saint-Germain,Lens,15,0,0,0,0.0758,0.1776,-0.1018,1,2,-1,130,97,33,93.85,76.29,31,45,-14,115,68,6,12,4,0,0.0758,0.0312,1,1,20,32,50.96,49.04,1.91,3,1,Home Win
3837947,2023-04-15,Ligue 1,2022/2023,Paris Saint-Germain,Lens,30,1,0,1,0.4296,0.1776,0.252,5,2,3,207,195,12,94.69,84.1,65,68,-3,182,143,12,17,5,0,0.3538,0.0,4,0,24,18,74.37,25.63,48.73,3,1,Home Win
3837947,2023-04-15,Ligue 1,2022/2023,Paris Saint-Germain,Lens,45,3,0,3,0.7566,0.5165,0.2401,9,5,4,325,296,29,95.08,86.82,97,95,2,286,229,16,23,7,0,0.3015,0.1258,3,1,22,15,59.49,40.51,18.98,3,1,Home Win
3837947,2023-04-15,Ligue 1,2022/2023,Paris Saint-Germain,Lens,60,3,1,2,0.7566,1.4052,-0.6486,9,8,1,458,350,108,94.76,85.71,116,130,-14,398,270,19,27,7,0,0.0,0.8887,0,3,10,18,26.51,73.49,-46.97,3,1,Home Win
3837947,2023-04-15,Ligue 1,2022/2023,Paris Saint-Germain,Lens,75,3,1,2,0.986,1.6391,-0.6531,11,13,-2,595,422,173,93.78,84.83,150,166,-16,517,333,30,38,9,1,0.2294,0.1556,2,4,15,23,44.27,55.73,-11.46,3,1,Home Win
3837947,2023-04-15,Ligue 1,2022/2023,Paris Saint-Germain,Lens,85,3,1,2,1.2689,1.6391,-0.3702,12,13,-1,712,437,275,93.54,84.67,159,191,-32,617,347,34,42,9,6,0.2829,0.0,1,0,9,25,66.72,33.28,33.43,3,1,Home Win
3837954,2023-04-21,Ligue 1,2022/2023,Angers,Paris Saint-Germain,15,0,1,-1,0.2011,0.4466,-0.2456,2,1,1,51,169,-118,78.43,92.9,53,26,27,45,143,7,8,4,2,0.0656,0.4466,1,1,33,16,45.61,54.39,-8.78,1,2,Away Win
3837954,2023-04-21,Ligue 1,2022/2023,Angers,Paris Saint-Germain,30,0,2,-2,0.2011,1.5599,-1.3588,2,4,-2,135,309,-174,82.96,93.2,92,53,39,124,247,18,10,7,4,0.0,0.9204,0,2,20,20,33.49,66.51,-33.02,1,2,Away Win
3837954,2023-04-21,Ligue 1,2022/2023,Angers,Paris Saint-Germain,45,0,2,-2,0.4141,1.6972,-1.283,7,6,1,228,421,-193,84.21,90.26,139,77,62,208,319,33,18,10,6,0.1369,0.1373,3,2,38,13,60.47,39.53,20.94,1,2,Away Win
3837954,2023-04-21,Ligue 1,2022/2023,Angers,Paris Saint-Germain,60,0,2,-2,0.6424,1.7958,-1.1534,10,7,3,310,563,-253,86.13,91.65,190,100,90,279,426,40,22,11,7,0.1052,0.0986,1,1,37,16,54.77,45.23,9.55,1,2,Away Win
3837954,2023-04-21,Ligue 1,2022/2023,Angers,Paris Saint-Germain,75,0,2,-2,0.841,1.8172,-0.9762,15,8,7,387,701,-314,86.3,91.73,229,119,110,346,518,48,23,14,8,0.1604,0.0215,4,1,23,10,68.31,31.69,36.62,1,2,Away Win
3837954,2023-04-21,Ligue 1,2022/2023,Angers,Paris Saint-Germain,85,0,2,-2,0.841,1.9138,-1.0728,15,10,5,433,842,-409,86.37,92.28,265,125,140,385,632,51,30,14,9,0.0,0.0966,0,2,36,6,40.68,59.32,-18.65,1,2,Away Win
3837963,2023-04-30,Ligue 1,2022/2023,Paris Saint-Germain,Lorient,15,0,1,-1,0.4613,0.4706,-0.0094,3,2,1,112,131,-19,92.86,93.13,28,30,-2,100,111,5,5,2,2,0.4613,0.4706,3,2,19,13,54.53,45.47,9.06,1,3,Away Win
3837963,2023-04-30,Ligue 1,2022/2023,Paris Saint-Germain,Lorient,30,1,1,0,1.4329,0.4706,0.9623,5,2,3,202,184,18,91.09,90.76,43,56,-13,172,158,10,10,4,7,0.9717,0.0,2,0,11,11,76.97,23.03,53.94,1,3,Away Win
3837963,2023-04-30,Ligue 1,2022/2023,Paris Saint-Germain,Lorient,45,1,2,-1,1.4722,1.0014,0.4708,6,6,0,318,276,42,92.45,90.22,69,88,-19,273,244,14,21,7,9,0.0393,0.5022,1,3,13,22,33.37,66.63,-33.25,1,3,Away Win
3837963,2023-04-30,Ligue 1,2022/2023,Paris Saint-Germain,Lorient,60,1,2,-1,1.7111,1.0014,0.7097,10,6,4,433,349,84,91.45,89.97,98,127,-29,371,304,21,25,9,14,0.2389,0.0,4,0,16,26,70.92,29.08,41.84,1,3,Away Win
3837963,2023-04-30,Ligue 1,2022/2023,Paris Saint-Germain,Lorient,75,1,2,-1,1.9842,1.3915,0.5927,13,9,4,525,447,78,90.67,89.26,120,159,-39,452,380,28,33,13,19,0.2274,0.3901,2,3,15,24,39.31,60.69,-21.38,1,3,Away Win
3837963,2023-04-30,Ligue 1,2022/2023,Paris Saint-Germain,Lorient,85,1,2,-1,1.9842,1.7614,0.2227,13,10,3,568,498,70,89.79,88.96,131,176,-45,491,424,35,37,13,20,0.0,0.3699,0,1,11,17,33.13,66.87,-33.74,1,3,Away Win
3837987,2023-05-13,Ligue 1,2022/2023,Paris Saint-Germain,AC Ajaccio,15,0,0,0,0.2695,0.0364,0.2331,3,1,2,172,53,119,93.6,84.91,18,46,-28,139,39,4,5,0,0,0.2695,0.0364,3,1,11,28,60.99,39.01,21.98,5,0,Home Win
3837987,2023-05-13,Ligue 1,2022/2023,Paris Saint-Germain,AC Ajaccio,30,1,0,1,0.7553,0.0364,0.7189,5,1,4,288,118,170,91.32,81.36,48,93,-45,240,91,15,14,1,1,0.4858,0.0,2,0,24,34,62.96,37.04,25.92,5,0,Home Win
3837987,2023-05-13,Ligue 1,2022/2023,Paris Saint-Germain,AC Ajaccio,45,2,0,2,1.4315,0.0364,1.3951,9,1,8,405,164,241,90.62,81.71,74,142,-68,344,131,24,23,3,3,0.1588,0.0,2,0,23,38,59.59,40.41,19.17,5,0,Home Win
3837987,2023-05-13,Ligue 1,2022/2023,Paris Saint-Germain,AC Ajaccio,60,4,0,4,1.9235,0.1473,1.7762,13,4,9,541,229,312,90.39,80.35,92,189,-97,452,171,35,31,4,9,0.1849,0.1109,2,3,11,24,45.42,54.58,-9.16,5,0,Home Win
3837987,2023-05-13,Ligue 1,2022/2023,Paris Saint-Germain,AC Ajaccio,75,5,0,5,1.9989,0.2256,1.7733,14,5,9,694,264,430,90.49,79.55,105,246,-141,581,194,46,38,4,11,0.0754,0.0783,1,1,7,38,48.22,51.78,-3.57,5,0,Home Win
3837987,2023-05-13,Ligue 1,2022/2023,Paris Saint-Germain,AC Ajaccio,85,5,0,5,1.9989,0.3031,1.6957,14,7,7,737,281,456,90.64,79.36,108,257,-149,616,209,46,42,4,11,0.0,0.0775,0,2,3,11,25.35,74.65,-49.3,5,0,Home Win
3837998,2023-05-21,Ligue 1,2022/2023,Auxerre,Paris Saint-Germain,15,0,2,-2,0.0622,0.2093,-0.1471,1,2,-1,61,158,-97,78.69,92.41,28,18,10,46,119,4,4,0,2,0.0,0.1193,0,1,13,2,25.6,74.4,-48.8,1,2,Away Win
3837998,2023-05-21,Ligue 1,2022/2023,Auxerre,Paris Saint-Germain,30,0,2,-2,0.2022,0.3861,-0.1839,3,4,-1,139,307,-168,84.17,92.51,57,52,5,112,241,8,12,0,3,0.1042,0.1769,1,2,15,25,37.8,62.2,-24.39,1,2,Away Win
3837998,2023-05-21,Ligue 1,2022/2023,Auxerre,Paris Saint-Germain,45,0,2,-2,0.3251,0.5935,-0.2683,6,6,0,225,398,-173,83.56,90.95,86,77,9,187,310,19,18,1,3,0.0936,0.2073,2,2,21,16,52.08,47.92,4.17,1,2,Away Win
3837998,2023-05-21,Ligue 1,2022/2023,Auxerre,Paris Saint-Germain,60,1,2,-1,0.5756,0.8764,-0.3008,9,8,1,279,528,-249,84.59,91.48,119,90,29,236,416,22,19,4,4,0.0,0.283,0,2,25,6,31.75,68.25,-36.51,1,2,Away Win
3837998,2023-05-21,Ligue 1,2022/2023,Auxerre,Paris Saint-Germain,75,1,2,-1,0.7859,1.0671,-0.2811,11,11,0,394,631,-237,85.53,91.44,141,117,24,332,500,28,25,5,5,0.2103,0.0817,2,1,16,19,57.37,42.63,14.74,1,2,Away Win
3837998,2023-05-21,Ligue 1,2022/2023,Auxerre,Paris Saint-Germain,85,1,2,-1,0.7859,1.0671,-0.2811,11,11,0,435,702,-267,85.75,91.17,153,128,25,366,567,33,29,5,6,0.0,0.0,0,0,12,11,42.98,57.02,-14.04,1,2,Away Win
3838004,2023-05-27,Ligue 1,2022/2023,Strasbourg,Paris Saint-Germain,15,0,0,0,0.0501,0.0,0.0501,2,0,2,75,187,-112,88.0,95.72,58,21,37,62,180,2,6,5,0,0.0501,0.0,2,0,22,13,57.76,42.24,15.52,1,1,Draw
3838004,2023-05-27,Ligue 1,2022/2023,Strasbourg,Paris Saint-Germain,30,0,0,0,0.2985,0.1532,0.1453,6,2,4,137,288,-151,89.05,94.79,90,55,35,122,274,7,16,5,0,0.2,0.1532,3,2,26,17,51.33,48.67,2.66,1,1,Draw
3838004,2023-05-27,Ligue 1,2022/2023,Strasbourg,Paris Saint-Germain,45,0,0,0,0.3467,0.2859,0.0608,7,4,3,184,438,-254,86.41,95.21,146,64,82,153,405,9,22,5,1,0.0482,0.1327,1,2,42,6,48.36,51.64,-3.27,1,1,Draw
3838004,2023-05-27,Ligue 1,2022/2023,Strasbourg,Paris Saint-Germain,60,0,1,-1,0.3856,0.5285,-0.1429,8,6,2,241,553,-312,87.55,94.39,187,90,97,205,501,12,27,8,1,0.0,0.2426,0,2,26,10,36.27,63.73,-27.47,1,1,Draw
3838004,2023-05-27,Ligue 1,2022/2023,Strasbourg,Paris Saint-Germain,75,0,1,-1,0.672,0.9099,-0.2379,14,7,7,293,652,-359,87.37,94.33,236,112,124,252,595,18,34,9,2,0.2321,0.3815,4,1,32,14,61.97,38.03,23.94,1,1,Draw
3838004,2023-05-27,Ligue 1,2022/2023,Strasbourg,Paris Saint-Germain,85,1,1,0,1.323,0.9099,0.413,16,7,9,381,697,-316,88.98,94.12,255,124,131,323,636,20,35,10,2,0.6509,0.0,2,0,19,12,76.79,23.21,53.58,1,1,Draw
3838017,2023-06-03,Ligue 1,2022/2023,Paris Saint-Germain,Clermont Foot,15,1,0,1,0.3531,0.0749,0.2782,4,2,2,132,105,27,91.67,87.62,27,36,-9,125,97,5,10,3,4,0.3531,0.0236,4,1,13,29,62.49,37.51,24.98,2,3,Away Win
3838017,2023-06-03,Ligue 1,2022/2023,Paris Saint-Germain,Clermont Foot,30,2,1,1,1.1939,1.025,0.1688,6,5,1,213,180,33,91.08,87.22,45,65,-20,197,163,8,15,5,8,0.0573,0.9501,1,3,15,26,32.86,67.14,-34.28,2,3,Away Win
3838017,2023-06-03,Ligue 1,2022/2023,Paris Saint-Germain,Clermont Foot,45,2,2,0,1.5157,2.6812,-1.1655,10,9,1,293,265,28,90.78,85.28,62,99,-37,277,239,16,24,7,11,0.0943,1.6561,2,4,11,23,29.77,70.23,-40.45,2,3,Away Win
3838017,2023-06-03,Ligue 1,2022/2023,Paris Saint-Germain,Clermont Foot,60,2,2,0,1.9129,2.7047,-0.7917,14,10,4,395,364,31,90.89,86.81,85,138,-53,372,329,22,31,7,13,0.3381,0.0235,3,1,15,29,56.32,43.68,12.65,2,3,Away Win
3838017,2023-06-03,Ligue 1,2022/2023,Paris Saint-Germain,Clermont Foot,75,2,3,-1,1.9129,3.3718,-1.4589,14,12,2,518,428,90,91.12,86.92,106,174,-68,487,391,26,36,7,16,0.0,0.2227,0,1,13,23,40.08,59.92,-19.83,2,3,Away Win
3838017,2023-06-03,Ligue 1,2022/2023,Paris Saint-Germain,Clermont Foot,85,2,3,-1,1.9597,3.3718,-1.4121,15,12,3,550,483,67,90.36,86.96,118,181,-63,512,437,27,39,8,16,0.0468,0.0,1,0,12,7,58.53,41.47,17.06,2,3,Away Win
3895052,2023-08-19,1. Bundesliga,2023/2024,Bayer Leverkusen,RB Leipzig,15,0,0,0,0.0594,0.1043,-0.0449,2,3,-1,112,121,-9,87.5,83.47,32,31,1,84,104,10,9,1,3,0.0387,0.1043,1,3,19,23,41.32,58.68,-17.36,3,2,Home Win
3895052,2023-08-19,1. Bundesliga,2023/2024,Bayer Leverkusen,RB Leipzig,30,1,0,1,0.551,0.2111,0.3399,3,5,-2,210,184,26,89.05,82.61,47,64,-17,170,160,16,17,4,5,0.4915,0.0158,1,1,12,16,54.17,45.83,8.34,3,2,Home Win
3895052,2023-08-19,1. Bundesliga,2023/2024,Bayer Leverkusen,RB Leipzig,45,2,1,1,0.968,0.3035,0.6645,6,6,0,282,277,5,87.23,82.67,63,92,-29,218,234,23,23,5,7,0.1323,0.0925,1,1,12,19,43.07,56.93,-13.85,3,2,Home Win
3895052,2023-08-19,1. Bundesliga,2023/2024,Bayer Leverkusen,RB Leipzig,60,2,1,1,1.3161,0.3527,0.9634,8,7,1,378,385,-7,85.71,83.9,81,125,-44,295,328,28,26,7,8,0.0428,0.0,1,0,12,23,50.73,49.27,1.45,3,2,Home Win
3895052,2023-08-19,1. Bundesliga,2023/2024,Bayer Leverkusen,RB Leipzig,75,3,2,1,1.4604,1.3468,0.1137,9,10,-1,404,439,-35,84.16,84.05,91,142,-51,313,374,34,31,8,9,0.0,0.994,0,3,8,8,12.23,87.77,-75.54,3,2,Home Win
3895052,2023-08-19,1. Bundesliga,2023/2024,Bayer Leverkusen,RB Leipzig,85,3,2,1,1.4604,1.7118,-0.2514,9,13,-4,449,539,-90,83.07,85.53,107,162,-55,348,471,39,41,10,12,0.0,0.3651,0,3,16,20,23.29,76.71,-53.42,3,2,Home Win
3895060,2023-08-26,1. Bundesliga,2023/2024,Borussia Mönchengladbach,Bayer Leverkusen,15,0,0,0,0.0,0.1121,-0.1121,0,1,-1,69,114,-45,73.91,85.09,29,9,20,39,100,6,7,2,0,0.0,0.1121,0,1,15,3,37.36,62.64,-25.27,0,3,Away Win
3895060,2023-08-26,1. Bundesliga,2023/2024,Borussia Mönchengladbach,Bayer Leverkusen,30,0,1,-1,0.0656,0.5621,-0.4966,1,6,-5,119,243,-124,71.43,86.42,70,20,50,66,208,12,16,2,0,0.0656,0.2371,1,4,32,10,38.62,61.38,-22.76,0,3,Away Win
3895060,2023-08-26,1. Bundesliga,2023/2024,Borussia Mönchengladbach,Bayer Leverkusen,45,0,1,-1,0.3269,1.0859,-0.759,2,13,-11,191,400,-209,75.39,88.75,107,31,76,121,358,17,26,3,2,0.2614,0.3877,1,4,18,9,35.58,64.42,-28.83,0,3,Away Win
3895060,2023-08-26,1. Bundesliga,2023/2024,Borussia Mönchengladbach,Bayer Leverkusen,60,0,3,-3,0.4698,2.272,-1.8023,6,21,-15,313,509,-196,79.23,88.8,138,48,90,215,460,27,38,5,8,0.0857,0.5936,2,5,12,7,38.08,61.92,-23.84,0,3,Away Win
3895060,2023-08-26,1. Bundesliga,2023/2024,Borussia Mönchengladbach,Bayer Leverkusen,75,0,3,-3,0.7623,2.3737,-1.6114,10,22,-12,390,637,-247,80.26,89.32,164,67,97,276,581,34,41,9,10,0.2306,0.1017,3,1,20,15,56.33,43.67,12.66,0,3,Away Win
3895060,2023-08-26,1. Bundesliga,2023/2024,Borussia Mönchengladbach,Bayer Leverkusen,85,0,3,-3,0.7693,2.6903,-1.9209,11,23,-12,466,679,-213,82.62,88.95,179,80,99,345,615,40,46,10,10,0.007,0.3165,1,1,15,13,52.32,47.68,4.64,0,3,Away Win
3877060,2023-08-27,Major League Soccer,2023,New York Red Bulls,Inter Miami,15,0,0,0,0.0,0.0,0.0,0,0,0,68,112,-44,72.06,86.61,42,35,7,51,101,8,8,1,2,0.0,0.0,0,0,19,18,42.2,57.8,-15.59,0,2,Away Win
3877060,2023-08-27,Major League Soccer,2023,New York Red Bulls,Inter Miami,30,0,0,0,0.1154,0.0808,0.0346,3,1,2,132,182,-50,74.24,84.07,71,64,7,107,157,18,18,3,4,0.0081,0.0808,1,1,24,11,52.53,47.47,5.07,0,2,Away Win
3877060,2023-08-27,Major League Soccer,2023,New York Red Bulls,Inter Miami,45,0,1,-1,0.4465,0.2597,0.1868,5,3,2,203,244,-41,77.34,82.38,95,90,5,170,212,26,28,3,6,0.0509,0.1789,1,2,19,15,41.11,58.89,-17.79,0,2,Away Win
3877060,2023-08-27,Major League Soccer,2023,New York Red Bulls,Inter Miami,60,0,1,-1,1.0045,0.4218,0.5827,11,4,7,299,305,-6,77.93,81.31,122,121,1,252,252,40,38,4,9,0.2932,0.1621,3,1,21,21,63.23,36.77,26.47,0,2,Away Win
3877060,2023-08-27,Major League Soccer,2023,New York Red Bulls,Inter Miami,75,0,1,-1,1.0266,0.4218,0.6049,12,4,8,388,404,-16,79.12,81.44,156,153,3,325,317,49,42,5,13,0.0,0.0,0,0,29,20,51.97,48.03,3.94,0,2,Away Win
3877060,2023-08-27,Major League Soccer,2023,New York Red Bulls,Inter Miami,85,0,1,-1,1.0266,0.4218,0.6049,12,4,8,455,460,-5,80.0,82.39,172,168,4,388,359,53,46,7,14,0.0,0.0,0,0,16,15,54.81,45.19,9.62,0,2,Away Win
3877072,2023-08-31,Major League Soccer,2023,Inter Miami,Nashville SC,15,0,0,0,0.0,0.169,-0.169,0,3,-3,148,51,97,93.24,84.31,15,34,-19,126,36,5,5,0,1,0.0,0.169,0,3,7,22,33.75,66.25,-32.51,0,0,Draw
3877072,2023-08-31,Major League Soccer,2023,Inter Miami,Nashville SC,30,0,0,0,0.0925,0.169,-0.0765,1,3,-2,250,118,132,90.8,77.12,45,55,-10,202,83,11,14,5,1,0.0925,0.0,1,0,24,21,63.89,36.11,27.79,0,0,Draw
3877072,2023-08-31,Major League Soccer,2023,Inter Miami,Nashville SC,45,0,0,0,0.2706,0.2859,-0.0154,3,5,-2,391,154,237,92.07,77.27,56,81,-25,317,103,15,18,7,1,0.0887,0.055,1,1,10,19,55.38,44.62,10.76,0,0,Draw
3877072,2023-08-31,Major League Soccer,2023,Inter Miami,Nashville SC,60,0,0,0,0.4145,0.2859,0.1285,6,5,1,517,205,312,90.91,76.59,84,103,-19,423,133,22,21,10,3,0.1439,0.0,3,0,14,11,80.68,19.32,61.36,0,0,Draw
3877072,2023-08-31,Major League Soccer,2023,Inter Miami,Nashville SC,75,0,0,0,0.5285,0.4929,0.0356,9,6,3,636,265,371,90.09,78.11,107,135,-28,509,187,27,31,12,4,0.0882,0.0,2,0,10,18,66.04,33.96,32.08,0,0,Draw
3877072,2023-08-31,Major League Soccer,2023,Inter Miami,Nashville SC,85,0,0,0,0.5732,0.5504,0.0228,10,7,3,691,296,395,90.45,79.05,117,146,-29,555,213,29,35,12,6,0.0447,0.0575,1,1,10,11,52.78,47.22,5.56,0,0,Draw
3895067,2023-09-02,1. Bundesliga,2023/2024,Bayer Leverkusen,Darmstadt 98,15,0,0,0,0.2702,0.0307,0.2396,3,1,2,163,60,103,88.96,73.33,13,39,-26,141,49,7,6,3,5,0.246,0.0307,2,1,11,25,57.38,42.62,14.76,5,1,Home Win
3895067,2023-09-02,1. Bundesliga,2023/2024,Bayer Leverkusen,Darmstadt 98,30,1,1,0,0.6428,0.5429,0.0998,6,3,3,245,99,146,88.57,72.73,22,57,-35,214,78,16,12,3,8,0.0,0.4379,0,1,3,9,33.95,66.05,-32.1,5,1,Home Win
3895067,2023-09-02,1. Bundesliga,2023/2024,Bayer Leverkusen,Darmstadt 98,45,1,1,0,1.2398,0.5429,0.6968,14,3,11,390,136,254,88.97,66.91,38,83,-45,346,103,31,17,3,11,0.2386,0.0,4,0,10,20,77.24,22.76,54.49,5,1,Home Win
3895067,2023-09-02,1. Bundesliga,2023/2024,Bayer Leverkusen,Darmstadt 98,60,3,1,2,1.712,0.5653,1.1467,16,4,12,572,190,382,88.81,67.37,49,117,-68,516,144,42,24,5,15,0.4024,0.0223,1,1,8,18,61.03,38.97,22.05,5,1,Home Win
3895067,2023-09-02,1. Bundesliga,2023/2024,Bayer Leverkusen,Darmstadt 98,75,4,1,3,1.9364,0.5653,1.3712,20,4,16,676,245,431,89.35,68.57,69,136,-67,616,182,52,29,5,16,0.1393,0.0,3,0,13,16,74.28,25.72,48.56,5,1,Home Win
3895067,2023-09-02,1. Bundesliga,2023/2024,Bayer Leverkusen,Darmstadt 98,85,5,1,4,2.5684,0.5792,1.9892,22,5,17,752,285,467,89.63,70.53,80,150,-70,692,213,59,32,6,20,0.632,0.0139,2,1,11,14,67.71,32.29,35.42,5,1,Home Win
3877090,2023-09-04,Major League Soccer,2023,LAFC,Inter Miami,15,0,1,-1,0.4085,0.0298,0.3786,4,1,3,69,106,-37,71.01,79.25,36,20,16,52,82,15,13,2,4,0.3856,0.0298,3,1,23,14,63.5,36.5,27.0,1,3,Away Win
3877090,2023-09-04,Major League Soccer,2023,LAFC,Inter Miami,30,0,1,-1,0.9289,0.116,0.8129,7,3,4,148,207,-59,75.68,81.64,66,48,18,121,153,29,26,7,7,0.1458,0.0576,2,1,23,23,56.77,43.23,13.54,1,3,Away Win
3877090,2023-09-04,Major League Soccer,2023,LAFC,Inter Miami,45,0,1,-1,1.0245,0.6289,0.3956,10,4,6,202,290,-88,76.73,81.38,94,71,23,165,212,34,35,14,9,0.0956,0.5129,3,1,19,15,54.35,45.65,8.69,1,3,Away Win
3877090,2023-09-04,Major League Soccer,2023,LAFC,Inter Miami,60,0,2,-2,1.3426,1.3246,0.018,14,7,7,279,353,-74,76.7,82.15,122,96,26,213,266,39,44,14,11,0.3181,0.1815,4,1,16,22,64.06,35.94,28.13,1,3,Away Win
3877090,2023-09-04,Major League Soccer,2023,LAFC,Inter Miami,75,0,2,-2,1.5013,1.3708,0.1305,16,8,8,363,400,-37,79.34,81.75,145,125,20,289,307,50,50,14,12,0.1586,0.0461,2,1,10,19,60.3,39.7,20.6,1,3,Away Win
3877090,2023-09-04,Major League Soccer,2023,LAFC,Inter Miami,85,0,3,-3,1.5863,1.7876,-0.2013,18,9,9,391,420,-29,79.28,81.19,151,131,20,309,320,52,52,15,12,0.085,0.4168,2,1,6,6,52.84,47.16,5.68,1,3,Away Win
3895074,2023-09-15,1. Bundesliga,2023/2024,Bayern Munich,Bayer Leverkusen,15,1,0,1,0.6064,0.0,0.6064,4,0,4,133,70,63,87.97,74.29,21,30,-9,107,57,9,6,4,2,0.4335,0.0,2,0,11,19,70.45,29.55,40.89,2,2,Draw
3895074,2023-09-15,1. Bundesliga,2023/2024,Bayern Munich,Bayer Leverkusen,30,1,1,0,0.6064,0.1638,0.4426,4,3,1,253,160,93,86.96,82.5,46,48,-2,189,146,16,17,5,6,0.0,0.1638,0,3,14,11,34.9,65.1,-30.2,2,2,Draw
3895074,2023-09-15,1. Bundesliga,2023/2024,Bayern Munich,Bayer Leverkusen,45,1,1,0,1.3686,0.4121,0.9564,12,6,6,358,273,85,85.75,84.62,81,77,4,269,257,27,32,8,6,0.5666,0.1153,6,1,24,20,65.77,34.23,31.54,2,2,Draw
3895074,2023-09-15,1. Bundesliga,2023/2024,Bayern Munich,Bayer Leverkusen,60,1,1,0,1.8766,0.4156,1.461,14,7,7,457,378,79,85.56,84.66,119,107,12,349,345,33,42,13,10,0.508,0.0,2,0,24,18,65.83,34.17,31.65,2,2,Draw
3895074,2023-09-15,1. Bundesliga,2023/2024,Bayern Munich,Bayer Leverkusen,75,1,1,0,1.9281,0.4156,1.5125,15,7,8,535,477,58,86.36,85.74,145,126,19,417,426,39,46,15,12,0.0,0.0,0,0,15,11,50.14,49.86,0.27,2,2,Draw
3895074,2023-09-15,1. Bundesliga,2023/2024,Bayern Munich,Bayer Leverkusen,85,2,1,1,2.2095,1.1876,1.0219,16,11,5,600,545,55,86.67,86.79,169,136,33,475,484,46,52,16,14,0.2814,0.772,1,4,24,10,39.8,60.2,-20.4,2,2,Draw
3877115,2023-09-21,Major League Soccer,2023,Inter Miami,Toronto FC,15,0,0,0,0.2088,0.4703,-0.2614,2,3,-1,114,110,4,87.72,89.09,40,32,8,91,103,10,9,2,3,0.0611,0.4703,1,3,27,14,40.12,59.88,-19.77,4,0,Home Win
3877115,2023-09-21,Major League Soccer,2023,Inter Miami,Toronto FC,30,0,0,0,0.4988,0.507,-0.0082,5,4,1,212,173,39,88.68,86.71,63,59,4,160,161,19,15,2,5,0.1602,0.0367,1,1,16,13,56.78,43.22,13.56,4,0,Home Win
3877115,2023-09-21,Major League Soccer,2023,Inter Miami,Toronto FC,45,0,0,0,0.4988,0.507,-0.0082,5,4,1,264,272,-8,87.5,88.24,80,75,5,204,254,23,23,5,6,0.0,0.0,0,0,10,10,34.85,65.15,-30.29,4,0,Home Win
3877115,2023-09-21,Major League Soccer,2023,Inter Miami,Toronto FC,60,2,0,2,0.6832,0.7189,-0.0358,8,6,2,450,365,85,87.78,87.4,117,117,0,339,340,35,36,7,8,0.0765,0.0836,1,1,24,27,50.26,49.74,0.52,4,0,Home Win
3877115,2023-09-21,Major League Soccer,2023,Inter Miami,Toronto FC,75,3,0,3,0.8614,0.7438,0.1176,10,7,3,545,428,117,88.07,87.62,142,145,-3,419,394,41,39,9,11,0.1782,0.0,2,0,22,23,63.76,36.24,27.52,4,0,Home Win
3877115,2023-09-21,Major League Soccer,2023,Inter Miami,Toronto FC,85,3,0,3,0.9549,0.7802,0.1747,12,8,4,673,461,212,89.0,88.07,157,166,-9,523,430,46,40,10,15,0.0935,0.0364,2,1,15,21,63.4,36.6,26.81,4,0,Home Win
3895086,2023-09-24,1. Bundesliga,2023/2024,Bayer Leverkusen,FC Heidenheim,15,1,0,1,0.6051,0.0,0.6051,4,0,4,184,45,139,91.3,64.44,15,50,-35,145,33,8,6,1,1,0.4227,0.0,1,0,11,25,68.37,31.63,36.74,4,1,Home Win
3895086,2023-09-24,1. Bundesliga,2023/2024,Bayer Leverkusen,FC Heidenheim,30,1,0,1,0.8102,0.0,0.8102,7,0,7,326,96,230,91.1,68.75,31,96,-65,255,72,19,15,1,3,0.2051,0.0,3,0,11,30,66.59,33.41,33.18,4,1,Home Win
3895086,2023-09-24,1. Bundesliga,2023/2024,Bayer Leverkusen,FC Heidenheim,45,1,0,1,2.174,0.2465,1.9275,14,1,13,447,162,285,89.93,73.46,57,128,-71,351,129,34,21,2,4,1.2818,0.2465,5,1,17,17,73.67,26.33,47.34,4,1,Home Win
3895086,2023-09-24,1. Bundesliga,2023/2024,Bayer Leverkusen,FC Heidenheim,60,1,1,0,2.2996,0.3268,1.9729,16,2,14,631,207,424,90.33,71.98,75,177,-102,497,160,44,26,3,6,0.1257,0.0803,2,1,10,44,54.21,45.79,8.42,4,1,Home Win
3895086,2023-09-24,1. Bundesliga,2023/2024,Bayer Leverkusen,FC Heidenheim,75,3,1,2,3.5916,0.3268,3.2648,19,2,17,714,263,451,90.2,72.62,87,201,-114,565,197,50,28,3,7,0.8912,0.0,2,0,7,18,69.16,30.84,38.33,4,1,Home Win
3895086,2023-09-24,1. Bundesliga,2023/2024,Bayer Leverkusen,FC Heidenheim,85,4,1,3,3.7084,0.3268,3.3816,21,2,19,757,305,452,90.09,73.44,97,218,-121,596,230,56,31,3,8,0.1168,0.0,2,0,10,17,62.8,37.2,25.59,4,1,Home Win
3895095,2023-09-30,1. Bundesliga,2023/2024,FSV Mainz 05,Bayer Leverkusen,15,0,0,0,0.0111,0.0463,-0.0353,1,1,0,73,86,-13,71.23,89.53,32,31,1,49,75,5,8,3,1,0.0,0.0463,0,1,21,24,40.97,59.03,-18.06,0,3,Away Win
3895095,2023-09-30,1. Bundesliga,2023/2024,FSV Mainz 05,Bayer Leverkusen,30,0,1,-1,0.1165,0.0463,0.0701,4,1,3,140,171,-31,76.43,87.72,56,60,-4,103,140,14,19,4,2,0.1054,0.0,3,0,13,19,63.12,36.88,26.24,0,3,Away Win
3895095,2023-09-30,1. Bundesliga,2023/2024,FSV Mainz 05,Bayer Leverkusen,45,0,1,-1,0.1712,0.0463,0.1248,5,1,4,236,346,-110,78.39,89.31,90,97,-7,181,284,23,27,9,3,0.0,0.0,0,0,20,30,42.01,57.99,-15.99,0,3,Away Win
3895095,2023-09-30,1. Bundesliga,2023/2024,FSV Mainz 05,Bayer Leverkusen,60,0,2,-2,0.2942,0.129,0.1651,7,2,5,329,439,-110,78.42,87.24,121,132,-11,248,356,30,35,11,4,0.123,0.0827,2,1,15,22,52.39,47.61,4.79,0,3,Away Win
3895095,2023-09-30,1. Bundesliga,2023/2024,FSV Mainz 05,Bayer Leverkusen,75,0,3,-3,0.2942,0.7419,-0.4477,7,4,3,390,568,-178,79.23,88.2,145,149,-4,293,450,34,38,13,6,0.0,0.4886,0,1,17,11,28.71,71.29,-42.58,0,3,Away Win
3895095,2023-09-30,1. Bundesliga,2023/2024,FSV Mainz 05,Bayer Leverkusen,85,0,3,-3,0.3813,0.7937,-0.4123,9,6,3,459,613,-154,79.96,87.93,160,165,-5,344,482,39,43,13,6,0.0872,0.0518,2,2,15,16,52.78,47.22,5.57,0,3,Away Win
3877170,2023-10-08,Major League Soccer,2023,Inter Miami,Cincinnati,15,0,0,0,0.2771,0.4531,-0.176,3,2,1,114,53,61,87.72,71.7,22,34,-12,94,38,6,7,2,1,0.2771,0.4531,3,2,17,19,53.18,46.82,6.35,0,1,Away Win
3877170,2023-10-08,Major League Soccer,2023,Inter Miami,Cincinnati,30,0,0,0,0.6447,0.4786,0.1661,9,3,6,207,104,103,85.51,73.08,39,54,-15,170,79,17,16,3,2,0.3412,0.0,5,0,9,14,78.72,21.28,57.43,0,1,Away Win
3877170,2023-10-08,Major League Soccer,2023,Inter Miami,Cincinnati,45,0,0,0,0.7067,0.4786,0.2281,11,3,8,328,199,129,85.37,79.4,76,84,-8,275,165,27,22,4,6,0.062,0.0,2,0,22,25,63.86,36.14,27.72,0,1,Away Win
3877170,2023-10-08,Major League Soccer,2023,Inter Miami,Cincinnati,60,0,0,0,0.795,1.1033,-0.3083,13,6,7,389,276,113,84.06,78.62,98,114,-16,327,230,31,30,7,7,0.0883,0.0312,2,1,13,18,54.6,45.4,9.2,0,1,Away Win
3877170,2023-10-08,Major League Soccer,2023,Inter Miami,Cincinnati,75,0,0,0,1.054,1.7882,-0.7342,15,13,2,450,336,114,84.44,78.27,121,135,-14,374,287,35,44,8,8,0.2146,0.1812,1,2,18,15,42.15,57.85,-15.7,0,1,Away Win
3877170,2023-10-08,Major League Soccer,2023,Inter Miami,Cincinnati,85,0,1,-1,1.054,2.1341,-1.0801,15,15,0,529,352,177,84.69,77.84,133,160,-27,445,305,42,49,8,10,0.0,0.3459,0,2,12,25,37.11,62.89,-25.77,0,1,Away Win
3895107,2023-10-08,1. Bundesliga,2023/2024,Bayer Leverkusen,FC Köln,15,0,0,0,0.4697,0.1212,0.3485,6,1,5,101,80,21,89.11,81.25,28,40,-12,95,54,14,6,3,3,0.426,0.1212,5,1,13,20,70.08,29.92,40.15,3,0,Home Win
3895107,2023-10-08,1. Bundesliga,2023/2024,Bayer Leverkusen,FC Köln,30,1,0,1,0.7918,0.1212,0.6707,9,1,8,266,115,151,92.48,77.39,42,93,-51,241,77,22,10,4,4,0.3007,0.0,2,0,11,34,63.53,36.47,27.06,3,0,Home Win
3895107,2023-10-08,1. Bundesliga,2023/2024,Bayer Leverkusen,FC Köln,45,2,0,2,1.2449,0.221,1.0239,13,2,11,378,194,184,91.27,80.41,66,132,-66,341,132,32,17,6,6,0.0671,0.0998,1,1,17,26,50.14,49.86,0.28,3,0,Home Win
3895107,2023-10-08,1. Bundesliga,2023/2024,Bayer Leverkusen,FC Köln,60,2,0,2,1.7336,0.9566,0.777,16,4,12,540,282,258,91.3,79.43,98,171,-73,487,195,41,23,8,9,0.4372,0.0,2,0,18,25,68.58,31.42,37.16,3,0,Home Win
3895107,2023-10-08,1. Bundesliga,2023/2024,Bayer Leverkusen,FC Köln,75,3,0,3,2.4354,1.0743,1.3611,19,5,14,645,354,291,91.47,79.94,133,190,-57,570,246,44,28,11,12,0.7018,0.1177,3,1,25,10,71.18,28.82,42.37,3,0,Home Win
3895107,2023-10-08,1. Bundesliga,2023/2024,Bayer Leverkusen,FC Köln,85,3,0,3,2.917,1.1905,1.7266,22,7,15,716,407,309,91.76,80.84,151,201,-50,637,291,48,32,11,13,0.4816,0.1162,3,2,18,11,62.3,37.7,24.61,3,0,Home Win
3895113,2023-10-21,1. Bundesliga,2023/2024,Wolfsburg,Bayer Leverkusen,15,0,1,-1,0.231,0.4324,-0.2015,4,2,2,72,147,-75,76.39,89.8,53,21,32,52,136,8,9,0,2,0.221,0.4324,3,2,17,15,49.16,50.84,-1.68,1,2,Away Win
3895113,2023-10-21,1. Bundesliga,2023/2024,Wolfsburg,Bayer Leverkusen,30,0,1,-1,0.2606,0.5209,-0.2603,5,4,1,195,219,-24,85.64,88.58,76,47,29,150,201,11,17,2,5,0.0,0.0885,0,2,11,16,38.92,61.08,-22.16,1,2,Away Win
3895113,2023-10-21,1. Bundesliga,2023/2024,Wolfsburg,Bayer Leverkusen,45,1,1,0,0.6554,0.6055,0.05,10,5,5,265,341,-76,82.26,88.56,102,67,35,203,306,18,24,9,6,0.3948,0.0846,5,1,18,13,64.13,35.87,28.25,1,2,Away Win
3895113,2023-10-21,1. Bundesliga,2023/2024,Wolfsburg,Bayer Leverkusen,60,1,1,0,0.6841,0.9286,-0.2446,11,7,4,338,457,-119,80.77,88.84,138,97,41,261,406,26,31,12,9,0.0286,0.3232,1,2,22,16,44.09,55.91,-11.82,1,2,Away Win
3895113,2023-10-21,1. Bundesliga,2023/2024,Wolfsburg,Bayer Leverkusen,75,1,2,-1,0.813,1.4314,-0.6184,14,10,4,387,542,-155,80.1,88.75,169,115,54,296,489,32,41,15,10,0.0874,0.3803,2,2,17,9,44.85,55.15,-10.31,1,2,Away Win
3895113,2023-10-21,1. Bundesliga,2023/2024,Wolfsburg,Bayer Leverkusen,85,1,2,-1,0.9054,1.9104,-1.005,16,12,4,430,605,-175,79.77,88.6,186,124,62,326,548,37,48,17,11,0.0924,0.479,2,2,17,9,44.96,55.04,-10.08,1,2,Away Win
3877194,2023-10-22,Major League Soccer,2023,Charlotte,Inter Miami,15,1,0,1,0.256,0.0,0.256,1,0,1,98,89,9,77.55,78.65,21,29,-8,76,56,10,10,2,2,0.256,0.0,1,0,10,20,57.88,42.12,15.76,1,0,Home Win
3877194,2023-10-22,Major League Soccer,2023,Charlotte,Inter Miami,30,1,0,1,0.3632,0.0,0.3632,4,0,4,146,175,-29,77.4,80.57,51,46,5,110,115,16,15,6,3,0.0446,0.0,1,0,26,15,60.26,39.74,20.53,1,0,Home Win
3877194,2023-10-22,Major League Soccer,2023,Charlotte,Inter Miami,45,1,0,1,0.446,0.1986,0.2474,6,2,4,216,295,-79,75.46,80.34,83,74,9,163,203,26,20,8,6,0.0828,0.1986,2,2,19,22,45.39,54.61,-9.22,1,0,Home Win
3877194,2023-10-22,Major League Soccer,2023,Charlotte,Inter Miami,60,1,0,1,0.4695,0.2246,0.2449,7,3,4,299,390,-91,76.25,79.23,115,106,9,224,268,32,28,11,8,0.0235,0.026,1,1,22,14,49.21,50.79,-1.57,1,0,Home Win
3877194,2023-10-22,Major League Soccer,2023,Charlotte,Inter Miami,75,1,0,1,0.9441,0.3436,0.6005,10,6,4,336,486,-150,75.3,80.04,138,120,18,259,330,41,35,14,10,0.4746,0.0,3,0,14,13,70.71,29.29,41.43,1,0,Home Win
3877194,2023-10-22,Major League Soccer,2023,Charlotte,Inter Miami,85,1,0,1,0.9844,0.4089,0.5755,11,7,4,395,595,-200,75.7,81.18,163,138,25,301,409,46,43,16,11,0.0403,0.0652,1,1,25,18,46.55,53.45,-6.9,1,0,Home Win
3895121,2023-10-29,1. Bundesliga,2023/2024,Bayer Leverkusen,Freiburg,15,0,0,0,0.108,0.0,0.108,4,0,4,150,35,115,90.67,74.29,15,34,-19,138,26,9,6,0,3,0.076,0.0,3,0,7,18,75.47,24.53,50.95,2,1,Home Win
3895121,2023-10-29,1. Bundesliga,2023/2024,Bayer Leverkusen,Freiburg,30,0,0,0,0.439,0.1026,0.3364,8,1,7,287,71,216,88.5,63.38,25,62,-37,259,44,21,11,0,6,0.1477,0.1026,2,1,10,17,62.38,37.62,24.76,2,1,Home Win
3895121,2023-10-29,1. Bundesliga,2023/2024,Bayer Leverkusen,Freiburg,45,1,0,1,0.8346,0.1662,0.6683,12,2,10,450,111,339,90.0,65.77,41,88,-47,413,69,33,18,0,8,0.2126,0.0637,2,1,11,16,66.63,33.37,33.25,2,1,Home Win
3895121,2023-10-29,1. Bundesliga,2023/2024,Bayer Leverkusen,Freiburg,60,2,0,2,1.023,0.1662,0.8567,15,2,13,573,171,402,90.05,68.42,55,104,-49,534,113,41,24,3,10,0.0932,0.0,2,0,8,12,68.75,31.25,37.5,2,1,Home Win
3895121,2023-10-29,1. Bundesliga,2023/2024,Bayer Leverkusen,Freiburg,75,2,1,1,1.3706,0.5121,0.8585,17,6,11,673,221,452,90.34,71.04,73,120,-47,629,160,53,32,3,11,0.0489,0.3244,1,3,9,8,40.91,59.09,-18.19,2,1,Home Win
3895121,2023-10-29,1. Bundesliga,2023/2024,Bayer Leverkusen,Freiburg,85,2,1,1,1.4253,0.6364,0.789,18,8,10,731,279,452,90.7,73.84,87,136,-49,688,206,61,35,3,11,0.0547,0.1242,1,2,14,16,45.63,54.37,-8.74,2,1,Home Win
3895134,2023-11-04,1. Bundesliga,2023/2024,Hoffenheim,Bayer Leverkusen,15,0,1,-1,0.0192,0.5121,-0.4929,2,2,0,79,131,-52,77.22,88.55,47,33,14,49,108,6,10,4,3,0.0192,0.5121,2,2,25,21,43.0,57.0,-13.99,2,3,Away Win
3895134,2023-11-04,1. Bundesliga,2023/2024,Hoffenheim,Bayer Leverkusen,30,0,1,-1,0.0938,0.5922,-0.4985,3,3,0,175,229,-54,82.29,86.03,72,60,12,125,179,14,19,7,5,0.0745,0.0801,1,1,17,20,47.54,52.46,-4.91,2,3,Away Win
3895134,2023-11-04,1. Bundesliga,2023/2024,Hoffenheim,Bayer Leverkusen,45,0,2,-2,0.0938,0.8033,-0.7095,3,6,-3,240,375,-135,83.33,87.73,120,89,31,177,287,18,26,10,6,0.0,0.1037,0,2,37,10,42.27,57.73,-15.46,2,3,Away Win
3895134,2023-11-04,1. Bundesliga,2023/2024,Hoffenheim,Bayer Leverkusen,60,2,2,0,1.1314,0.8033,0.3282,9,6,3,348,437,-89,84.48,87.41,147,127,20,262,333,25,30,12,6,0.8994,0.0,4,0,18,20,77.45,22.55,54.9,2,3,Away Win
3895134,2023-11-04,1. Bundesliga,2023/2024,Hoffenheim,Bayer Leverkusen,75,2,3,-1,1.4357,1.1901,0.2457,11,9,2,421,502,-81,82.19,87.05,167,152,15,311,385,31,36,15,7,0.057,0.3868,1,3,12,17,34.48,65.52,-31.04,2,3,Away Win
3895134,2023-11-04,1. Bundesliga,2023/2024,Hoffenheim,Bayer Leverkusen,85,2,3,-1,1.4357,1.1901,0.2457,11,9,2,486,558,-72,83.13,87.46,179,167,12,364,430,35,37,16,7,0.0,0.0,0,0,12,15,51.05,48.95,2.1,2,3,Away Win
3895139,2023-11-12,1. Bundesliga,2023/2024,Bayer Leverkusen,Union Berlin,15,0,0,0,0.2227,0.0,0.2227,3,0,3,173,68,105,93.06,73.53,24,59,-35,162,50,8,5,1,4,0.2227,0.0,3,0,13,28,65.05,34.95,30.1,4,0,Home Win
3895139,2023-11-12,1. Bundesliga,2023/2024,Bayer Leverkusen,Union Berlin,30,1,0,1,0.7931,0.0,0.7931,6,0,6,275,125,150,90.55,72.8,57,86,-29,250,95,15,10,2,6,0.5704,0.0,3,0,25,19,75.6,24.4,51.2,4,0,Home Win
3895139,2023-11-12,1. Bundesliga,2023/2024,Bayer Leverkusen,Union Berlin,45,1,0,1,0.9438,0.0217,0.9221,7,1,6,428,197,231,89.25,75.63,77,120,-43,392,154,22,20,3,9,0.1508,0.0217,1,1,13,24,53.77,46.23,7.55,4,0,Home Win
3895139,2023-11-12,1. Bundesliga,2023/2024,Bayer Leverkusen,Union Berlin,60,2,0,2,1.2745,0.0389,1.2356,10,2,8,574,285,289,89.72,78.25,99,166,-67,521,235,30,27,3,12,0.3049,0.0172,2,1,14,26,55.57,44.43,11.13,4,0,Home Win
3895139,2023-11-12,1. Bundesliga,2023/2024,Bayer Leverkusen,Union Berlin,75,3,0,3,1.7678,0.0389,1.7289,16,2,14,732,327,405,91.12,78.59,118,204,-86,665,267,39,31,5,14,0.4069,0.0,3,0,15,23,73.82,26.18,47.64,4,0,Home Win
3895139,2023-11-12,1. Bundesliga,2023/2024,Bayer Leverkusen,Union Berlin,85,4,0,4,1.8832,0.0389,1.8443,18,2,16,782,384,398,91.05,79.43,129,223,-94,704,312,41,35,5,15,0.1154,0.0,2,0,11,19,58.55,41.45,17.1,4,0,Home Win
3895153,2023-11-25,1. Bundesliga,2023/2024,Werder Bremen,Bayer Leverkusen,15,0,1,-1,0.0,0.0552,-0.0552,0,1,-1,86,164,-78,76.74,89.02,38,42,-4,72,143,11,11,4,3,0.0,0.0552,0,1,19,24,34.53,65.47,-30.93,0,3,Away Win
3895153,2023-11-25,1. Bundesliga,2023/2024,Werder Bremen,Bayer Leverkusen,30,0,1,-1,0.0578,0.393,-0.3352,1,4,-3,152,345,-193,76.97,89.86,76,74,2,120,306,19,18,6,3,0.0578,0.0421,1,1,27,16,43.77,56.23,-12.46,0,3,Away Win
3895153,2023-11-25,1. Bundesliga,2023/2024,Werder Bremen,Bayer Leverkusen,45,0,2,-2,0.0578,0.6306,-0.5728,1,6,-5,244,443,-199,78.69,88.94,103,110,-7,196,387,27,23,7,3,0.0,0.2376,0,2,18,23,32.54,67.46,-34.92,0,3,Away Win
3895153,2023-11-25,1. Bundesliga,2023/2024,Werder Bremen,Bayer Leverkusen,60,0,2,-2,0.0578,0.7763,-0.7186,1,8,-7,349,536,-187,79.94,88.43,133,148,-15,273,459,36,30,9,5,0.0,0.1099,0,1,17,24,39.36,60.64,-21.28,0,3,Away Win
3895153,2023-11-25,1. Bundesliga,2023/2024,Werder Bremen,Bayer Leverkusen,75,0,3,-3,0.0578,0.8817,-0.8239,1,10,-9,430,655,-225,79.53,88.24,170,165,5,332,546,45,35,12,6,0.0,0.1054,0,2,18,15,37.57,62.43,-24.85,0,3,Away Win
3895153,2023-11-25,1. Bundesliga,2023/2024,Werder Bremen,Bayer Leverkusen,85,0,3,-3,0.1859,0.9331,-0.7472,2,11,-9,491,724,-233,80.45,87.85,191,184,7,380,590,50,39,14,7,0.1282,0.0514,1,1,21,19,52.37,47.63,4.74,0,3,Away Win
3895158,2023-12-03,1. Bundesliga,2023/2024,Bayer Leverkusen,Borussia Dortmund,15,0,1,-1,0.077,0.3788,-0.3018,2,1,1,108,75,33,82.41,77.33,25,37,-12,85,60,9,6,2,1,0.077,0.0,2,0,17,23,62.6,37.4,25.21,1,1,Draw
3895158,2023-12-03,1. Bundesliga,2023/2024,Bayer Leverkusen,Borussia Dortmund,30,0,1,-1,0.311,0.3788,-0.0678,6,1,5,201,132,69,83.08,75.76,49,61,-12,167,107,20,11,4,3,0.1736,0.0,2,0,17,16,68.9,31.1,37.79,1,1,Draw
3895158,2023-12-03,1. Bundesliga,2023/2024,Bayer Leverkusen,Borussia Dortmund,45,0,1,-1,0.4053,0.4478,-0.0425,8,2,6,364,180,184,84.07,71.67,65,92,-27,301,141,29,19,7,6,0.0943,0.0,2,0,6,18,72.15,27.85,44.31,1,1,Draw
3895158,2023-12-03,1. Bundesliga,2023/2024,Bayer Leverkusen,Borussia Dortmund,60,0,1,-1,0.7384,0.5126,0.2258,15,4,11,502,242,260,82.87,73.55,94,126,-32,424,196,51,29,8,10,0.1329,0.0648,2,2,21,19,56.17,43.83,12.35,1,1,Draw
3895158,2023-12-03,1. Bundesliga,2023/2024,Bayer Leverkusen,Borussia Dortmund,75,0,1,-1,1.0136,0.5717,0.4419,20,5,15,583,295,288,82.85,73.9,103,151,-48,490,242,61,36,9,10,0.112,0.0591,2,1,8,18,52.05,47.95,4.1,1,1,Draw
3895158,2023-12-03,1. Bundesliga,2023/2024,Bayer Leverkusen,Borussia Dortmund,85,1,1,0,1.9951,0.5717,1.4234,22,5,17,667,322,345,83.36,73.91,113,166,-53,563,262,68,41,10,10,0.9815,0.0,2,0,10,15,78.21,21.79,56.41,1,1,Draw
3895167,2023-12-10,1. Bundesliga,2023/2024,VfB Stuttgart,Bayer Leverkusen,15,0,0,0,0.6599,0.0647,0.5952,7,1,6,129,63,66,88.37,82.54,32,30,2,108,55,12,3,5,3,0.6274,0.0647,6,1,23,21,73.73,26.27,47.47,1,1,Draw
3895167,2023-12-10,1. Bundesliga,2023/2024,VfB Stuttgart,Bayer Leverkusen,30,0,0,0,1.2268,0.4053,0.8215,11,6,5,184,160,24,85.87,86.25,61,47,14,145,144,17,11,6,3,0.466,0.3406,2,5,19,12,41.57,58.43,-16.86,1,1,Draw
3895167,2023-12-10,1. Bundesliga,2023/2024,VfB Stuttgart,Bayer Leverkusen,45,1,0,1,2.1882,0.564,1.6243,16,8,8,288,243,45,87.15,85.6,84,68,16,232,204,23,18,8,5,0.9376,0.0,4,0,17,14,76.27,23.73,52.55,1,1,Draw
3895167,2023-12-10,1. Bundesliga,2023/2024,VfB Stuttgart,Bayer Leverkusen,60,1,1,0,2.2824,1.3014,0.981,19,14,5,416,367,49,88.7,86.1,115,97,18,341,321,28,32,13,8,0.0151,0.2451,1,4,18,11,31.7,68.3,-36.59,1,1,Draw
3895167,2023-12-10,1. Bundesliga,2023/2024,VfB Stuttgart,Bayer Leverkusen,75,1,1,0,2.3372,1.3462,0.991,20,15,5,531,432,99,89.45,85.19,136,127,9,447,371,39,39,15,9,0.0548,0.0448,1,1,12,20,55.07,44.93,10.14,1,1,Draw
3895167,2023-12-10,1. Bundesliga,2023/2024,VfB Stuttgart,Bayer Leverkusen,85,1,1,0,2.3774,1.3462,1.0312,21,15,6,578,508,70,88.41,85.43,165,137,28,489,442,45,46,17,10,0.0403,0.0,1,0,29,10,61.48,38.52,22.95,1,1,Draw
3895180,2023-12-17,1. Bundesliga,2023/2024,Bayer Leverkusen,Eintracht Frankfurt,15,1,0,1,0.0523,0.0544,-0.0021,1,1,0,126,60,66,83.33,68.33,29,36,-7,103,40,13,9,0,2,0.0523,0.0,1,0,15,20,64.42,35.58,28.85,3,0,Home Win
3895180,2023-12-17,1. Bundesliga,2023/2024,Bayer Leverkusen,Eintracht Frankfurt,30,1,0,1,0.0523,0.1003,-0.0479,1,2,-1,272,167,105,85.66,81.44,49,73,-24,223,141,28,18,2,2,0.0,0.0458,0,1,13,22,44.24,55.76,-11.52,3,0,Home Win
3895180,2023-12-17,1. Bundesliga,2023/2024,Bayer Leverkusen,Eintracht Frankfurt,45,1,0,1,0.1276,0.1003,0.0274,2,2,0,381,263,118,85.04,81.37,94,101,-7,307,214,37,27,4,5,0.0,0.0,0,0,36,24,55.74,44.26,11.47,3,0,Home Win
3895180,2023-12-17,1. Bundesliga,2023/2024,Bayer Leverkusen,Eintracht Frankfurt,60,3,0,3,1.5915,0.1003,1.4912,6,2,4,489,334,155,85.89,79.94,118,127,-9,389,262,45,30,6,5,0.3294,0.0,1,0,17,15,65.15,34.85,30.31,3,0,Home Win
3895180,2023-12-17,1. Bundesliga,2023/2024,Bayer Leverkusen,Eintracht Frankfurt,75,3,0,3,1.794,0.153,1.641,9,3,6,652,396,256,87.42,79.55,139,168,-29,529,318,58,41,9,9,0.2025,0.0527,3,1,17,34,56.25,43.75,12.51,3,0,Home Win
3895180,2023-12-17,1. Bundesliga,2023/2024,Bayer Leverkusen,Eintracht Frankfurt,85,3,0,3,2.5334,0.153,2.3805,13,3,10,705,473,232,87.38,81.4,163,186,-23,573,391,65,48,12,9,0.7394,0.0,4,0,24,18,70.73,29.27,41.46,3,0,Home Win
3895182,2023-12-20,1. Bundesliga,2023/2024,Bayer Leverkusen,Bochum,15,0,0,0,0.1064,0.142,-0.0355,1,3,-2,73,77,-4,72.6,74.03,24,29,-5,54,51,8,10,0,2,0.1064,0.142,1,3,17,21,39.65,60.35,-20.71,4,0,Home Win
3895182,2023-12-20,1. Bundesliga,2023/2024,Bayer Leverkusen,Bochum,30,1,0,1,0.8899,0.1878,0.7021,2,4,-2,165,114,51,80.0,66.67,43,71,-28,119,74,14,22,1,4,0.7835,0.0458,1,1,15,31,54.35,45.65,8.71,4,0,Home Win
3895182,2023-12-20,1. Bundesliga,2023/2024,Bayer Leverkusen,Bochum,45,3,0,3,2.2632,0.1878,2.0753,9,4,5,335,158,177,84.48,65.19,56,125,-69,248,98,23,29,4,7,0.8142,0.0,4,0,9,41,69.88,30.12,39.76,4,0,Home Win
3895182,2023-12-20,1. Bundesliga,2023/2024,Bayer Leverkusen,Bochum,60,3,0,3,2.3198,0.23,2.0898,10,5,5,516,209,307,85.85,63.64,93,180,-87,384,131,31,39,5,14,0.0566,0.0,1,0,28,37,60.79,39.21,21.59,4,0,Home Win
3895182,2023-12-20,1. Bundesliga,2023/2024,Bayer Leverkusen,Bochum,75,4,0,4,2.76,0.23,2.53,12,5,7,634,258,376,87.22,66.67,109,222,-113,481,161,37,43,5,15,0.4402,0.0,2,0,12,27,66.08,33.92,32.17,4,0,Home Win
3895182,2023-12-20,1. Bundesliga,2023/2024,Bayer Leverkusen,Bochum,85,4,0,4,3.2437,0.23,3.0138,14,5,9,727,324,403,86.66,70.68,138,246,-108,559,212,44,51,6,20,0.4837,0.0,2,0,29,24,67.54,32.46,35.08,4,0,Home Win
3895194,2024-01-13,1. Bundesliga,2023/2024,Augsburg,Bayer Leverkusen,15,0,0,0,0.0304,0.0,0.0304,1,0,1,41,165,-124,75.61,86.67,66,17,49,32,135,11,7,4,0,0.0304,0.0,1,0,34,11,59.95,40.05,19.9,0,1,Away Win
3895194,2024-01-13,1. Bundesliga,2023/2024,Augsburg,Bayer Leverkusen,30,0,0,0,0.088,0.124,-0.036,2,3,-1,91,305,-214,73.63,87.87,106,33,73,66,255,21,18,6,1,0.0577,0.0256,1,1,26,9,48.16,51.84,-3.67,0,1,Away Win
3895194,2024-01-13,1. Bundesliga,2023/2024,Augsburg,Bayer Leverkusen,45,0,0,0,0.2118,0.5794,-0.3676,3,9,-6,156,424,-268,78.21,88.44,144,56,88,112,350,31,25,8,1,0.1238,0.1837,1,3,28,12,42.02,57.98,-15.96,0,1,Away Win
3895194,2024-01-13,1. Bundesliga,2023/2024,Augsburg,Bayer Leverkusen,60,0,0,0,0.3159,0.8923,-0.5765,4,15,-11,199,553,-354,76.38,88.61,168,83,85,147,464,37,32,13,2,0.0,0.2637,0,4,20,20,22.29,77.71,-55.42,0,1,Away Win
3895194,2024-01-13,1. Bundesliga,2023/2024,Augsburg,Bayer Leverkusen,75,0,0,0,0.3159,1.3694,-1.0535,4,21,-17,226,688,-462,75.66,89.24,215,93,122,165,583,40,42,15,2,0.0,0.3905,0,4,25,7,24.18,75.82,-51.64,0,1,Away Win
3895194,2024-01-13,1. Bundesliga,2023/2024,Augsburg,Bayer Leverkusen,85,0,0,0,0.3159,1.4134,-1.0975,4,22,-18,266,786,-520,74.81,89.19,244,109,135,191,671,46,49,17,2,0.0,0.044,0,1,29,16,40.58,59.42,-18.83,0,1,Away Win
3920384,2024-01-13,African Cup of Nations,2023,Côte d'Ivoire,Guinea-Bissau,15,1,0,1,0.1479,0.0,0.1479,2,0,2,121,67,54,88.43,76.12,18,23,-5,109,46,7,8,2,2,0.0915,0.0,1,0,11,11,66.25,33.75,32.51,2,0,Home Win
3920384,2024-01-13,African Cup of Nations,2023,Côte d'Ivoire,Guinea-Bissau,30,1,0,1,0.196,0.1578,0.0382,3,1,2,183,130,53,86.89,83.08,31,35,-4,158,98,12,10,2,4,0.0,0.1578,0,1,6,10,36.52,63.48,-26.97,2,0,Home Win
3920384,2024-01-13,African Cup of Nations,2023,Côte d'Ivoire,Guinea-Bissau,45,1,0,1,0.4422,0.1667,0.2755,6,2,4,281,183,98,88.26,82.51,50,63,-13,246,138,20,16,4,4,0.0877,0.0,1,0,12,20,60.18,39.82,20.37,2,0,Home Win
3920384,2024-01-13,African Cup of Nations,2023,Côte d'Ivoire,Guinea-Bissau,60,2,0,2,0.5955,0.2237,0.3718,8,4,4,390,238,152,86.92,81.09,67,90,-23,335,180,28,23,6,5,0.1533,0.0,2,0,7,21,69.3,30.7,38.6,2,0,Home Win
3920384,2024-01-13,African Cup of Nations,2023,Côte d'Ivoire,Guinea-Bissau,75,2,0,2,0.6114,0.3635,0.2479,9,5,4,503,300,203,86.88,81.33,82,124,-42,435,227,41,30,7,11,0.0159,0.1398,1,1,7,24,44.23,55.77,-11.55,2,0,Home Win
3920384,2024-01-13,African Cup of Nations,2023,Côte d'Ivoire,Guinea-Bissau,85,2,0,2,0.6114,0.4855,0.1259,9,8,1,550,351,199,86.73,82.91,97,134,-37,473,268,45,33,8,14,0.0,0.122,0,3,15,10,32.18,67.82,-35.64,2,0,Home Win
3920385,2024-01-14,African Cup of Nations,2023,Egypt,Mozambique,15,1,0,1,0.2437,0.0485,0.1952,4,1,3,135,57,78,91.11,80.7,22,30,-8,116,53,6,8,3,3,0.1414,0.0485,3,1,15,15,62.84,37.16,25.68,2,2,Draw
3920385,2024-01-14,African Cup of Nations,2023,Egypt,Mozambique,30,1,0,1,0.5385,0.2013,0.3372,8,2,6,199,134,65,90.45,85.07,44,45,-1,166,121,14,11,4,4,0.2682,0.0,3,0,10,8,78.32,21.68,56.65,2,2,Draw
3920385,2024-01-14,African Cup of Nations,2023,Egypt,Mozambique,45,1,0,1,0.6941,0.2213,0.4728,10,3,7,278,218,60,88.49,84.86,65,64,1,236,193,24,15,6,5,0.1485,0.02,1,1,15,14,53.88,46.12,7.76,2,2,Draw
3920385,2024-01-14,African Cup of Nations,2023,Egypt,Mozambique,60,1,2,-1,0.7585,0.7282,0.0303,12,6,6,409,282,127,89.0,84.75,95,92,3,349,257,32,25,9,9,0.0,0.4718,0,2,18,13,36.69,63.31,-26.62,2,2,Draw
3920385,2024-01-14,African Cup of Nations,2023,Egypt,Mozambique,75,1,2,-1,0.8168,0.7282,0.0886,14,6,8,475,318,157,88.21,83.65,112,114,-2,410,285,43,27,9,10,0.0365,0.0,1,0,15,12,70.47,29.53,40.95,2,2,Draw
3920385,2024-01-14,African Cup of Nations,2023,Egypt,Mozambique,85,1,2,-1,1.1128,0.7282,0.3846,20,6,14,538,343,195,87.92,83.09,122,135,-13,464,300,50,28,10,10,0.296,0.0,6,0,10,21,80.03,19.97,60.06,2,2,Draw
3920386,2024-01-14,African Cup of Nations,2023,Nigeria,Equatorial Guinea,15,0,0,0,0.3031,0.0,0.3031,4,0,4,76,50,26,77.63,66.0,23,26,-3,54,32,9,7,1,1,0.2085,0.0,2,0,11,14,71.62,28.38,43.23,1,1,Draw
3920386,2024-01-14,African Cup of Nations,2023,Nigeria,Equatorial Guinea,30,0,0,0,0.4055,0.0498,0.3557,5,2,3,140,102,38,81.43,71.57,48,46,2,102,71,15,11,2,2,0.1025,0.0338,1,1,9,13,48.87,51.13,-2.25,1,1,Draw
3920386,2024-01-14,African Cup of Nations,2023,Nigeria,Equatorial Guinea,45,1,1,0,1.1398,0.1562,0.9836,7,4,3,184,200,-16,74.46,77.5,82,64,18,125,154,22,20,2,3,0.5406,0.0262,1,1,23,11,54.73,45.27,9.46,1,1,Draw
3920386,2024-01-14,African Cup of Nations,2023,Nigeria,Equatorial Guinea,60,1,1,0,1.6277,0.1769,1.4509,12,5,7,251,270,-19,75.7,78.52,112,89,23,177,207,30,29,4,4,0.4724,0.0,4,0,16,11,76.07,23.93,52.14,1,1,Draw
3920386,2024-01-14,African Cup of Nations,2023,Nigeria,Equatorial Guinea,75,1,1,0,2.1278,0.1769,1.951,14,5,9,284,316,-32,76.06,76.9,128,106,22,206,239,36,35,4,4,0.4365,0.0,1,0,12,7,70.47,29.53,40.94,1,1,Draw
3920386,2024-01-14,African Cup of Nations,2023,Nigeria,Equatorial Guinea,85,1,1,0,2.1278,0.2484,1.8795,14,6,8,322,339,-17,75.47,75.81,135,118,17,236,254,42,38,5,5,0.0,0.0715,0,1,7,12,38.67,61.33,-22.67,1,1,Draw
3920387,2024-01-14,African Cup of Nations,2023,Ghana,Cape Verde Islands,15,0,0,0,0.0,0.0482,-0.0482,0,2,-2,53,116,-63,66.04,87.93,56,26,30,48,93,8,11,5,3,0.0,0.0128,0,1,35,13,46.51,53.49,-6.98,1,2,Away Win
3920387,2024-01-14,African Cup of Nations,2023,Ghana,Cape Verde Islands,30,0,1,-1,0.1686,0.6261,-0.4575,1,4,-3,126,198,-72,77.78,85.86,87,42,45,113,152,14,14,7,3,0.1686,0.0,1,0,24,12,67.05,32.95,34.1,1,2,Away Win
3920387,2024-01-14,African Cup of Nations,2023,Ghana,Cape Verde Islands,45,0,1,-1,0.6968,0.7422,-0.0454,3,6,-3,185,256,-71,77.84,85.16,117,56,61,161,197,20,17,8,5,0.0,0.1161,0,2,21,8,43.88,56.12,-12.23,1,2,Away Win
3920387,2024-01-14,African Cup of Nations,2023,Ghana,Cape Verde Islands,60,1,1,0,1.2198,0.8788,0.341,7,8,-1,234,291,-57,79.06,83.51,136,72,64,199,220,24,20,11,6,0.5035,0.0,3,0,12,11,81.32,18.68,62.64,1,2,Away Win
3920387,2024-01-14,African Cup of Nations,2023,Ghana,Cape Verde Islands,75,1,1,0,1.2689,1.1163,0.1527,8,10,-2,306,340,-34,79.41,83.24,161,96,65,254,260,30,28,12,8,0.0,0.2375,0,2,23,17,38.8,61.2,-22.41,1,2,Away Win
3920387,2024-01-14,African Cup of Nations,2023,Ghana,Cape Verde Islands,85,1,1,0,1.2689,1.4878,-0.2189,8,12,-4,330,386,-56,78.18,83.16,176,105,71,270,302,35,32,14,8,0.0,0.3715,0,2,15,9,28.79,71.21,-42.42,1,2,Away Win
3920388,2024-01-15,African Cup of Nations,2023,Senegal,Gambia,15,1,0,1,0.511,0.0709,0.4401,2,2,0,82,63,19,87.8,80.95,25,23,2,62,49,6,6,2,1,0.3686,0.0444,1,1,20,9,59.5,40.5,18.99,3,0,Home Win
3920388,2024-01-15,African Cup of Nations,2023,Senegal,Gambia,30,1,0,1,0.8823,0.1512,0.7311,4,3,1,227,102,125,88.55,75.49,43,41,2,176,80,12,13,3,4,0.3713,0.0803,2,1,15,13,67.42,32.58,34.84,3,0,Home Win
3920388,2024-01-15,African Cup of Nations,2023,Senegal,Gambia,45,1,0,1,0.8823,0.1587,0.7236,4,4,0,288,140,148,87.15,75.71,57,57,0,221,108,15,18,3,4,0.0,0.0076,0,1,9,13,37.37,62.63,-25.25,3,0,Home Win
3920388,2024-01-15,African Cup of Nations,2023,Senegal,Gambia,60,2,0,2,1.4027,0.7594,0.6433,9,8,1,410,201,209,87.07,74.63,89,81,8,320,158,24,30,4,4,0.5204,0.0861,5,1,14,12,74.58,25.42,49.15,3,0,Home Win
3920388,2024-01-15,African Cup of Nations,2023,Senegal,Gambia,75,2,0,2,1.4771,0.97,0.5072,10,11,-1,501,245,256,86.63,75.1,108,105,3,394,194,30,37,4,5,0.0744,0.2106,1,3,5,20,36.9,63.1,-26.2,3,0,Home Win
3920388,2024-01-15,African Cup of Nations,2023,Senegal,Gambia,85,3,0,3,1.5878,0.97,0.6178,12,11,1,546,264,282,86.45,74.62,114,118,-4,430,206,32,38,4,6,0.1107,0.0,2,0,6,13,71.61,28.39,43.21,3,0,Home Win
3920389,2024-01-15,African Cup of Nations,2023,Cameroon,Guinea,15,0,1,-1,0.2313,0.6851,-0.4538,2,4,-2,87,54,33,80.46,64.81,22,22,0,65,29,7,8,0,1,0.2313,0.6851,2,4,12,14,38.34,61.66,-23.33,1,1,Draw
3920389,2024-01-15,African Cup of Nations,2023,Cameroon,Guinea,30,0,1,-1,0.2313,0.6887,-0.4573,2,5,-3,192,89,103,84.38,67.42,37,47,-10,151,47,14,14,0,3,0.0,0.0035,0,1,12,22,47.74,52.26,-4.52,1,1,Draw
3920389,2024-01-15,African Cup of Nations,2023,Cameroon,Guinea,45,0,1,-1,0.3447,0.6887,-0.3439,4,5,-1,264,125,139,84.85,67.2,53,65,-12,212,69,20,18,1,5,0.0437,0.0,1,0,9,15,63.09,36.91,26.19,1,1,Draw
3920389,2024-01-15,African Cup of Nations,2023,Cameroon,Guinea,60,1,1,0,0.5426,0.6887,-0.1461,8,5,3,338,162,176,83.43,65.43,64,87,-23,270,95,29,22,2,5,0.073,0.0,3,0,7,10,79.05,20.95,58.1,1,1,Draw
3920389,2024-01-15,African Cup of Nations,2023,Cameroon,Guinea,75,1,1,0,0.5652,0.6887,-0.1235,9,5,4,375,200,175,81.6,66.5,82,101,-19,296,122,33,25,3,6,0.0226,0.0,1,0,13,7,65.15,34.85,30.3,1,1,Draw
3920389,2024-01-15,African Cup of Nations,2023,Cameroon,Guinea,85,1,1,0,0.7232,0.6887,0.0345,11,5,6,454,212,242,82.16,65.57,83,114,-31,357,126,38,27,3,7,0.158,0.0,2,0,1,13,76.35,23.65,52.71,1,1,Draw
3920390,2024-01-15,African Cup of Nations,2023,Algeria,Angola,15,0,0,0,0.167,0.0,0.167,4,0,4,154,45,109,85.71,64.44,14,42,-28,130,32,13,7,0,3,0.167,0.0,4,0,9,21,73.61,26.39,47.22,1,1,Draw
3920390,2024-01-15,African Cup of Nations,2023,Algeria,Angola,30,1,0,1,0.2717,0.233,0.0387,5,3,2,226,89,137,84.51,67.42,37,66,-29,190,65,18,13,1,4,0.0,0.1941,0,1,18,19,43.32,56.68,-13.37,1,1,Draw
3920390,2024-01-15,African Cup of Nations,2023,Algeria,Angola,45,1,0,1,0.4166,0.3503,0.0663,7,4,3,290,134,156,83.79,70.15,48,89,-41,235,94,21,15,2,6,0.1056,0.1173,1,1,10,21,45.24,54.76,-9.53,1,1,Draw
3920390,2024-01-15,African Cup of Nations,2023,Algeria,Angola,60,1,0,1,0.4703,0.3901,0.0802,10,5,5,367,198,169,82.83,72.22,69,116,-47,293,147,28,23,3,9,0.0,0.0,0,0,14,19,45.55,54.45,-8.89,1,1,Draw
3920390,2024-01-15,African Cup of Nations,2023,Algeria,Angola,75,1,1,0,0.4803,1.1736,-0.6933,11,6,5,458,241,217,84.06,73.86,78,146,-68,362,183,32,29,3,10,0.01,0.7835,1,1,6,17,37.67,62.33,-24.66,1,1,Draw
3920390,2024-01-15,African Cup of Nations,2023,Algeria,Angola,85,1,1,0,0.4803,1.1975,-0.7172,11,7,4,516,275,241,83.53,73.09,87,157,-70,402,202,33,34,6,10,0.0,0.0239,0,1,9,11,41.62,58.38,-16.76,1,1,Draw
3920391,2024-01-16,African Cup of Nations,2023,Mali,South Africa,15,0,0,0,0.0249,0.1401,-0.1151,2,2,0,86,93,-7,82.56,84.95,40,21,19,63,85,2,10,3,4,0.0058,0.1401,1,2,30,11,43.5,56.5,-12.99,2,0,Home Win
3920391,2024-01-16,African Cup of Nations,2023,Mali,South Africa,30,0,0,0,0.1117,0.9337,-0.822,5,4,1,203,129,74,85.22,79.84,56,59,-3,158,115,9,18,4,4,0.0797,0.0102,2,1,13,37,55.04,44.96,10.08,2,0,Home Win
3920391,2024-01-16,African Cup of Nations,2023,Mali,South Africa,45,0,0,0,0.5159,1.1976,-0.6817,6,8,-2,262,259,3,83.59,84.17,94,83,11,207,225,16,31,7,4,0.4041,0.1018,1,3,26,14,42.62,57.38,-14.76,2,0,Home Win
3920391,2024-01-16,African Cup of Nations,2023,Mali,South Africa,60,1,0,1,2.0351,1.2922,0.7429,11,9,2,324,307,17,82.41,82.41,112,110,2,254,260,24,35,10,6,1.0148,0.0947,3,1,6,14,69.81,30.19,39.63,2,0,Home Win
3920391,2024-01-16,African Cup of Nations,2023,Mali,South Africa,75,2,0,2,2.2919,1.3836,0.9082,13,11,2,371,395,-24,80.59,82.28,141,130,11,284,331,29,44,12,9,0.0256,0.078,1,1,17,14,45.71,54.29,-8.59,2,0,Home Win
3920391,2024-01-16,African Cup of Nations,2023,Mali,South Africa,85,2,0,2,2.3277,1.3836,0.944,14,11,3,413,471,-58,80.63,82.59,166,150,16,317,395,38,51,14,9,0.0358,0.0,1,0,25,20,54.35,45.65,8.69,2,0,Home Win
3920392,2024-01-16,African Cup of Nations,2023,Burkina Faso,Mauritania,15,0,0,0,0.0,0.0852,-0.0852,0,2,-2,114,54,60,85.09,64.81,17,40,-23,86,42,7,7,4,4,0.0,0.0852,0,2,11,22,33.15,66.85,-33.7,1,0,Home Win
3920392,2024-01-16,African Cup of Nations,2023,Burkina Faso,Mauritania,30,0,0,0,0.1529,0.2167,-0.0638,2,4,-2,167,101,66,82.63,68.32,34,49,-15,130,80,15,10,4,9,0.0,0.1315,0,2,10,4,34.64,65.36,-30.71,1,0,Home Win
3920392,2024-01-16,African Cup of Nations,2023,Burkina Faso,Mauritania,45,0,0,0,0.1735,0.3615,-0.1879,3,7,-4,224,167,57,81.7,72.46,51,68,-17,172,134,17,19,6,10,0.0206,0.0398,1,1,11,14,43.28,56.72,-13.44,1,0,Home Win
3920392,2024-01-16,African Cup of Nations,2023,Burkina Faso,Mauritania,60,0,0,0,0.2865,0.3615,-0.075,7,7,0,301,204,97,82.72,68.14,72,111,-39,243,162,30,26,10,13,0.0473,0.0,2,0,12,16,69.45,30.55,38.89,1,0,Home Win
3920392,2024-01-16,African Cup of Nations,2023,Burkina Faso,Mauritania,75,0,0,0,0.2865,0.3615,-0.075,7,7,0,373,227,146,81.77,66.96,93,138,-45,300,182,34,31,11,14,0.0,0.0,0,0,12,13,58.31,41.69,16.62,1,0,Home Win
3920392,2024-01-16,African Cup of Nations,2023,Burkina Faso,Mauritania,85,0,0,0,0.3255,0.5157,-0.1901,9,9,0,428,250,178,81.54,67.2,108,158,-50,353,207,43,42,11,16,0.0391,0.1542,2,2,15,20,49.88,50.12,-0.24,1,0,Home Win
3920393,2024-01-16,African Cup of Nations,2023,Tunisia,Namibia,15,0,0,0,0.1332,0.5634,-0.4302,2,4,-2,76,49,27,78.95,77.55,18,33,-15,52,37,3,10,1,3,0.0333,0.5634,1,4,6,22,22.3,77.7,-55.4,0,1,Away Win
3920393,2024-01-16,African Cup of Nations,2023,Tunisia,Namibia,30,0,0,0,0.1332,0.5634,-0.4302,2,4,-2,147,112,35,78.91,78.57,36,63,-27,103,95,9,23,2,6,0.0,0.0,0,0,10,17,45.27,54.73,-9.46,0,1,Away Win
3920393,2024-01-16,African Cup of Nations,2023,Tunisia,Namibia,45,0,0,0,0.3512,0.5634,-0.2123,4,4,0,201,175,26,78.11,74.86,64,94,-30,141,143,15,36,4,6,0.2179,0.0,2,0,20,16,64.71,35.29,29.41,0,1,Away Win
3920393,2024-01-16,African Cup of Nations,2023,Tunisia,Namibia,60,0,0,0,0.4803,0.9558,-0.4755,5,6,-1,332,250,82,79.52,71.6,95,150,-55,232,198,23,45,7,11,0.1291,0.0,1,0,14,33,53.13,46.87,6.27,0,1,Away Win
3920393,2024-01-16,African Cup of Nations,2023,Tunisia,Namibia,75,0,0,0,0.6685,1.1421,-0.4735,7,8,-1,399,286,113,80.2,71.33,109,183,-74,284,224,29,53,7,12,0.1611,0.0896,1,1,8,22,46.35,53.65,-7.31,0,1,Away Win
3920393,2024-01-16,African Cup of Nations,2023,Tunisia,Namibia,85,0,0,0,0.8707,1.2544,-0.3837,9,11,-2,435,310,125,79.54,69.35,121,205,-84,297,235,31,59,7,14,0.2021,0.1123,2,3,12,22,41.48,58.52,-17.05,0,1,Away Win
3920394,2024-01-17,African Cup of Nations,2023,Morocco,Tanzania,15,0,0,0,0.1949,0.0,0.1949,1,0,1,87,118,-31,91.95,84.75,34,21,13,71,92,6,10,1,1,0.1949,0.0,1,0,21,17,57.13,42.87,14.25,3,0,Home Win
3920394,2024-01-17,African Cup of Nations,2023,Morocco,Tanzania,30,1,0,1,0.6096,0.0,0.6096,3,0,3,185,158,27,89.19,82.28,49,49,0,157,127,19,17,2,3,0.4147,0.0,2,0,8,11,77.49,22.51,54.99,3,0,Home Win
3920394,2024-01-17,African Cup of Nations,2023,Morocco,Tanzania,45,1,0,1,1.1971,0.0054,1.1917,8,1,7,273,236,37,88.64,82.2,67,68,-1,226,181,25,23,4,4,0.2441,0.0054,3,1,17,16,62.07,37.93,24.13,3,0,Home Win
3920394,2024-01-17,African Cup of Nations,2023,Morocco,Tanzania,60,1,0,1,1.5653,0.0119,1.5534,9,2,7,350,321,29,86.86,81.0,83,84,-1,281,247,30,34,6,6,0.0,0.0,0,0,8,8,39.16,60.84,-21.68,3,0,Home Win
3920394,2024-01-17,African Cup of Nations,2023,Morocco,Tanzania,75,1,0,1,1.5737,0.0119,1.5618,10,2,8,401,392,9,86.53,82.14,111,97,14,321,306,35,37,6,10,0.0,0.0,0,0,18,8,59.43,40.57,18.86,3,0,Home Win
3920394,2024-01-17,African Cup of Nations,2023,Morocco,Tanzania,85,3,0,3,1.9398,0.0119,1.9278,12,2,10,456,413,43,86.4,82.32,114,106,8,358,322,39,37,6,10,0.3661,0.0,2,0,3,9,78.17,21.83,56.34,3,0,Home Win
3920395,2024-01-17,African Cup of Nations,2023,Congo DR,Zambia,15,0,0,0,0.0963,0.0,0.0963,3,0,3,99,77,22,77.78,83.12,15,17,-2,75,52,15,6,1,0,0.0329,0.0,1,0,14,11,64.52,35.48,29.03,1,1,Draw
3920395,2024-01-17,African Cup of Nations,2023,Congo DR,Zambia,30,1,1,0,1.3825,0.0125,1.37,7,1,6,175,142,33,82.29,84.51,26,30,-4,140,94,23,8,1,1,1.2606,0.0125,3,1,7,6,76.91,23.09,53.81,1,1,Draw
3920395,2024-01-17,African Cup of Nations,2023,Congo DR,Zambia,45,1,1,0,1.6059,0.067,1.539,12,2,10,253,226,27,84.19,85.84,39,49,-10,210,160,30,12,1,1,0.1616,0.0545,4,1,10,13,63.2,36.8,26.39,1,1,Draw
3920395,2024-01-17,African Cup of Nations,2023,Congo DR,Zambia,60,1,1,0,1.8962,0.0964,1.7997,18,3,15,333,284,49,85.29,84.15,52,69,-17,277,197,39,19,1,1,0.1039,0.0,4,0,4,13,78.86,21.14,57.73,1,1,Draw
3920395,2024-01-17,African Cup of Nations,2023,Congo DR,Zambia,75,1,1,0,2.0454,0.0964,1.949,21,3,18,389,359,30,85.09,84.4,64,82,-18,325,248,47,22,2,1,0.1014,0.0,2,0,10,8,68.96,31.04,37.93,1,1,Draw
3920395,2024-01-17,African Cup of Nations,2023,Congo DR,Zambia,85,1,1,0,2.3148,0.0964,2.2184,24,3,21,453,383,70,85.87,83.29,68,90,-22,379,260,51,24,2,1,0.2695,0.0,3,0,4,8,82.58,17.42,65.16,1,1,Draw
3920396,2024-01-18,African Cup of Nations,2023,Egypt,Ghana,15,0,0,0,0.0,0.0218,-0.0218,0,1,-1,76,77,-1,78.95,84.42,35,33,2,59,67,4,6,1,2,0.0,0.0,0,0,24,11,53.4,46.6,6.8,2,2,Draw
3920396,2024-01-18,African Cup of Nations,2023,Egypt,Ghana,30,0,0,0,0.0,0.0218,-0.0218,0,1,-1,174,128,46,84.48,84.38,48,63,-15,138,114,7,14,4,3,0.0,0.0,0,0,10,20,46.02,53.98,-7.95,2,2,Draw
3920396,2024-01-18,African Cup of Nations,2023,Egypt,Ghana,45,0,0,0,0.0349,0.0218,0.0132,1,1,0,238,186,52,84.87,83.87,70,85,-15,192,163,12,19,4,5,0.0349,0.0,1,0,20,17,58.3,41.7,16.6,2,2,Draw
3920396,2024-01-18,African Cup of Nations,2023,Egypt,Ghana,60,0,1,-1,0.1503,0.132,0.0183,4,3,1,326,243,83,84.36,81.07,101,121,-20,258,206,17,27,7,6,0.1154,0.0,3,0,14,26,67.36,32.64,34.73,2,2,Draw
3920396,2024-01-18,African Cup of Nations,2023,Egypt,Ghana,75,2,2,0,1.0543,0.2127,0.8416,7,5,2,387,276,111,84.24,79.71,120,137,-17,312,236,22,32,11,8,0.8681,0.0429,2,1,8,9,71.93,28.07,43.86,2,2,Draw
3920396,2024-01-18,African Cup of Nations,2023,Egypt,Ghana,85,2,2,0,1.1072,0.2127,0.8945,9,5,4,443,315,128,84.2,79.68,141,152,-11,361,269,32,35,12,9,0.0529,0.0,2,0,21,15,70.85,29.15,41.7,2,2,Draw
3920397,2024-01-18,African Cup of Nations,2023,Equatorial Guinea,Guinea-Bissau,15,0,0,0,0.0188,0.026,-0.0072,1,1,0,98,76,22,79.59,80.26,38,26,12,69,65,11,9,1,1,0.0188,0.0,1,0,20,21,60.9,39.1,21.8,4,2,Home Win
3920397,2024-01-18,African Cup of Nations,2023,Equatorial Guinea,Guinea-Bissau,30,1,0,1,0.4533,0.026,0.4273,2,1,1,173,112,61,80.92,78.57,53,46,7,120,90,15,13,2,1,0.0,0.0,0,0,11,15,53.8,46.2,7.59,4,2,Home Win
3920397,2024-01-18,African Cup of Nations,2023,Equatorial Guinea,Guinea-Bissau,45,2,1,1,0.6047,0.0886,0.5162,3,3,0,217,142,75,81.57,77.46,59,61,-2,154,116,21,15,4,3,0.1514,0.054,1,1,2,14,49.65,50.35,-0.69,4,2,Home Win
3920397,2024-01-18,African Cup of Nations,2023,Equatorial Guinea,Guinea-Bissau,60,4,1,3,1.7775,0.3253,1.4522,8,6,2,298,223,75,83.56,77.58,94,90,4,218,178,25,23,4,3,0.5353,0.0,3,0,14,15,76.25,23.75,52.49,4,2,Home Win
3920397,2024-01-18,African Cup of Nations,2023,Equatorial Guinea,Guinea-Bissau,75,4,1,3,1.7775,0.7701,1.0074,8,9,-1,341,273,68,83.87,76.92,112,107,5,251,217,29,25,4,4,0.0,0.4449,0,3,17,17,27.83,72.17,-44.34,4,2,Home Win
3920397,2024-01-18,African Cup of Nations,2023,Equatorial Guinea,Guinea-Bissau,85,4,1,3,1.7775,0.7915,0.986,8,10,-2,367,316,51,83.11,75.32,133,118,15,265,248,32,31,5,4,0.0,0.0214,0,1,21,11,43.04,56.96,-13.91,4,2,Home Win
3920398,2024-01-18,African Cup of Nations,2023,Côte d'Ivoire,Nigeria,15,0,0,0,0.3316,0.3813,-0.0497,3,3,0,86,55,31,83.72,83.64,11,16,-5,72,37,8,4,0,1,0.3316,0.347,3,2,7,7,59.36,40.64,18.72,0,1,Away Win
3920398,2024-01-18,African Cup of Nations,2023,Côte d'Ivoire,Nigeria,30,0,0,0,0.3371,0.4792,-0.1421,4,6,-2,155,94,61,84.52,82.98,19,28,-9,132,70,14,10,1,2,0.0055,0.0979,1,3,4,6,37.22,62.78,-25.55,0,1,Away Win
3920398,2024-01-18,African Cup of Nations,2023,Côte d'Ivoire,Nigeria,45,0,0,0,0.3899,0.5099,-0.12,6,7,-1,229,157,72,83.41,78.98,39,37,2,188,116,18,18,2,5,0.0465,0.0307,1,1,15,8,53.46,46.54,6.91,0,1,Away Win
3920398,2024-01-18,African Cup of Nations,2023,Côte d'Ivoire,Nigeria,60,0,1,-1,0.3899,1.2934,-0.9035,6,8,-2,281,194,87,81.49,79.38,49,50,-1,221,142,20,23,2,5,0.0,0.7835,0,1,2,5,15.12,84.88,-69.76,0,1,Away Win
3920398,2024-01-18,African Cup of Nations,2023,Côte d'Ivoire,Nigeria,75,0,1,-1,0.5081,1.5083,-1.0002,10,10,0,331,222,109,82.18,77.48,59,68,-9,261,155,24,27,2,5,0.0971,0.0,3,0,7,14,74.85,25.15,49.7,0,1,Away Win
3920398,2024-01-18,African Cup of Nations,2023,Côte d'Ivoire,Nigeria,85,0,1,-1,0.5397,1.5756,-1.0359,12,11,1,383,244,139,82.51,76.23,75,89,-14,306,168,33,33,3,5,0.0316,0.0673,2,1,16,21,58.31,41.69,16.63,0,1,Away Win
3920399,2024-01-19,African Cup of Nations,2023,Cape Verde Islands,Mozambique,15,0,0,0,0.1773,0.0,0.1773,4,0,4,121,77,44,87.6,80.52,26,25,1,107,72,7,12,2,1,0.0702,0.0,1,0,11,13,65.21,34.79,30.41,3,0,Home Win
3920399,2024-01-19,African Cup of Nations,2023,Cape Verde Islands,Mozambique,30,0,0,0,0.2091,0.0056,0.2035,6,1,5,197,135,62,89.85,85.19,41,38,3,171,124,11,16,2,2,0.0317,0.0056,2,1,7,8,59.51,40.49,19.02,3,0,Home Win
3920399,2024-01-19,African Cup of Nations,2023,Cape Verde Islands,Mozambique,45,1,0,1,0.2146,0.0199,0.1948,7,2,5,236,222,14,86.86,86.04,66,42,24,198,204,18,23,4,5,0.0,0.0143,0,1,20,3,46.19,53.81,-7.62,3,0,Home Win
3920399,2024-01-19,African Cup of Nations,2023,Cape Verde Islands,Mozambique,60,2,0,2,0.4957,0.1054,0.3902,8,4,4,317,307,10,85.49,84.69,93,64,29,261,276,23,33,6,7,0.0,0.0856,0,2,13,7,26.65,73.35,-46.7,3,0,Home Win
3920399,2024-01-19,African Cup of Nations,2023,Cape Verde Islands,Mozambique,75,3,0,3,0.5021,0.2709,0.2312,9,6,3,368,368,0,84.78,84.78,115,78,37,301,326,27,38,6,8,0.0065,0.117,1,1,13,8,47.11,52.89,-5.78,3,0,Home Win
3920399,2024-01-19,African Cup of Nations,2023,Cape Verde Islands,Mozambique,85,3,0,3,0.5901,0.2999,0.2901,10,7,3,412,421,-9,84.71,83.14,131,90,41,341,365,34,45,8,10,0.0879,0.029,1,1,16,12,52.9,47.1,5.8,3,0,Home Win
3920400,2024-01-19,African Cup of Nations,2023,Senegal,Cameroon,15,1,0,1,0.1521,0.0186,0.1335,2,1,1,71,50,21,76.06,66.0,28,32,-4,43,37,8,9,0,0,0.0781,0.0,1,0,16,20,58.47,41.53,16.94,3,1,Home Win
3920400,2024-01-19,African Cup of Nations,2023,Senegal,Cameroon,30,1,0,1,0.1521,0.0186,0.1335,2,1,1,138,148,-10,76.81,78.38,58,58,0,91,120,13,19,0,1,0.0,0.0,0,0,16,17,41.49,58.51,-17.03,3,1,Home Win
3920400,2024-01-19,African Cup of Nations,2023,Senegal,Cameroon,45,1,0,1,0.2852,0.036,0.2492,3,2,1,228,199,29,79.39,77.89,76,84,-8,154,165,18,26,1,1,0.1332,0.0174,1,1,16,19,49.88,50.12,-0.25,3,1,Home Win
3920400,2024-01-19,African Cup of Nations,2023,Senegal,Cameroon,60,1,0,1,0.2852,0.0577,0.2275,3,3,0,295,298,-3,74.92,78.86,113,114,-1,186,243,26,31,2,4,0.0,0.0217,0,1,15,16,39.7,60.3,-20.6,3,1,Home Win
3920400,2024-01-19,African Cup of Nations,2023,Senegal,Cameroon,75,2,0,2,1.16,0.0577,1.1023,4,3,1,331,345,-14,75.53,77.39,132,132,0,213,276,31,36,2,5,0.8748,0.0,1,0,10,12,74.3,25.7,48.61,3,1,Home Win
3920400,2024-01-19,African Cup of Nations,2023,Senegal,Cameroon,85,2,1,1,1.16,0.1322,1.0278,4,4,0,348,385,-37,75.0,77.66,147,142,5,222,303,33,39,3,5,0.0,0.0745,0,1,15,10,36.05,63.95,-27.9,3,1,Home Win
3920401,2024-01-19,African Cup of Nations,2023,Guinea,Gambia,15,0,0,0,0.0,0.0,0.0,0,0,0,104,44,60,85.58,72.73,22,37,-15,92,35,6,8,0,0,0.0,0.0,0,0,13,20,51.06,48.94,2.13,1,0,Home Win
3920401,2024-01-19,African Cup of Nations,2023,Guinea,Gambia,30,0,0,0,0.1578,0.0355,0.1223,2,1,1,175,129,46,82.86,84.5,39,55,-16,150,99,12,11,0,1,0.1578,0.0355,2,1,6,14,60.41,39.59,20.83,1,0,Home Win
3920401,2024-01-19,African Cup of Nations,2023,Guinea,Gambia,45,0,0,0,1.1496,0.0648,1.0848,8,3,5,257,194,63,82.49,80.41,62,78,-16,214,148,23,17,3,3,0.9139,0.0293,5,2,11,16,68.8,31.2,37.6,1,0,Home Win
3920401,2024-01-19,African Cup of Nations,2023,Guinea,Gambia,60,0,0,0,1.4763,0.109,1.3673,10,4,6,339,249,90,80.83,79.52,78,111,-33,277,187,29,22,5,5,0.2455,0.0442,1,1,11,18,50.02,49.98,0.04,1,0,Home Win
3920401,2024-01-19,African Cup of Nations,2023,Guinea,Gambia,75,1,0,1,1.9836,0.1523,1.8313,13,5,8,410,310,100,80.73,78.71,93,136,-43,331,228,34,25,7,5,0.4617,0.0433,2,1,11,16,59.05,40.95,18.1,1,0,Home Win
3920401,2024-01-19,African Cup of Nations,2023,Guinea,Gambia,85,1,0,1,1.9836,0.2472,1.7364,13,6,7,444,345,99,80.41,79.13,107,152,-45,358,254,34,29,9,6,0.0,0.0949,0,1,14,16,35.82,64.18,-28.36,1,0,Home Win
3895202,2024-01-20,1. Bundesliga,2023/2024,RB Leipzig,Bayer Leverkusen,15,1,0,1,0.4556,0.0761,0.3795,4,2,2,145,69,76,90.34,86.96,24,38,-14,137,66,6,8,3,0,0.4244,0.0471,3,1,12,16,62.68,37.32,25.36,2,3,Away Win
3895202,2024-01-20,1. Bundesliga,2023/2024,RB Leipzig,Bayer Leverkusen,30,1,0,1,0.5534,0.1452,0.4082,6,4,2,209,186,23,84.21,90.86,48,62,-14,194,171,17,13,3,1,0.0977,0.069,2,2,15,11,45.99,54.01,-8.02,2,3,Away Win
3895202,2024-01-20,1. Bundesliga,2023/2024,RB Leipzig,Bayer Leverkusen,45,1,0,1,0.5946,0.219,0.3757,7,5,2,278,325,-47,82.73,90.15,86,91,-5,259,291,28,19,7,4,0.0413,0.0738,1,1,26,23,47.91,52.09,-4.17,2,3,Away Win
3895202,2024-01-20,1. Bundesliga,2023/2024,RB Leipzig,Bayer Leverkusen,60,2,1,1,0.8996,1.1798,-0.2801,9,9,0,340,470,-130,81.47,89.36,120,113,7,312,419,35,26,11,4,0.305,0.1517,2,2,19,14,45.87,54.13,-8.26,2,3,Away Win
3895202,2024-01-20,1. Bundesliga,2023/2024,RB Leipzig,Bayer Leverkusen,75,2,2,0,0.8996,1.4855,-0.5859,9,13,-4,373,554,-181,79.62,88.27,137,130,7,340,480,40,32,15,4,0.0,0.1225,0,3,15,14,24.56,75.44,-50.88,2,3,Away Win
3895202,2024-01-20,1. Bundesliga,2023/2024,RB Leipzig,Bayer Leverkusen,85,2,2,0,0.8996,1.6992,-0.7996,9,17,-8,395,658,-263,78.99,89.06,156,134,22,356,568,42,37,15,4,0.0,0.2137,0,4,19,4,22.65,77.35,-54.7,2,3,Away Win
3920402,2024-01-20,African Cup of Nations,2023,Algeria,Burkina Faso,15,0,0,0,0.0076,0.0477,-0.0401,1,1,0,120,55,65,90.83,81.82,21,28,-7,97,48,5,9,1,0,0.0076,0.0,1,0,10,15,62.33,37.67,24.67,2,2,Draw
3920402,2024-01-20,African Cup of Nations,2023,Algeria,Burkina Faso,30,0,0,0,0.1623,0.0477,0.1146,2,1,1,169,101,68,87.57,74.26,34,47,-13,132,78,11,18,2,2,0.1547,0.0,1,0,10,6,65.93,34.07,31.86,2,2,Draw
3920402,2024-01-20,African Cup of Nations,2023,Algeria,Burkina Faso,45,0,0,0,0.2404,0.1088,0.1316,4,2,2,247,150,97,88.26,75.33,55,74,-19,193,118,15,27,3,5,0.0781,0.0611,2,1,17,19,56.92,43.08,13.83,2,2,Draw
3920402,2024-01-20,African Cup of Nations,2023,Algeria,Burkina Faso,60,1,1,0,1.6689,0.4573,1.2116,10,5,5,302,194,108,86.42,73.71,77,88,-11,228,150,24,36,5,6,0.5738,0.0,3,0,11,11,79.48,20.52,58.95,2,2,Draw
3920402,2024-01-20,African Cup of Nations,2023,Algeria,Burkina Faso,75,1,2,-1,1.7162,1.2408,0.4754,11,6,5,343,224,119,86.59,75.0,86,97,-11,258,172,25,39,6,7,0.0,0.7835,0,1,2,5,20.47,79.53,-59.05,2,2,Draw
3920402,2024-01-20,African Cup of Nations,2023,Algeria,Burkina Faso,85,1,2,-1,1.898,1.2408,0.6572,13,6,7,405,236,169,88.15,74.15,92,108,-16,317,178,28,42,7,7,0.1818,0.0,2,0,6,11,78.31,21.69,56.62,2,2,Draw
3920403,2024-01-20,African Cup of Nations,2023,Mauritania,Angola,15,0,0,0,0.1914,0.2449,-0.0536,3,5,-2,66,80,-14,72.73,81.25,25,21,4,51,60,11,6,0,2,0.1521,0.164,2,4,14,10,41.38,58.62,-17.25,2,3,Away Win
3920403,2024-01-20,African Cup of Nations,2023,Mauritania,Angola,30,0,1,-1,0.7557,0.94,-0.1843,5,10,-5,99,131,-32,72.73,80.92,46,36,10,76,104,15,17,2,2,0.3216,0.6951,1,5,15,8,29.34,70.66,-41.32,2,3,Away Win
3920403,2024-01-20,African Cup of Nations,2023,Mauritania,Angola,45,1,1,0,0.8759,0.94,-0.0641,7,10,-3,191,194,-3,75.39,78.35,70,70,0,151,150,24,25,2,5,0.1202,0.0,2,0,17,24,64.3,35.7,28.59,2,3,Away Win
3920403,2024-01-20,African Cup of Nations,2023,Mauritania,Angola,60,2,3,-1,0.9398,1.8272,-0.8875,9,16,-7,265,258,7,76.98,78.29,98,99,-1,214,194,32,33,5,8,0.0383,0.0399,1,1,14,18,52.09,47.91,4.18,2,3,Away Win
3920403,2024-01-20,African Cup of Nations,2023,Mauritania,Angola,75,2,3,-1,1.0527,2.044,-0.9913,12,20,-8,341,299,42,79.47,76.25,108,117,-9,287,222,41,37,7,10,0.1129,0.1976,3,3,8,13,51.34,48.66,2.68,2,3,Away Win
3920403,2024-01-20,African Cup of Nations,2023,Mauritania,Angola,85,2,3,-1,1.1113,2.044,-0.9326,14,20,-6,370,317,53,79.73,75.08,118,131,-13,320,233,50,44,10,10,0.0587,0.0,2,0,10,14,69.26,30.74,38.53,2,3,Away Win
3920404,2024-01-20,African Cup of Nations,2023,Tunisia,Mali,15,0,1,-1,0.0,0.0572,-0.0572,0,1,-1,64,86,-22,64.06,86.05,33,28,5,34,66,5,6,1,2,0.0,0.0572,0,1,26,9,46.25,53.75,-7.49,1,1,Draw
3920404,2024-01-20,African Cup of Nations,2023,Tunisia,Mali,30,1,1,0,0.4219,0.0572,0.3647,2,1,1,133,146,-13,75.94,84.93,50,59,-9,85,110,12,13,1,5,0.0,0.0,0,0,13,20,43.71,56.29,-12.59,1,1,Draw
3920404,2024-01-20,African Cup of Nations,2023,Tunisia,Mali,45,1,1,0,0.4274,0.1822,0.2452,3,3,0,182,267,-85,74.73,85.77,87,82,5,118,205,16,23,2,7,0.0055,0.0473,1,1,28,21,44.56,55.44,-10.88,1,1,Draw
3920404,2024-01-20,African Cup of Nations,2023,Tunisia,Mali,60,1,1,0,0.4563,0.4028,0.0535,4,7,-3,224,334,-110,74.55,85.33,110,102,8,141,251,20,24,4,8,0.0,0.0519,0,2,16,10,32.69,67.31,-34.62,1,1,Draw
3920404,2024-01-20,African Cup of Nations,2023,Tunisia,Mali,75,1,1,0,0.4563,0.5077,-0.0514,4,8,-4,292,426,-134,74.32,85.21,125,126,-1,194,319,30,28,4,8,0.0,0.1049,0,1,7,13,28.5,71.5,-43.01,1,1,Draw
3920404,2024-01-20,African Cup of Nations,2023,Tunisia,Mali,85,1,1,0,0.53,0.7432,-0.2132,5,10,-5,323,477,-154,73.37,85.32,136,140,-4,215,350,35,28,4,9,0.0737,0.2355,1,2,11,14,38.77,61.23,-22.47,1,1,Draw
3920405,2024-01-21,African Cup of Nations,2023,Morocco,Congo DR,15,1,0,1,0.2452,0.3328,-0.0875,3,3,0,57,49,8,82.46,79.59,19,16,3,46,32,6,6,0,0,0.0279,0.3328,1,3,18,13,37.27,62.73,-25.47,1,1,Draw
3920405,2024-01-21,African Cup of Nations,2023,Morocco,Congo DR,30,1,0,1,0.3291,0.3763,-0.0472,5,4,1,147,99,48,91.16,77.78,29,44,-15,127,70,6,10,2,0,0.0066,0.0436,1,1,7,13,48.15,51.85,-3.7,1,1,Draw
3920405,2024-01-21,African Cup of Nations,2023,Morocco,Congo DR,45,1,0,1,0.3291,1.1598,-0.8307,5,5,0,156,123,33,88.46,77.24,43,54,-11,134,90,10,13,3,0,0.0,0.7835,0,1,11,10,23.47,76.53,-53.05,1,1,Draw
3920405,2024-01-21,African Cup of Nations,2023,Morocco,Congo DR,60,1,0,1,0.5725,1.2307,-0.6581,7,7,0,286,236,50,85.31,76.69,75,89,-14,229,178,18,28,6,2,0.2435,0.0233,2,1,17,14,57.87,42.13,15.73,1,1,Draw
3920405,2024-01-21,African Cup of Nations,2023,Morocco,Congo DR,75,1,1,0,0.5781,1.8256,-1.2475,8,9,-1,329,288,41,83.89,77.08,94,102,-8,262,217,20,35,7,2,0.0,0.3327,0,1,12,7,30.7,69.3,-38.6,1,1,Draw
3920405,2024-01-21,African Cup of Nations,2023,Morocco,Congo DR,85,1,1,0,0.5781,2.2632,-1.6851,8,10,-2,381,313,68,83.46,77.32,105,114,-9,300,235,23,39,7,2,0.0,0.4376,0,1,11,12,36.76,63.24,-26.47,1,1,Draw
3920406,2024-01-21,African Cup of Nations,2023,Zambia,Tanzania,15,0,1,-1,0.0,0.1697,-0.1697,0,2,-2,73,127,-54,83.56,88.98,22,14,8,52,112,2,5,2,2,0.0,0.1697,0,2,13,6,30.89,69.11,-38.22,1,1,Draw
3920406,2024-01-21,African Cup of Nations,2023,Zambia,Tanzania,30,0,1,-1,0.3692,0.1899,0.1793,3,3,0,148,206,-58,83.78,86.89,38,29,9,109,173,6,11,3,3,0.196,0.0,1,0,14,5,61.37,38.63,22.73,1,1,Draw
3920406,2024-01-21,African Cup of Nations,2023,Zambia,Tanzania,45,0,1,-1,0.3772,0.2631,0.114,4,4,0,225,260,-35,84.89,85.38,50,39,11,169,210,9,12,3,3,0.0079,0.0,1,0,7,6,64.47,35.53,28.93,1,1,Draw
3920406,2024-01-21,African Cup of Nations,2023,Zambia,Tanzania,60,0,1,-1,0.4006,0.326,0.0746,5,5,0,300,351,-51,84.0,85.19,68,68,0,224,276,15,17,3,4,0.0234,0.0,1,0,13,19,51.85,48.15,3.71,1,1,Draw
3920406,2024-01-21,African Cup of Nations,2023,Zambia,Tanzania,75,0,1,-1,0.6256,0.3904,0.2352,7,6,1,361,447,-86,83.93,85.68,90,91,-1,277,354,21,23,3,5,0.006,0.0644,1,1,12,14,44.71,55.29,-10.57,1,1,Draw
3920406,2024-01-21,African Cup of Nations,2023,Zambia,Tanzania,85,0,1,-1,0.6256,0.3904,0.2352,7,6,1,429,495,-66,84.38,85.45,103,117,-14,337,387,26,27,4,5,0.0,0.0,0,0,13,26,46.99,53.01,-6.03,1,1,Draw
3920407,2024-01-21,African Cup of Nations,2023,South Africa,Namibia,15,1,0,1,0.7835,0.0714,0.7121,1,2,-1,64,39,25,65.62,51.28,25,22,3,36,30,4,14,3,0,0.7835,0.0,1,0,2,6,81.04,18.96,62.08,4,0,Home Win
3920407,2024-01-21,African Cup of Nations,2023,South Africa,Namibia,30,2,0,2,0.9697,0.5306,0.4391,2,3,-1,123,127,-4,67.48,70.87,51,40,11,77,88,14,20,6,4,0.1862,0.0,1,0,16,10,65.8,34.2,31.6,4,0,Home Win
3920407,2024-01-21,African Cup of Nations,2023,South Africa,Namibia,45,3,0,3,1.7664,0.5306,1.2358,6,3,3,185,202,-17,68.11,69.31,80,69,11,126,145,29,37,11,5,0.3009,0.0,2,0,22,24,61.98,38.02,23.96,4,0,Home Win
3920407,2024-01-21,African Cup of Nations,2023,South Africa,Namibia,60,3,0,3,1.9715,0.5685,1.403,7,4,3,261,298,-37,68.2,69.46,116,98,18,168,215,37,49,12,10,0.0,0.0,0,0,24,17,51.76,48.24,3.53,4,0,Home Win
3920407,2024-01-21,African Cup of Nations,2023,South Africa,Namibia,75,4,0,4,2.1899,0.5685,1.6214,11,4,7,306,340,-34,68.95,68.53,136,116,20,209,248,46,58,12,10,0.1875,0.0,2,0,9,9,70.27,29.73,40.54,4,0,Home Win
3920407,2024-01-21,African Cup of Nations,2023,South Africa,Namibia,85,4,0,4,2.1899,0.5685,1.6214,11,4,7,358,363,-5,70.11,68.04,144,129,15,248,260,52,62,12,11,0.0,0.0,0,0,8,13,55.36,44.64,10.71,4,0,Home Win
3920408,2024-01-22,African Cup of Nations,2023,Equatorial Guinea,Côte d'Ivoire,15,0,0,0,0.0068,0.0896,-0.0828,1,3,-2,33,75,-42,48.48,77.33,14,15,-1,15,63,7,10,0,2,0.0068,0.0266,1,1,9,15,39.82,60.18,-20.36,4,0,Home Win
3920408,2024-01-22,African Cup of Nations,2023,Equatorial Guinea,Côte d'Ivoire,30,0,0,0,0.0068,0.1864,-0.1796,1,4,-3,70,156,-86,55.71,78.21,39,43,-4,44,128,17,14,0,4,0.0,0.0968,0,1,20,15,38.05,61.95,-23.9,4,0,Home Win
3920408,2024-01-22,African Cup of Nations,2023,Equatorial Guinea,Côte d'Ivoire,45,1,0,1,0.1786,0.2874,-0.1087,2,5,-3,97,238,-141,61.86,80.25,59,59,0,65,189,20,19,0,5,0.1719,0.101,1,1,17,15,45.9,54.1,-8.2,4,0,Home Win
3920408,2024-01-22,African Cup of Nations,2023,Equatorial Guinea,Côte d'Ivoire,60,1,0,1,0.1869,1.1534,-0.9665,3,12,-9,131,314,-183,60.31,79.62,85,78,7,86,242,24,31,1,5,0.0083,0.426,1,3,18,11,31.82,68.18,-36.36,4,0,Home Win
3920408,2024-01-22,African Cup of Nations,2023,Equatorial Guinea,Côte d'Ivoire,75,3,0,3,0.4996,1.1733,-0.6737,5,13,-8,150,361,-211,58.67,77.84,97,86,11,98,270,30,40,1,5,0.3128,0.0,2,0,4,6,75.02,24.98,50.05,4,0,Home Win
3920408,2024-01-22,African Cup of Nations,2023,Equatorial Guinea,Côte d'Ivoire,85,3,0,3,0.5551,1.8876,-1.3325,7,18,-11,173,418,-245,58.96,79.43,115,99,16,114,315,35,41,1,5,0.0554,0.7143,2,5,18,13,32.39,67.61,-35.22,4,0,Home Win
3920409,2024-01-22,African Cup of Nations,2023,Guinea-Bissau,Nigeria,15,0,0,0,0.0383,0.1012,-0.0629,2,2,0,126,72,54,89.68,77.78,26,30,-4,99,59,4,9,4,1,0.0383,0.0,2,0,13,16,64.01,35.99,28.03,0,1,Away Win
3920409,2024-01-22,African Cup of Nations,2023,Guinea-Bissau,Nigeria,30,0,0,0,0.0676,0.1774,-0.1098,3,4,-1,173,170,3,88.44,84.12,55,46,9,136,145,9,16,6,1,0.0,0.0213,0,1,20,6,41.76,58.24,-16.47,0,1,Away Win
3920409,2024-01-22,African Cup of Nations,2023,Guinea-Bissau,Nigeria,45,0,1,-1,0.1669,0.1774,-0.0105,6,4,2,240,238,2,87.5,84.03,73,68,5,184,200,13,21,7,2,0.0994,0.0,3,0,16,17,66.4,33.6,32.8,0,1,Away Win
3920409,2024-01-22,African Cup of Nations,2023,Guinea-Bissau,Nigeria,60,0,1,-1,0.2222,0.4311,-0.2089,8,7,1,318,327,-9,86.16,84.1,111,95,16,246,278,21,31,9,3,0.0477,0.1686,1,2,26,8,46.5,53.5,-7.0,0,1,Away Win
3920409,2024-01-22,African Cup of Nations,2023,Guinea-Bissau,Nigeria,75,0,1,-1,0.2222,0.526,-0.3038,8,9,-1,394,395,-1,86.8,84.05,131,107,24,310,342,26,39,10,4,0.0,0.0446,0,1,17,10,45.77,54.23,-8.46,0,1,Away Win
3920409,2024-01-22,African Cup of Nations,2023,Guinea-Bissau,Nigeria,85,0,1,-1,0.309,0.9708,-0.6619,11,11,0,417,432,-15,86.57,84.49,136,117,19,328,374,28,40,11,4,0.0867,0.4448,3,2,5,10,46.39,53.61,-7.22,0,1,Away Win
3920410,2024-01-22,African Cup of Nations,2023,Mozambique,Ghana,15,0,1,-1,0.0,0.8248,-0.8248,0,2,-2,58,47,11,75.86,78.72,25,16,9,49,43,7,10,0,1,0.0,0.7835,0,1,11,12,26.75,73.25,-46.51,2,2,Draw
3920410,2024-01-22,African Cup of Nations,2023,Mozambique,Ghana,30,0,1,-1,0.0,0.8248,-0.8248,0,2,-2,142,85,57,75.35,75.29,39,41,-2,115,69,14,15,2,1,0.0,0.0,0,0,6,19,49.69,50.31,-0.62,2,2,Draw
3920410,2024-01-22,African Cup of Nations,2023,Mozambique,Ghana,45,0,1,-1,0.0089,0.8916,-0.8827,1,3,-2,223,145,78,76.23,75.86,61,61,0,181,116,19,26,4,4,0.0089,0.0668,1,1,20,18,52.49,47.51,4.98,2,2,Draw
3920410,2024-01-22,African Cup of Nations,2023,Mozambique,Ghana,60,0,1,-1,0.4221,0.9608,-0.5387,6,5,1,313,217,96,78.27,74.65,85,93,-8,234,170,33,34,6,8,0.1762,0.0432,3,1,15,17,62.54,37.46,25.09,2,2,Draw
3920410,2024-01-22,African Cup of Nations,2023,Mozambique,Ghana,75,0,2,-2,0.5773,1.8209,-1.2437,8,7,1,337,232,105,77.45,73.71,92,102,-10,247,180,38,37,7,8,0.1552,0.7835,2,1,2,3,45.56,54.44,-8.89,2,2,Draw
3920410,2024-01-22,African Cup of Nations,2023,Mozambique,Ghana,85,0,2,-2,0.5773,1.8432,-1.2659,8,8,0,379,255,124,77.84,72.94,113,118,-5,280,203,41,45,8,9,0.0,0.0222,0,1,21,16,45.93,54.07,-8.15,2,2,Draw
3920411,2024-01-22,African Cup of Nations,2023,Cape Verde Islands,Egypt,15,0,0,0,0.0,0.2557,-0.2557,0,4,-4,115,88,27,86.96,87.5,30,42,-12,101,68,8,6,3,2,0.0,0.2557,0,4,12,25,30.24,69.76,-39.52,2,2,Draw
3920411,2024-01-22,African Cup of Nations,2023,Cape Verde Islands,Egypt,30,0,0,0,0.0,0.5827,-0.5827,0,9,-9,175,170,5,86.86,90.0,48,61,-13,157,141,12,16,3,4,0.0,0.1016,0,3,11,6,26.1,73.9,-47.8,2,2,Draw
3920411,2024-01-22,African Cup of Nations,2023,Cape Verde Islands,Egypt,45,1,0,1,0.0823,0.8003,-0.7181,2,13,-11,215,240,-25,84.19,89.17,71,71,0,185,196,18,23,4,7,0.0568,0.2176,1,4,17,7,33.78,66.22,-32.45,2,2,Draw
3920411,2024-01-22,African Cup of Nations,2023,Cape Verde Islands,Egypt,60,1,1,0,0.0823,1.2229,-1.1407,2,21,-19,298,353,-55,83.89,86.97,97,98,-1,259,280,30,35,6,8,0.0,0.1522,0,4,8,14,26.23,73.77,-47.55,2,2,Draw
3920411,2024-01-22,African Cup of Nations,2023,Cape Verde Islands,Egypt,75,1,1,0,0.1081,1.2907,-1.1826,3,23,-20,356,395,-39,83.71,85.82,113,117,-4,313,310,40,42,7,11,0.0259,0.0592,1,1,6,13,50.79,49.21,1.58,2,2,Draw
3920411,2024-01-22,African Cup of Nations,2023,Cape Verde Islands,Egypt,85,1,1,0,0.287,1.5113,-1.2243,5,24,-19,386,450,-64,83.94,86.67,129,128,1,338,354,41,44,7,11,0.1789,0.2206,2,1,16,11,54.2,45.8,8.39,2,2,Draw
3920412,2024-01-23,African Cup of Nations,2023,Guinea,Senegal,15,0,0,0,0.0,0.1487,-0.1487,0,4,-4,76,91,-15,85.53,84.62,19,22,-3,63,80,5,7,0,2,0.0,0.1487,0,4,11,12,21.76,78.24,-56.48,0,2,Away Win
3920412,2024-01-23,African Cup of Nations,2023,Guinea,Senegal,30,0,0,0,0.0,0.1801,-0.1801,0,5,-5,145,158,-13,80.69,83.54,39,46,-7,121,136,12,13,0,4,0.0,0.0315,0,1,15,11,41.99,58.01,-16.03,0,2,Away Win
3920412,2024-01-23,African Cup of Nations,2023,Guinea,Senegal,45,0,0,0,0.0,0.1801,-0.1801,0,5,-5,218,234,-16,80.73,83.33,63,76,-13,182,205,19,18,0,6,0.0,0.0,0,0,14,17,47.46,52.54,-5.07,0,2,Away Win
3920412,2024-01-23,African Cup of Nations,2023,Guinea,Senegal,60,0,1,-1,0.1107,0.7355,-0.6247,1,10,-9,255,312,-57,78.43,83.65,81,100,-19,214,275,28,26,2,7,0.1107,0.5366,1,4,10,14,28.25,71.75,-43.5,0,2,Away Win
3920412,2024-01-23,African Cup of Nations,2023,Guinea,Senegal,75,0,1,-1,0.4548,0.7896,-0.3349,2,11,-9,310,343,-33,78.71,82.22,96,121,-25,259,301,33,34,4,8,0.344,0.0,1,0,13,16,64.14,35.86,28.29,0,2,Away Win
3920412,2024-01-23,African Cup of Nations,2023,Guinea,Senegal,85,0,1,-1,0.4919,0.7896,-0.2978,3,11,-8,364,396,-32,78.85,81.82,115,142,-27,310,343,41,40,4,8,0.0371,0.0,1,0,19,21,57.58,42.42,15.15,0,2,Away Win
3920413,2024-01-23,African Cup of Nations,2023,Gambia,Cameroon,15,0,0,0,0.1023,0.3095,-0.2072,2,3,-1,52,86,-34,67.31,76.74,32,17,15,34,62,7,3,2,4,0.1023,0.1518,2,2,18,8,53.24,46.76,6.49,2,3,Away Win
3920413,2024-01-23,African Cup of Nations,2023,Gambia,Cameroon,30,0,0,0,0.1918,0.3095,-0.1176,4,3,1,103,144,-41,71.84,77.78,56,40,16,80,103,14,6,3,4,0.0896,0.0,2,0,13,17,67.14,32.86,34.27,2,3,Away Win
3920413,2024-01-23,African Cup of Nations,2023,Gambia,Cameroon,45,0,0,0,0.3005,0.3526,-0.052,6,4,2,154,194,-40,73.38,75.77,76,66,10,123,142,21,16,6,7,0.0612,0.0,1,0,12,19,55.87,44.13,11.74,2,3,Away Win
3920413,2024-01-23,African Cup of Nations,2023,Gambia,Cameroon,60,0,1,-1,0.3112,0.9539,-0.6427,7,9,-2,208,281,-73,73.08,79.36,109,89,20,160,219,27,30,6,7,0.0107,0.4885,1,3,12,14,33.19,66.81,-33.62,2,3,Away Win
3920413,2024-01-23,African Cup of Nations,2023,Gambia,Cameroon,75,1,1,0,1.0256,1.0347,-0.0091,13,10,3,273,333,-60,72.89,78.38,127,124,3,217,254,45,39,7,11,0.7144,0.0808,6,1,10,28,68.76,31.24,37.51,2,3,Away Win
3920413,2024-01-23,African Cup of Nations,2023,Gambia,Cameroon,85,2,1,1,1.2965,1.1385,0.158,15,11,4,292,363,-71,71.92,77.41,136,139,-3,234,269,51,43,7,12,0.2709,0.1038,2,1,9,15,56.3,43.7,12.59,2,3,Away Win
3920414,2024-01-23,African Cup of Nations,2023,Angola,Burkina Faso,15,0,0,0,0.0061,0.0365,-0.0304,1,2,-1,85,105,-20,87.06,88.57,34,31,3,78,100,10,9,2,2,0.0061,0.0365,1,2,25,20,44.53,55.47,-10.93,2,0,Home Win
3920414,2024-01-23,African Cup of Nations,2023,Angola,Burkina Faso,30,0,0,0,0.0061,0.3049,-0.2988,1,5,-4,149,167,-18,85.23,88.02,60,48,12,128,161,13,13,3,2,0.0,0.2683,0,3,20,11,30.59,69.41,-38.83,2,0,Home Win
3920414,2024-01-23,African Cup of Nations,2023,Angola,Burkina Faso,45,1,0,1,0.1107,0.3645,-0.2538,2,6,-4,212,217,-5,84.43,85.25,84,70,14,179,202,18,20,4,5,0.0,0.0596,0,1,24,18,45.44,54.56,-9.13,2,0,Home Win
3920414,2024-01-23,African Cup of Nations,2023,Angola,Burkina Faso,60,1,0,1,0.1494,0.7765,-0.6271,3,13,-10,283,334,-51,82.69,81.14,117,100,17,231,287,28,31,9,6,0.0387,0.1097,1,2,19,14,42.71,57.29,-14.59,2,0,Home Win
3920414,2024-01-23,African Cup of Nations,2023,Angola,Burkina Faso,75,1,0,1,0.2239,0.8841,-0.6602,4,16,-12,354,389,-35,83.9,81.49,134,116,18,292,331,34,37,9,7,0.0745,0.1076,1,3,11,13,38.23,61.77,-23.54,2,0,Home Win
3920414,2024-01-23,African Cup of Nations,2023,Angola,Burkina Faso,85,1,0,1,0.2239,0.9191,-0.6952,4,17,-13,372,417,-45,82.53,80.82,149,120,29,304,355,38,44,11,8,0.0,0.035,0,1,15,4,43.24,56.76,-13.52,2,0,Home Win
3920415,2024-01-23,African Cup of Nations,2023,Mauritania,Algeria,15,0,0,0,0.0,0.0,0.0,0,0,0,42,110,-68,69.05,89.09,36,23,13,33,96,5,5,2,1,0.0,0.0,0,0,21,17,45.99,54.01,-8.02,1,0,Home Win
3920415,2024-01-23,African Cup of Nations,2023,Mauritania,Algeria,30,0,0,0,0.0,0.1088,-0.1088,0,3,-3,67,219,-152,58.21,88.13,70,34,36,48,190,10,9,6,3,0.0,0.0822,0,1,23,9,40.13,59.87,-19.74,1,0,Home Win
3920415,2024-01-23,African Cup of Nations,2023,Mauritania,Algeria,45,1,0,1,0.1162,0.2044,-0.0882,3,6,-3,96,314,-218,57.29,87.9,97,46,51,69,277,16,15,7,4,0.0923,0.0956,2,3,14,8,41.9,58.1,-16.19,1,0,Home Win
3920415,2024-01-23,African Cup of Nations,2023,Mauritania,Algeria,60,1,0,1,0.5813,0.4334,0.1479,10,9,1,139,418,-279,61.15,88.04,129,70,59,109,369,27,20,8,6,0.3328,0.0616,4,1,9,17,62.31,37.69,24.61,1,0,Home Win
3920415,2024-01-23,African Cup of Nations,2023,Mauritania,Algeria,75,1,0,1,0.665,0.6792,-0.0143,12,13,-1,161,500,-339,60.87,86.8,163,87,76,130,447,35,31,9,7,0.0747,0.1874,1,2,28,10,42.9,57.1,-14.21,1,0,Home Win
3920415,2024-01-23,African Cup of Nations,2023,Mauritania,Algeria,85,1,0,1,1.2933,0.6792,0.614,15,13,2,176,523,-347,58.52,84.89,170,91,79,140,459,42,34,9,7,0.6283,0.0,3,0,7,4,86.5,13.5,73.0,1,0,Home Win
3920416,2024-01-24,African Cup of Nations,2023,South Africa,Tunisia,15,0,0,0,0.0478,0.2418,-0.194,1,3,-2,56,69,-13,78.57,76.81,27,28,-1,47,50,4,10,2,1,0.0478,0.032,1,2,18,18,44.28,55.72,-11.44,0,0,Draw
3920416,2024-01-24,African Cup of Nations,2023,South Africa,Tunisia,30,0,0,0,0.2215,0.3556,-0.1341,3,5,-2,112,172,-60,78.57,83.72,59,62,-3,90,126,9,13,2,2,0.1737,0.1138,2,2,28,22,48.52,51.48,-2.97,0,0,Draw
3920416,2024-01-24,African Cup of Nations,2023,South Africa,Tunisia,45,0,0,0,0.2598,0.4196,-0.1599,5,7,-2,192,232,-40,82.29,82.76,80,99,-19,159,165,18,22,2,5,0.0291,0.0392,1,1,10,30,45.6,54.4,-8.8,0,0,Draw
3920416,2024-01-24,African Cup of Nations,2023,South Africa,Tunisia,60,0,0,0,0.2659,0.4196,-0.1537,6,7,-1,290,343,-53,81.03,81.63,124,143,-19,247,244,35,31,2,7,0.0,0.0,0,0,26,36,50.54,49.46,1.09,0,0,Draw
3920416,2024-01-24,African Cup of Nations,2023,South Africa,Tunisia,75,0,0,0,0.2659,0.4196,-0.1537,6,7,-1,373,420,-47,80.97,80.71,159,188,-29,324,300,51,38,3,9,0.0,0.0,0,0,21,26,51.65,48.35,3.31,0,0,Draw
3920416,2024-01-24,African Cup of Nations,2023,South Africa,Tunisia,85,0,0,0,0.4655,0.4196,0.0459,10,7,3,392,473,-81,79.85,80.13,177,199,-22,338,335,57,41,5,9,0.1996,0.0,4,0,18,11,75.46,24.54,50.92,0,0,Draw
3920417,2024-01-24,African Cup of Nations,2023,Namibia,Mali,15,0,0,0,0.3707,0.0367,0.334,1,1,0,51,100,-49,60.78,84.0,36,20,16,31,79,7,4,0,0,0.3707,0.0,1,0,26,18,62.51,37.49,25.02,0,0,Draw
3920417,2024-01-24,African Cup of Nations,2023,Namibia,Mali,30,0,0,0,0.3707,0.372,-0.0013,1,3,-2,84,181,-97,64.29,85.64,64,31,33,58,147,12,12,2,0,0.0,0.3237,0,1,20,6,34.55,65.45,-30.91,0,0,Draw
3920417,2024-01-24,African Cup of Nations,2023,Namibia,Mali,45,0,0,0,0.539,0.372,0.167,3,3,0,122,273,-151,60.66,86.08,80,42,38,82,223,18,16,3,4,0.1683,0.0,2,0,8,4,61.25,38.75,22.5,0,0,Draw
3920417,2024-01-24,African Cup of Nations,2023,Namibia,Mali,60,0,0,0,0.6091,0.372,0.2371,4,3,1,189,326,-137,61.9,83.44,93,64,29,125,258,24,22,4,5,0.07,0.0,1,0,6,16,54.51,45.49,9.03,0,0,Draw
3920417,2024-01-24,African Cup of Nations,2023,Namibia,Mali,75,0,0,0,0.6562,0.511,0.1451,5,6,-1,230,403,-173,59.57,83.13,118,75,43,155,326,35,29,4,5,0.0,0.0161,0,2,16,5,33.13,66.87,-33.74,0,0,Draw
3920417,2024-01-24,African Cup of Nations,2023,Namibia,Mali,85,0,0,0,0.6562,0.6393,0.0168,5,10,-5,253,451,-198,58.1,83.81,135,83,52,166,370,40,37,4,5,0.0,0.1283,0,4,17,8,24.23,75.77,-51.54,0,0,Draw
3920418,2024-01-24,African Cup of Nations,2023,Tanzania,Congo DR,15,0,0,0,0.0497,0.0379,0.0118,3,1,2,106,95,11,84.91,83.16,39,46,-7,84,84,7,7,1,2,0.0438,0.0379,2,1,15,37,47.5,52.5,-5.0,0,0,Draw
3920418,2024-01-24,African Cup of Nations,2023,Tanzania,Congo DR,30,0,0,0,0.0497,0.2894,-0.2397,3,2,1,208,168,40,87.02,85.12,57,91,-34,166,143,15,12,1,3,0.0,0.2515,0,1,12,24,33.91,66.09,-32.19,0,0,Draw
3920418,2024-01-24,African Cup of Nations,2023,Tanzania,Congo DR,45,0,0,0,0.0497,0.484,-0.4343,3,5,-2,268,263,5,83.58,85.55,95,117,-22,197,228,21,18,1,5,0.0,0.0,0,0,28,14,51.27,48.73,2.54,0,0,Draw
3920418,2024-01-24,African Cup of Nations,2023,Tanzania,Congo DR,60,0,0,0,0.0497,0.5177,-0.468,3,6,-3,360,344,16,82.78,84.3,117,159,-42,266,296,30,27,2,7,0.0,0.0337,0,1,17,21,39.06,60.94,-21.87,0,0,Draw
3920418,2024-01-24,African Cup of Nations,2023,Tanzania,Congo DR,75,0,0,0,0.0586,0.592,-0.5335,4,7,-3,454,409,45,81.94,82.89,140,185,-45,323,346,36,34,3,8,0.0,0.0743,0,1,8,15,32.34,67.66,-35.33,0,0,Draw
3920418,2024-01-24,African Cup of Nations,2023,Tanzania,Congo DR,85,0,0,0,0.0586,0.6591,-0.6005,4,9,-5,479,432,47,81.0,81.94,148,193,-45,340,364,41,38,3,9,0.0,0.067,0,2,8,8,29.1,70.9,-41.8,0,0,Draw
3920419,2024-01-24,African Cup of Nations,2023,Zambia,Morocco,15,0,0,0,0.1012,0.2213,-0.12,1,3,-2,57,132,-75,75.44,87.88,35,28,7,46,112,12,11,3,1,0.1012,0.1171,1,2,16,16,40.66,59.34,-18.67,0,1,Away Win
3920419,2024-01-24,African Cup of Nations,2023,Zambia,Morocco,30,0,0,0,0.1678,0.3218,-0.154,3,5,-2,102,203,-101,79.41,89.66,55,44,11,76,183,17,16,4,1,0.0666,0.1006,2,2,11,11,45.74,54.26,-8.51,0,1,Away Win
3920419,2024-01-24,African Cup of Nations,2023,Zambia,Morocco,45,0,1,-1,0.21,0.904,-0.694,4,10,-6,133,295,-162,77.44,91.53,78,53,25,98,265,22,23,6,1,0.0,0.5182,0,4,19,8,22.78,77.22,-54.45,0,1,Away Win
3920419,2024-01-24,African Cup of Nations,2023,Zambia,Morocco,60,0,1,-1,0.3262,1.4276,-1.1014,7,13,-6,213,386,-173,79.81,90.16,100,82,18,163,342,28,26,7,3,0.0395,0.1048,2,1,9,24,48.17,51.83,-3.65,0,1,Away Win
3920419,2024-01-24,African Cup of Nations,2023,Zambia,Morocco,75,0,1,-1,0.3699,1.4276,-1.0577,8,13,-5,286,456,-170,81.12,89.25,116,101,15,224,406,37,31,7,4,0.0,0.0,0,0,12,6,50.91,49.09,1.82,0,1,Away Win
3920419,2024-01-24,African Cup of Nations,2023,Zambia,Morocco,85,0,1,-1,0.3759,1.4956,-1.1196,9,15,-6,320,483,-163,81.25,87.99,123,111,12,245,425,39,35,8,5,0.006,0.068,1,2,7,10,38.56,61.44,-22.87,0,1,Away Win
3895210,2024-01-27,1. Bundesliga,2023/2024,Bayer Leverkusen,Borussia Mönchengladbach,15,0,0,0,0.0832,0.0,0.0832,3,0,3,259,40,219,92.66,67.5,21,84,-63,236,33,12,8,2,6,0.0742,0.0,2,0,15,54,58.19,41.81,16.38,0,0,Draw
3895210,2024-01-27,1. Bundesliga,2023/2024,Bayer Leverkusen,Borussia Mönchengladbach,30,0,0,0,0.8492,0.1655,0.6837,9,3,6,387,128,259,91.21,78.91,63,129,-66,348,106,20,11,4,9,0.6763,0.1655,4,3,31,27,59.35,40.65,18.7,0,0,Draw
3895210,2024-01-27,1. Bundesliga,2023/2024,Bayer Leverkusen,Borussia Mönchengladbach,45,0,0,0,0.9803,0.1837,0.7966,12,4,8,526,214,312,91.44,82.24,87,178,-91,475,180,26,15,4,10,0.1311,0.0,3,0,17,34,62.34,37.66,24.68,0,0,Draw
3895210,2024-01-27,1. Bundesliga,2023/2024,Bayer Leverkusen,Borussia Mönchengladbach,60,0,0,0,1.613,0.1837,1.4293,17,4,13,671,258,413,91.95,79.07,112,226,-114,611,212,38,23,4,13,0.6327,0.0,5,0,18,33,74.2,25.8,48.4,0,0,Draw
3895210,2024-01-27,1. Bundesliga,2023/2024,Bayer Leverkusen,Borussia Mönchengladbach,75,0,0,0,1.7359,0.1837,1.5523,21,4,17,804,313,491,91.67,78.59,137,273,-136,744,253,50,29,5,15,0.1035,0.0,3,0,20,27,66.37,33.63,32.75,0,0,Draw
3895210,2024-01-27,1. Bundesliga,2023/2024,Bayer Leverkusen,Borussia Mönchengladbach,85,0,0,0,1.8459,0.1837,1.6622,23,4,19,925,329,596,91.24,77.81,150,303,-153,858,267,57,35,6,18,0.1099,0.0,2,0,13,30,67.64,32.36,35.28,0,0,Draw
3922237,2024-01-27,African Cup of Nations,2023,Angola,Namibia,15,0,0,0,0.0,0.0,0.0,0,0,0,98,56,42,79.59,67.86,41,36,5,84,46,8,10,1,2,0.0,0.0,0,0,21,20,56.64,43.36,13.28,3,0,Home Win
3922237,2024-01-27,African Cup of Nations,2023,Angola,Namibia,30,0,0,0,0.084,0.4571,-0.3731,1,3,-2,141,103,38,76.6,72.82,66,52,14,118,89,16,16,2,2,0.084,0.128,1,2,22,13,47.31,52.69,-5.38,3,0,Home Win
3922237,2024-01-27,African Cup of Nations,2023,Angola,Namibia,45,2,0,2,1.0438,0.4787,0.565,4,4,0,190,165,25,75.79,76.36,84,67,17,154,143,21,23,4,6,0.9597,0.0216,3,1,10,11,70.65,29.35,41.3,3,0,Home Win
3922237,2024-01-27,African Cup of Nations,2023,Angola,Namibia,60,2,0,2,1.0438,0.6763,0.3675,4,8,-4,242,257,-15,73.55,77.43,137,85,52,192,219,27,34,7,7,0.0,0.0563,0,2,26,7,38.43,61.57,-23.15,3,0,Home Win
3922237,2024-01-27,African Cup of Nations,2023,Angola,Namibia,75,3,0,3,1.4724,0.7047,0.7677,9,9,0,287,289,-2,74.22,76.82,148,109,39,228,237,31,36,7,9,0.2737,0.0284,3,1,3,13,64.41,35.59,28.81,3,0,Home Win
3922237,2024-01-27,African Cup of Nations,2023,Angola,Namibia,85,3,0,3,1.5745,0.7047,0.8698,10,9,1,346,341,5,75.43,77.71,165,141,24,283,279,41,41,7,12,0.1021,0.0,1,0,17,32,52.79,47.21,5.57,3,0,Home Win
3922238,2024-01-27,African Cup of Nations,2023,Nigeria,Cameroon,15,0,0,0,0.1072,0.0,0.1072,2,0,2,48,70,-22,66.67,80.0,25,14,11,29,45,6,3,0,1,0.0564,0.0,1,0,11,5,65.23,34.77,30.45,2,0,Home Win
3922238,2024-01-27,African Cup of Nations,2023,Nigeria,Cameroon,30,0,0,0,0.1072,0.0828,0.0244,2,1,1,105,150,-45,69.52,82.0,55,26,29,67,105,12,11,3,6,0.0,0.0,0,0,22,7,57.08,42.92,14.15,2,0,Home Win
3922238,2024-01-27,African Cup of Nations,2023,Nigeria,Cameroon,45,1,0,1,0.5709,0.1685,0.4024,3,2,1,153,203,-50,71.9,76.85,79,37,42,105,133,16,17,5,6,0.0,0.0857,0,1,17,10,42.7,57.3,-14.61,2,0,Home Win
3922238,2024-01-27,African Cup of Nations,2023,Nigeria,Cameroon,60,1,0,1,0.6715,0.1887,0.4828,4,3,1,227,302,-75,68.28,76.16,121,67,54,153,211,24,27,9,9,0.1006,0.0203,1,1,26,16,53.69,46.31,7.37,2,0,Home Win
3922238,2024-01-27,African Cup of Nations,2023,Nigeria,Cameroon,75,1,0,1,0.6715,0.1887,0.4828,4,3,1,253,353,-100,66.8,76.77,142,76,66,168,250,26,32,10,9,0.0,0.0,0,0,12,6,48.85,51.15,-2.31,2,0,Home Win
3922238,2024-01-27,African Cup of Nations,2023,Nigeria,Cameroon,85,1,0,1,0.8784,0.2222,0.6562,5,4,1,268,377,-109,65.67,77.19,149,83,66,174,272,28,35,10,9,0.2069,0.0335,1,1,7,7,49.96,50.04,-0.08,2,0,Home Win
3922239,2024-01-28,African Cup of Nations,2023,Equatorial Guinea,Guinea,15,0,0,0,0.0,0.0388,-0.0388,0,1,-1,91,102,-11,80.22,76.47,35,25,10,73,83,7,11,0,1,0.0,0.0,0,0,24,15,57.43,42.57,14.85,0,1,Away Win
3922239,2024-01-28,African Cup of Nations,2023,Equatorial Guinea,Guinea,30,0,0,0,0.0184,0.0388,-0.0204,1,1,0,183,134,49,85.25,71.64,47,50,-3,157,105,11,18,1,1,0.0,0.0,0,0,8,22,49.04,50.96,-1.92,0,1,Away Win
3922239,2024-01-28,African Cup of Nations,2023,Equatorial Guinea,Guinea,45,0,0,0,0.0716,0.0627,0.0089,3,2,1,259,170,89,86.1,75.29,58,69,-11,221,139,15,22,1,4,0.0532,0.0239,2,1,11,17,57.64,42.36,15.27,0,1,Away Win
3922239,2024-01-28,African Cup of Nations,2023,Equatorial Guinea,Guinea,60,0,0,0,0.1726,0.1938,-0.0212,4,5,-1,318,243,75,83.96,75.31,77,89,-12,264,196,18,27,1,4,0.0,0.0645,0,1,12,7,30.56,69.44,-38.88,0,1,Away Win
3922239,2024-01-28,African Cup of Nations,2023,Equatorial Guinea,Guinea,75,0,0,0,0.9561,0.1938,0.7623,5,5,0,349,278,71,81.95,76.98,84,104,-20,289,226,23,31,1,6,0.7835,0.0,1,0,7,9,69.63,30.37,39.26,0,1,Away Win
3922239,2024-01-28,African Cup of Nations,2023,Equatorial Guinea,Guinea,85,0,0,0,0.9561,0.4344,0.5216,5,8,-3,366,311,55,80.87,78.14,95,108,-13,301,254,27,33,1,6,0.0,0.2407,0,3,11,4,23.95,76.05,-52.11,0,1,Away Win
3922240,2024-01-28,African Cup of Nations,2023,Egypt,Congo DR,15,0,0,0,0.2797,0.0602,0.2195,3,1,2,110,53,57,81.82,69.81,16,29,-13,86,38,8,10,0,0,0.2582,0.0,2,0,9,17,65.33,34.67,30.67,1,1,Draw
3922240,2024-01-28,African Cup of Nations,2023,Egypt,Congo DR,30,0,0,0,0.3337,0.1735,0.1602,4,3,1,192,93,99,83.85,69.89,35,52,-17,149,69,13,13,1,0,0.054,0.0,1,0,14,19,59.27,40.73,18.55,1,1,Draw
3922240,2024-01-28,African Cup of Nations,2023,Egypt,Congo DR,45,1,1,0,1.1886,1.0478,0.1409,6,4,2,243,113,130,85.19,73.45,44,62,-18,185,87,13,16,1,0,0.8549,0.8743,2,1,6,2,56.85,43.15,13.69,1,1,Draw
3922240,2024-01-28,African Cup of Nations,2023,Egypt,Congo DR,60,1,1,0,1.2642,1.3905,-0.1263,7,7,0,331,183,148,85.5,72.68,68,86,-18,258,130,18,21,3,0,0.0755,0.3427,1,3,13,11,39.12,60.88,-21.76,1,1,Draw
3922240,2024-01-28,African Cup of Nations,2023,Egypt,Congo DR,75,1,1,0,1.3667,1.4393,-0.0727,10,8,2,402,234,168,85.32,70.94,82,104,-22,307,173,24,33,3,1,0.0238,0.0488,1,1,7,14,44.92,55.08,-10.16,1,1,Draw
3922240,2024-01-28,African Cup of Nations,2023,Egypt,Congo DR,85,1,1,0,1.3667,1.4393,-0.0727,10,8,2,454,258,196,85.9,71.32,91,126,-35,355,193,28,37,3,1,0.0,0.0,0,0,9,22,46.36,53.64,-7.29,1,1,Draw
3922241,2024-01-29,African Cup of Nations,2023,Cape Verde Islands,Mauritania,15,0,0,0,0.1023,0.0288,0.0735,1,1,0,100,63,37,84.0,71.43,24,37,-13,86,56,6,8,5,1,0.0,0.0288,0,1,18,23,43.48,56.52,-13.03,1,0,Home Win
3922241,2024-01-29,African Cup of Nations,2023,Cape Verde Islands,Mauritania,30,0,0,0,0.1287,0.0288,0.0998,3,1,2,204,87,117,85.78,71.26,41,51,-10,175,75,12,9,6,5,0.0264,0.0,2,0,10,7,82.08,17.92,64.15,1,0,Home Win
3922241,2024-01-29,African Cup of Nations,2023,Cape Verde Islands,Mauritania,45,0,0,0,0.1518,0.0866,0.0651,4,4,0,295,124,171,84.75,66.13,69,78,-9,251,107,25,19,8,7,0.0,0.051,0,2,19,18,43.75,56.25,-12.5,1,0,Home Win
3922241,2024-01-29,African Cup of Nations,2023,Cape Verde Islands,Mauritania,60,0,0,0,0.3331,0.7031,-0.3699,9,8,1,382,158,224,83.77,66.46,87,110,-23,323,129,34,28,10,8,0.0706,0.578,2,3,7,11,38.89,61.11,-22.22,1,0,Home Win
3922241,2024-01-29,African Cup of Nations,2023,Cape Verde Islands,Mauritania,75,0,0,0,0.5895,0.7031,-0.1136,13,8,5,444,174,270,82.88,65.52,92,132,-40,368,139,47,31,10,10,0.2564,0.0,4,0,4,10,83.67,16.33,67.34,1,0,Home Win
3922241,2024-01-29,African Cup of Nations,2023,Cape Verde Islands,Mauritania,85,0,0,0,0.7486,0.7318,0.0169,16,9,7,481,188,293,81.91,64.36,102,149,-47,397,149,54,38,13,11,0.1591,0.0287,3,1,10,17,63.03,36.97,26.06,1,0,Home Win
3922242,2024-01-29,African Cup of Nations,2023,Senegal,Côte d'Ivoire,15,1,0,1,0.077,0.0,0.077,1,0,1,70,59,11,81.43,88.14,28,14,14,56,50,4,2,0,2,0.0,0.0,0,0,27,7,61.49,38.51,22.99,1,1,Draw
3922242,2024-01-29,African Cup of Nations,2023,Senegal,Côte d'Ivoire,30,1,0,1,0.077,0.0481,0.029,1,1,0,112,158,-46,79.46,87.34,68,30,38,85,141,14,10,2,3,0.0,0.0481,0,1,16,13,39.57,60.43,-20.85,1,1,Draw
3922242,2024-01-29,African Cup of Nations,2023,Senegal,Côte d'Ivoire,45,1,0,1,0.077,0.0717,0.0053,1,2,-1,161,270,-109,80.75,87.41,113,53,60,123,238,20,17,5,3,0.0,0.0236,0,1,39,13,47.23,52.77,-5.53,1,1,Draw
3922242,2024-01-29,African Cup of Nations,2023,Senegal,Côte d'Ivoire,60,1,0,1,0.551,0.0717,0.4793,5,2,3,206,384,-178,77.67,86.46,172,82,90,156,345,29,30,7,5,0.2412,0.0,1,0,28,14,60.3,39.7,20.6,1,1,Draw
3922242,2024-01-29,African Cup of Nations,2023,Senegal,Côte d'Ivoire,75,1,0,1,0.8624,0.1152,0.7472,9,3,6,278,443,-165,80.94,85.55,188,106,82,218,396,31,37,12,7,0.2262,0.0435,2,1,11,9,58.62,41.38,17.24,1,1,Draw
3922242,2024-01-29,African Cup of Nations,2023,Senegal,Côte d'Ivoire,85,1,1,0,1.0075,1.0036,0.0038,10,5,5,294,462,-168,78.91,85.06,197,113,84,225,411,33,42,13,9,0.1451,0.8884,1,2,9,7,31.24,68.76,-37.53,1,1,Draw
3922243,2024-01-30,African Cup of Nations,2023,Morocco,South Africa,15,0,0,0,0.1362,0.0054,0.1308,2,1,1,90,81,9,83.33,90.12,19,21,-2,69,71,8,4,0,1,0.1362,0.0054,2,1,9,9,59.53,40.47,19.05,0,2,Away Win
3922243,2024-01-30,African Cup of Nations,2023,Morocco,South Africa,30,0,0,0,0.1362,0.0054,0.1308,2,1,1,144,151,-7,85.42,90.07,29,42,-13,113,135,11,6,0,2,0.0,0.0,0,0,8,12,33.79,66.21,-32.41,0,2,Away Win
3922243,2024-01-30,African Cup of Nations,2023,Morocco,South Africa,45,0,0,0,0.3668,0.0054,0.3615,4,1,3,229,226,3,86.9,89.38,47,65,-18,180,193,20,10,0,4,0.2307,0.0,2,0,13,18,64.85,35.15,29.71,0,2,Away Win
3922243,2024-01-30,African Cup of Nations,2023,Morocco,South Africa,60,0,1,-1,0.5743,0.1793,0.395,7,3,4,315,327,-12,87.3,88.99,90,96,-6,256,282,33,18,0,6,0.0997,0.1677,2,1,15,7,57.14,42.86,14.27,0,2,Away Win
3922243,2024-01-30,African Cup of Nations,2023,Morocco,South Africa,75,0,1,-1,0.7716,0.1793,0.5922,9,3,6,415,361,54,86.27,87.26,99,118,-19,320,310,35,24,2,7,0.1972,0.0,2,0,4,16,66.24,33.76,32.48,0,2,Away Win
3922243,2024-01-30,African Cup of Nations,2023,Morocco,South Africa,85,0,1,-1,1.9433,0.1793,1.764,11,3,8,431,381,50,85.38,86.35,108,121,-13,328,326,36,26,2,7,1.1717,0.0,2,0,9,3,87.9,12.1,75.8,0,2,Away Win
3922244,2024-01-30,African Cup of Nations,2023,Mali,Burkina Faso,15,1,0,1,0.1061,0.3974,-0.2913,2,2,0,78,64,14,85.9,85.94,40,23,17,65,56,5,6,1,0,0.0401,0.2626,1,1,24,13,53.12,46.88,6.24,2,1,Home Win
3922244,2024-01-30,African Cup of Nations,2023,Mali,Burkina Faso,30,1,0,1,0.1462,0.4043,-0.2581,4,3,1,166,90,76,84.94,77.78,58,43,15,138,79,14,16,3,0,0.0401,0.0069,2,1,4,13,61.63,38.37,23.26,2,1,Home Win
3922244,2024-01-30,African Cup of Nations,2023,Mali,Burkina Faso,45,1,0,1,0.2883,0.4043,-0.116,7,3,4,266,158,108,84.96,77.22,92,79,13,226,125,22,22,5,0,0.0069,0.0,1,0,24,21,61.08,38.92,22.16,2,1,Home Win
3922244,2024-01-30,African Cup of Nations,2023,Mali,Burkina Faso,60,2,1,1,0.4373,1.2819,-0.8446,9,6,3,332,237,95,85.24,80.17,124,103,21,285,196,28,30,7,1,0.0,0.8338,0,2,21,9,27.86,72.14,-44.28,2,1,Home Win
3922244,2024-01-30,African Cup of Nations,2023,Mali,Burkina Faso,75,2,1,1,0.5461,1.4088,-0.8627,11,7,4,366,267,99,84.43,80.15,130,118,12,313,214,34,32,7,2,0.0,0.1269,0,1,4,4,23.0,77.0,-54.01,2,1,Home Win
3922244,2024-01-30,African Cup of Nations,2023,Mali,Burkina Faso,85,2,1,1,0.5947,1.4088,-0.814,13,7,6,425,296,129,84.0,78.38,148,134,14,360,239,39,36,8,7,0.0486,0.0,2,0,18,16,69.69,30.31,39.38,2,1,Home Win
3922321,2024-02-02,African Cup of Nations,2023,Nigeria,Angola,15,0,0,0,0.0714,0.5336,-0.4622,2,2,0,72,74,-2,69.44,81.08,29,19,10,51,67,6,8,0,2,0.043,0.0,1,0,11,14,59.17,40.83,18.34,1,0,Home Win
3922321,2024-02-02,African Cup of Nations,2023,Nigeria,Angola,30,0,0,0,0.1765,0.5336,-0.3571,4,2,2,165,142,23,76.97,80.99,58,35,23,132,123,12,12,1,3,0.1051,0.0,2,0,20,6,75.9,24.1,51.79,1,0,Home Win
3922321,2024-02-02,African Cup of Nations,2023,Nigeria,Angola,45,1,0,1,0.5125,0.7006,-0.188,6,5,1,214,206,8,76.64,80.1,74,48,26,171,170,19,19,2,5,0.2007,0.167,1,3,10,8,38.05,61.95,-23.9,1,0,Home Win
3922321,2024-02-02,African Cup of Nations,2023,Nigeria,Angola,60,1,0,1,1.0938,0.8335,0.2603,10,6,4,287,265,22,76.31,79.62,98,71,27,228,225,32,28,2,7,0.4534,0.133,1,1,16,10,55.9,44.1,11.8,1,0,Home Win
3922321,2024-02-02,African Cup of Nations,2023,Nigeria,Angola,75,1,0,1,1.2161,0.8801,0.336,12,8,4,314,335,-21,75.48,80.6,112,88,24,251,283,40,34,4,7,0.0,0.0466,0,2,9,9,23.92,76.08,-52.16,1,0,Home Win
3922321,2024-02-02,African Cup of Nations,2023,Nigeria,Angola,85,1,0,1,1.4617,0.8801,0.5815,13,8,5,345,373,-28,76.23,81.77,118,104,14,280,313,43,37,4,9,0.2456,0.0,1,0,6,16,56.02,43.98,12.04,1,0,Home Win
3922356,2024-02-02,African Cup of Nations,2023,Congo DR,Guinea,15,0,0,0,0.2751,0.0604,0.2147,3,1,2,56,91,-35,80.36,86.81,20,26,-6,43,77,7,3,1,0,0.1475,0.0,2,0,14,19,60.26,39.74,20.52,3,1,Home Win
3922356,2024-02-02,African Cup of Nations,2023,Congo DR,Guinea,30,1,1,0,0.3859,0.8439,-0.4581,5,2,3,96,130,-34,75.0,83.08,27,37,-10,70,106,13,5,1,0,0.1108,0.0,2,0,6,11,71.06,28.94,42.13,3,1,Home Win
3922356,2024-02-02,African Cup of Nations,2023,Congo DR,Guinea,45,1,1,0,0.4548,0.8439,-0.3891,6,2,4,171,233,-62,77.78,82.4,43,67,-24,131,194,20,15,2,2,0.0689,0.0,1,0,14,19,46.7,53.3,-6.59,3,1,Home Win
3922356,2024-02-02,African Cup of Nations,2023,Congo DR,Guinea,60,1,1,0,0.5662,0.8559,-0.2897,10,3,7,220,336,-116,76.36,81.55,59,81,-22,166,273,29,20,2,2,0.0765,0.0,3,0,9,10,71.25,28.75,42.51,3,1,Home Win
3922356,2024-02-02,African Cup of Nations,2023,Congo DR,Guinea,75,2,1,1,1.3497,0.9638,0.3859,11,4,7,243,383,-140,73.66,80.94,69,94,-25,179,311,31,25,5,3,0.0,0.1079,0,1,9,10,27.29,72.71,-45.41,3,1,Home Win
3922356,2024-02-02,African Cup of Nations,2023,Congo DR,Guinea,85,3,1,2,1.357,0.9638,0.3932,12,4,8,269,396,-127,73.61,80.3,71,109,-38,197,318,33,27,5,3,0.0073,0.0,1,0,2,15,52.83,47.17,5.67,3,1,Home Win
3895220,2024-02-03,1. Bundesliga,2023/2024,Darmstadt 98,Bayer Leverkusen,15,0,0,0,0.0087,0.1016,-0.0929,1,1,0,69,156,-87,75.36,89.1,71,30,41,55,128,10,7,4,1,0.0,0.1016,0,1,42,17,46.2,53.8,-7.59,0,2,Away Win
3895220,2024-02-03,1. Bundesliga,2023/2024,Darmstadt 98,Bayer Leverkusen,30,0,0,0,0.5621,0.1565,0.4056,5,3,2,125,285,-160,74.4,89.47,108,55,53,93,236,18,15,5,1,0.5157,0.0274,3,1,26,16,60.29,39.71,20.59,0,2,Away Win
3895220,2024-02-03,1. Bundesliga,2023/2024,Darmstadt 98,Bayer Leverkusen,45,0,1,-1,0.7577,1.1753,-0.4176,7,10,-3,192,405,-213,75.52,88.64,145,71,74,141,338,26,21,7,3,0.1957,0.8571,2,5,25,15,36.24,63.76,-27.53,0,2,Away Win
3895220,2024-02-03,1. Bundesliga,2023/2024,Darmstadt 98,Bayer Leverkusen,60,0,2,-2,0.7577,1.4214,-0.6637,7,13,-6,278,533,-255,78.42,88.74,180,89,91,210,434,33,26,7,5,0.0,0.1601,0,2,24,9,40.95,59.05,-18.1,0,2,Away Win
3895220,2024-02-03,1. Bundesliga,2023/2024,Darmstadt 98,Bayer Leverkusen,75,0,2,-2,0.7709,1.7757,-1.0048,8,19,-11,321,671,-350,79.13,89.27,235,101,134,248,549,38,37,9,5,0.0132,0.274,1,3,46,9,45.33,54.67,-9.35,0,2,Away Win
3895220,2024-02-03,1. Bundesliga,2023/2024,Darmstadt 98,Bayer Leverkusen,85,0,2,-2,0.7709,1.7757,-1.0048,8,19,-11,363,742,-379,78.79,89.35,264,108,156,276,604,42,38,10,5,0.0,0.0,0,0,29,7,61.15,38.85,22.3,0,2,Away Win
3922658,2024-02-03,African Cup of Nations,2023,Cape Verde Islands,South Africa,15,0,0,0,0.1067,0.2036,-0.0968,3,3,0,109,56,53,79.82,71.43,27,33,-6,77,43,8,8,0,1,0.0448,0.2036,1,3,21,14,40.52,59.48,-18.95,0,0,Draw
3922658,2024-02-03,African Cup of Nations,2023,Cape Verde Islands,South Africa,30,0,0,0,0.1067,0.3158,-0.209,3,5,-2,161,148,13,82.61,85.14,60,52,8,120,131,14,13,0,1,0.0,0.1122,0,2,20,13,34.04,65.96,-31.92,0,0,Draw
3922658,2024-02-03,African Cup of Nations,2023,Cape Verde Islands,South Africa,45,0,0,0,0.3527,0.3915,-0.0388,6,6,0,253,199,54,80.63,82.91,77,86,-9,194,175,29,21,3,3,0.2023,0.0758,2,1,14,26,54.33,45.67,8.66,0,0,Draw
3922658,2024-02-03,African Cup of Nations,2023,Cape Verde Islands,South Africa,60,0,0,0,0.571,0.4072,0.1638,12,7,5,332,277,55,79.82,81.59,114,102,12,252,237,42,28,4,4,0.1638,0.0157,4,1,28,11,70.08,29.92,40.15,0,0,Draw
3922658,2024-02-03,African Cup of Nations,2023,Cape Verde Islands,South Africa,75,0,0,0,0.6404,0.4219,0.2184,13,8,5,383,324,59,79.11,80.86,125,120,5,286,274,48,34,4,5,0.0693,0.0147,1,1,8,13,46.15,53.85,-7.69,0,0,Draw
3922658,2024-02-03,African Cup of Nations,2023,Cape Verde Islands,South Africa,85,0,0,0,0.8278,0.428,0.3998,16,9,7,415,352,63,78.8,80.4,142,134,8,307,301,54,38,4,7,0.1875,0.0061,3,1,17,14,64.97,35.03,29.93,0,0,Draw
3922659,2024-02-03,African Cup of Nations,2023,Mali,Côte d'Ivoire,15,0,0,0,0.0384,0.0,0.0384,1,0,1,62,47,15,79.03,76.6,17,12,5,45,37,4,5,3,1,0.0384,0.0,1,0,4,7,65.11,34.89,30.22,1,2,Away Win
3922659,2024-02-03,African Cup of Nations,2023,Mali,Côte d'Ivoire,30,0,0,0,0.8219,0.0596,0.7623,2,1,1,123,105,18,79.67,78.1,49,34,15,89,86,8,16,4,1,0.0,0.0596,0,1,19,20,40.15,59.85,-19.7,1,2,Away Win
3922659,2024-02-03,African Cup of Nations,2023,Mali,Côte d'Ivoire,45,0,0,0,0.8997,0.0984,0.8013,3,2,1,173,192,-19,78.61,80.73,81,51,30,129,154,15,20,7,2,0.0778,0.0388,1,1,22,10,55.68,44.32,11.35,1,2,Away Win
3922659,2024-02-03,African Cup of Nations,2023,Mali,Côte d'Ivoire,60,0,0,0,1.0317,0.0984,0.9334,6,2,4,337,249,88,84.27,77.91,106,95,11,274,188,27,28,7,3,0.0,0.0,0,0,17,21,55.81,44.19,11.61,1,2,Away Win
3922659,2024-02-03,African Cup of Nations,2023,Mali,Côte d'Ivoire,75,1,0,1,1.0606,0.1636,0.897,7,3,4,419,315,104,85.2,79.68,138,115,23,348,236,32,33,9,3,0.0289,0.0,1,0,17,14,64.95,35.05,29.9,1,2,Away Win
3922659,2024-02-03,African Cup of Nations,2023,Mali,Côte d'Ivoire,85,1,0,1,1.0606,0.2894,0.7712,7,5,2,459,355,104,85.4,80.0,165,126,39,381,270,35,38,9,4,0.0,0.1258,0,2,27,11,43.52,56.48,-12.97,1,2,Away Win
3922837,2024-02-07,African Cup of Nations,2023,Nigeria,South Africa,15,0,0,0,0.0,0.0411,-0.0411,0,1,-1,79,98,-19,77.22,85.71,25,34,-9,58,75,9,4,1,5,0.0,0.0411,0,1,19,19,39.17,60.83,-21.67,1,1,Draw
3922837,2024-02-07,African Cup of Nations,2023,Nigeria,South Africa,30,0,0,0,0.1075,0.1742,-0.0668,2,2,0,139,189,-50,80.58,82.54,62,51,11,102,140,14,16,6,6,0.1075,0.1332,2,1,27,6,58.59,41.41,17.18,1,1,Draw
3922837,2024-02-07,African Cup of Nations,2023,Nigeria,South Africa,45,0,0,0,0.199,0.2814,-0.0824,4,4,0,195,283,-88,81.03,84.45,81,61,20,143,210,20,21,7,8,0.0915,0.0703,2,1,12,7,55.94,44.06,11.88,1,1,Draw
3922837,2024-02-07,African Cup of Nations,2023,Nigeria,South Africa,60,0,0,0,0.3659,0.3381,0.0278,6,5,1,278,355,-77,79.5,84.79,112,90,22,208,271,31,26,10,11,0.1669,0.0568,2,1,18,20,57.55,42.45,15.1,1,1,Draw
3922837,2024-02-07,African Cup of Nations,2023,Nigeria,South Africa,75,1,0,1,1.1494,0.4242,0.7252,7,7,0,314,431,-117,78.66,86.08,130,108,22,235,333,35,28,12,11,0.7835,0.0861,1,2,13,12,51.33,48.67,2.66,1,1,Draw
3922837,2024-02-07,African Cup of Nations,2023,Nigeria,South Africa,85,1,0,1,1.1494,0.4242,0.7252,7,7,0,328,465,-137,78.05,86.24,142,113,29,245,360,36,30,13,11,0.0,0.0,0,0,12,5,51.32,48.68,2.65,1,1,Draw
3922838,2024-02-07,African Cup of Nations,2023,Côte d'Ivoire,Congo DR,15,0,0,0,0.0,0.0,0.0,0,0,0,74,47,27,81.08,63.83,18,26,-8,54,32,6,5,2,2,0.0,0.0,0,0,15,8,59.48,40.52,18.96,1,0,Home Win
3922838,2024-02-07,African Cup of Nations,2023,Côte d'Ivoire,Congo DR,30,0,0,0,0.0313,0.6212,-0.5899,1,3,-2,124,117,7,83.87,73.5,42,40,2,91,87,11,8,3,5,0.0,0.595,0,2,21,9,32.36,67.64,-35.28,1,0,Home Win
3922838,2024-02-07,African Cup of Nations,2023,Côte d'Ivoire,Congo DR,45,0,0,0,0.3754,0.6212,-0.2458,6,3,3,202,159,43,85.15,72.33,61,69,-8,159,115,20,13,4,6,0.1501,0.0,3,0,13,22,70.86,29.14,41.72,1,0,Home Win
3922838,2024-02-07,African Cup of Nations,2023,Côte d'Ivoire,Congo DR,60,0,0,0,0.504,0.7523,-0.2483,8,4,4,300,204,96,83.33,72.06,75,101,-26,237,150,29,19,4,8,0.1286,0.0,2,0,6,22,62.09,37.91,24.18,1,0,Home Win
3922838,2024-02-07,African Cup of Nations,2023,Côte d'Ivoire,Congo DR,75,1,0,1,0.7825,0.7606,0.0218,12,5,7,337,252,85,83.09,72.22,92,116,-24,267,180,32,22,8,8,0.175,0.0083,2,1,10,9,60.05,39.95,20.1,1,0,Home Win
3922838,2024-02-07,African Cup of Nations,2023,Côte d'Ivoire,Congo DR,85,1,0,1,0.8496,0.786,0.0636,14,6,8,384,293,91,82.81,71.33,107,149,-42,317,204,42,27,9,8,0.0671,0.0254,2,1,15,33,51.67,48.33,3.34,1,0,Home Win
3895232,2024-02-10,1. Bundesliga,2023/2024,Bayer Leverkusen,Bayern Munich,15,0,0,0,0.068,0.0933,-0.0253,1,1,0,104,149,-45,77.88,84.56,52,40,12,79,133,6,7,0,3,0.068,0.0933,1,1,25,28,47.41,52.59,-5.19,3,0,Home Win
3895232,2024-02-10,1. Bundesliga,2023/2024,Bayer Leverkusen,Bayern Munich,30,1,0,1,0.6531,0.1235,0.5297,6,2,4,185,252,-67,80.0,85.32,78,75,3,146,221,14,11,6,6,0.2604,0.0302,4,1,18,20,60.96,39.04,21.91,3,0,Home Win
3895232,2024-02-10,1. Bundesliga,2023/2024,Bayer Leverkusen,Bayern Munich,45,1,0,1,0.7549,0.2126,0.5422,9,3,6,268,349,-81,81.72,85.96,109,108,1,209,306,16,14,11,7,0.1017,0.0892,3,1,22,28,54.14,45.86,8.28,3,0,Home Win
3895232,2024-02-10,1. Bundesliga,2023/2024,Bayer Leverkusen,Bayern Munich,60,2,0,2,0.9205,0.44,0.4805,11,4,7,347,486,-139,82.71,85.8,145,143,2,278,427,26,23,16,9,0.01,0.2274,1,1,21,23,43.23,56.77,-13.53,3,0,Home Win
3895232,2024-02-10,1. Bundesliga,2023/2024,Bayer Leverkusen,Bayern Munich,75,2,0,2,0.9789,0.5083,0.4706,12,6,6,425,570,-145,83.29,86.49,170,174,-4,342,504,31,32,17,10,0.0584,0.0683,1,2,18,23,39.36,60.64,-21.29,3,0,Home Win
3895232,2024-02-10,1. Bundesliga,2023/2024,Bayer Leverkusen,Bayern Munich,85,2,0,2,0.9789,0.6181,0.3608,12,9,3,430,662,-232,82.56,86.71,202,176,26,343,587,31,38,17,10,0.0,0.1098,0,3,32,2,31.9,68.1,-36.2,3,0,Home Win
3923880,2024-02-10,African Cup of Nations,2023,South Africa,Congo DR,15,0,0,0,0.0,0.0544,-0.0544,0,1,-1,109,77,32,88.07,87.01,23,34,-11,94,62,8,5,3,0,0.0,0.0,0,0,21,14,50.32,49.68,0.64,0,0,Draw
3923880,2024-02-10,African Cup of Nations,2023,South Africa,Congo DR,30,0,0,0,0.0498,0.2389,-0.1891,1,2,-1,228,118,110,89.04,87.29,33,83,-50,194,94,14,11,3,2,0.0,0.1845,0,1,7,23,32.82,67.18,-34.36,0,0,Draw
3923880,2024-02-10,African Cup of Nations,2023,South Africa,Congo DR,45,0,0,0,0.071,0.2778,-0.2069,2,3,-1,328,180,148,89.94,86.67,47,116,-69,281,148,18,17,5,4,0.0211,0.0389,1,1,9,26,46.82,53.18,-6.35,0,0,Draw
3923880,2024-02-10,African Cup of Nations,2023,South Africa,Congo DR,60,0,0,0,0.1666,0.5278,-0.3613,4,7,-3,396,281,115,89.39,87.19,58,152,-94,341,226,28,25,7,6,0.0956,0.0763,2,2,6,29,42.12,57.88,-15.77,0,0,Draw
3923880,2024-02-10,African Cup of Nations,2023,South Africa,Congo DR,75,0,0,0,0.2415,1.2818,-1.0403,5,10,-5,454,336,118,88.99,87.2,63,165,-102,391,268,35,31,7,7,0.075,0.3071,1,1,4,11,43.58,56.42,-12.84,0,0,Draw
3923880,2024-02-10,African Cup of Nations,2023,South Africa,Congo DR,85,0,0,0,0.2662,1.2818,-1.0156,6,10,-4,494,372,122,88.06,86.02,68,181,-113,423,294,42,37,9,9,0.0246,0.0,1,0,5,16,52.83,47.17,5.67,0,0,Draw
3923881,2024-02-11,African Cup of Nations,2023,Nigeria,Côte d'Ivoire,15,0,0,0,0.0,0.3054,-0.3054,0,4,-4,49,90,-41,79.59,81.11,24,13,11,33,65,2,9,2,0,0.0,0.228,0,3,17,7,25.48,74.52,-49.04,1,2,Away Win
3923881,2024-02-11,African Cup of Nations,2023,Nigeria,Côte d'Ivoire,30,0,0,0,0.0,0.4115,-0.4115,0,6,-6,93,162,-69,77.42,83.95,38,26,12,69,120,8,12,4,1,0.0,0.0,0,0,6,4,48.68,51.32,-2.63,1,2,Away Win
3923881,2024-02-11,African Cup of Nations,2023,Nigeria,Côte d'Ivoire,45,1,0,1,0.102,0.5302,-0.4282,2,8,-6,120,249,-129,73.33,84.34,50,38,12,89,185,16,19,5,1,0.102,0.0,2,0,10,9,60.6,39.4,21.2,1,2,Away Win
3923881,2024-02-11,African Cup of Nations,2023,Nigeria,Côte d'Ivoire,60,1,0,1,0.102,1.0309,-0.9289,2,13,-11,162,346,-184,75.31,84.97,82,56,26,125,257,24,28,5,2,0.0,0.1691,0,2,16,7,33.69,66.31,-32.63,1,2,Away Win
3923881,2024-02-11,African Cup of Nations,2023,Nigeria,Côte d'Ivoire,75,1,1,0,0.1901,1.1576,-0.9675,3,16,-13,204,428,-224,75.0,85.28,96,67,29,157,328,29,38,7,2,0.0881,0.0756,1,1,8,11,43.58,56.42,-12.85,1,2,Away Win
3923881,2024-02-11,African Cup of Nations,2023,Nigeria,Côte d'Ivoire,85,1,2,-1,0.1901,1.3906,-1.2005,3,17,-14,228,445,-217,72.37,85.17,99,70,29,168,343,32,42,7,2,0.0,0.233,0,1,3,3,24.73,75.27,-50.53,1,2,Away Win
3895244,2024-02-17,1. Bundesliga,2023/2024,FC Heidenheim,Bayer Leverkusen,15,0,0,0,0.0,0.1641,-0.1641,0,3,-3,41,134,-93,56.1,85.07,34,21,13,29,111,7,9,1,2,0.0,0.0642,0,2,19,8,29.61,70.39,-40.79,1,2,Away Win
3895244,2024-02-17,1. Bundesliga,2023/2024,FC Heidenheim,Bayer Leverkusen,30,0,0,0,0.0,0.3036,-0.3036,0,5,-5,93,236,-143,60.22,81.78,75,40,35,57,193,13,20,2,3,0.0,0.0573,0,1,22,16,38.79,61.21,-22.42,1,2,Away Win
3895244,2024-02-17,1. Bundesliga,2023/2024,FC Heidenheim,Bayer Leverkusen,45,0,0,0,0.0754,0.3725,-0.2971,1,7,-6,168,349,-181,63.69,82.81,120,74,46,106,279,22,26,2,3,0.0,0.0458,0,1,39,25,45.15,54.85,-9.69,1,2,Away Win
3895244,2024-02-17,1. Bundesliga,2023/2024,FC Heidenheim,Bayer Leverkusen,60,0,1,-1,0.1407,0.885,-0.7443,3,13,-10,242,478,-236,63.22,82.64,176,107,69,152,375,33,40,4,4,0.0653,0.1925,2,2,31,21,51.27,48.73,2.54,1,2,Away Win
3895244,2024-02-17,1. Bundesliga,2023/2024,FC Heidenheim,Bayer Leverkusen,75,0,1,-1,0.2086,1.0326,-0.8241,4,15,-11,319,579,-260,68.03,82.73,223,128,95,213,455,37,56,5,5,0.0679,0.1477,1,2,40,10,48.16,51.84,-3.68,1,2,Away Win
3895244,2024-02-17,1. Bundesliga,2023/2024,FC Heidenheim,Bayer Leverkusen,85,1,2,-1,0.4573,1.8191,-1.3618,6,18,-12,374,636,-262,69.25,82.7,239,143,96,261,504,45,62,5,5,0.2487,0.7864,2,3,16,15,42.05,57.95,-15.91,1,2,Away Win
3895250,2024-02-23,1. Bundesliga,2023/2024,Bayer Leverkusen,FSV Mainz 05,15,1,1,0,0.1199,0.2299,-0.11,2,4,-2,125,57,68,86.4,75.44,21,28,-7,99,46,5,7,1,7,0.1013,0.2299,1,4,9,18,37.86,62.14,-24.27,2,1,Home Win
3895250,2024-02-23,1. Bundesliga,2023/2024,Bayer Leverkusen,FSV Mainz 05,30,1,1,0,0.4235,0.3693,0.0543,6,6,0,275,106,169,87.64,70.75,38,59,-21,215,86,12,15,2,9,0.2705,0.1393,3,2,12,25,57.69,42.31,15.39,2,1,Home Win
3895250,2024-02-23,1. Bundesliga,2023/2024,Bayer Leverkusen,FSV Mainz 05,45,1,1,0,0.9445,0.3693,0.5752,12,6,6,363,166,197,85.12,73.49,62,85,-23,291,138,24,23,4,13,0.4834,0.0,5,0,14,19,78.13,21.87,56.27,2,1,Home Win
3895250,2024-02-23,1. Bundesliga,2023/2024,Bayer Leverkusen,FSV Mainz 05,60,1,1,0,0.9798,1.0205,-0.0407,13,9,4,479,213,266,84.34,70.89,83,116,-33,370,171,30,31,5,14,0.0354,0.4007,1,1,15,21,46.24,53.76,-7.52,2,1,Home Win
3895250,2024-02-23,1. Bundesliga,2023/2024,Bayer Leverkusen,FSV Mainz 05,75,2,1,1,1.0836,1.0599,0.0237,16,10,6,576,272,304,84.38,71.69,99,142,-43,447,212,35,40,5,16,0.0063,0.0,1,0,12,18,56.49,43.51,12.98,2,1,Home Win
3895250,2024-02-23,1. Bundesliga,2023/2024,Bayer Leverkusen,FSV Mainz 05,85,2,1,1,1.0836,1.0599,0.0237,16,10,6,667,312,355,85.61,74.04,114,151,-37,524,253,41,44,6,18,0.0,0.0,0,0,15,9,64.54,35.46,29.07,2,1,Home Win
3895258,2024-03-03,1. Bundesliga,2023/2024,FC Köln,Bayer Leverkusen,15,0,0,0,0.1983,0.0947,0.1036,1,1,0,33,158,-125,66.67,91.77,56,14,42,24,129,6,1,2,3,0.1983,0.0,1,0,30,7,63.12,36.88,26.23,0,2,Away Win
3895258,2024-03-03,1. Bundesliga,2023/2024,FC Köln,Bayer Leverkusen,30,0,0,0,0.1983,0.2073,-0.009,1,4,-3,68,251,-183,64.71,89.24,83,35,48,52,204,10,9,4,6,0.0,0.1126,0,3,15,12,23.87,76.13,-52.27,0,2,Away Win
3895258,2024-03-03,1. Bundesliga,2023/2024,FC Köln,Bayer Leverkusen,45,0,1,-1,0.3407,0.9072,-0.5666,3,8,-5,111,402,-291,69.37,89.8,110,48,62,85,324,15,16,7,6,0.0592,0.6999,1,4,16,8,27.14,72.86,-45.72,0,2,Away Win
3895258,2024-03-03,1. Bundesliga,2023/2024,FC Köln,Bayer Leverkusen,60,0,1,-1,0.6864,1.0415,-0.3551,6,12,-6,148,553,-405,68.92,89.33,138,62,76,113,459,23,25,9,6,0.0,0.1343,0,4,18,5,21.61,78.39,-56.78,0,2,Away Win
3895258,2024-03-03,1. Bundesliga,2023/2024,FC Köln,Bayer Leverkusen,75,0,2,-2,0.6864,1.1765,-0.4901,6,14,-8,181,686,-505,68.51,89.65,156,82,74,142,571,28,30,10,6,0.0,0.135,0,2,14,10,21.43,78.57,-57.15,0,2,Away Win
3895258,2024-03-03,1. Bundesliga,2023/2024,FC Köln,Bayer Leverkusen,85,0,2,-2,0.6864,1.2934,-0.607,6,17,-11,206,805,-599,67.96,90.43,181,96,85,158,687,30,34,10,7,0.0,0.1169,0,3,25,14,26.06,73.94,-47.88,0,2,Away Win
3895266,2024-03-10,1. Bundesliga,2023/2024,Bayer Leverkusen,Wolfsburg,15,0,0,0,0.0,0.0898,-0.0898,0,1,-1,182,74,108,90.11,77.03,28,19,9,148,67,7,13,2,2,0.0,0.0898,0,1,18,8,56.37,43.63,12.74,2,0,Home Win
3895266,2024-03-10,1. Bundesliga,2023/2024,Bayer Leverkusen,Wolfsburg,30,0,0,0,0.1896,0.2268,-0.0372,3,3,0,294,140,154,89.12,76.43,53,22,31,238,115,15,19,4,7,0.1627,0.137,2,2,12,2,58.22,41.78,16.45,2,0,Home Win
3895266,2024-03-10,1. Bundesliga,2023/2024,Bayer Leverkusen,Wolfsburg,45,1,0,1,1.1493,0.2268,0.9225,7,3,4,495,164,331,91.11,72.56,64,41,23,410,126,22,22,4,9,0.9597,0.0,4,0,6,14,87.9,12.1,75.8,2,0,Home Win
3895266,2024-03-10,1. Bundesliga,2023/2024,Bayer Leverkusen,Wolfsburg,60,1,0,1,1.1744,0.2268,0.9476,8,3,5,646,208,438,90.87,71.63,81,69,12,558,151,33,25,4,11,0.0,0.0,0,0,15,24,62.53,37.47,25.06,2,0,Home Win
3895266,2024-03-10,1. Bundesliga,2023/2024,Bayer Leverkusen,Wolfsburg,75,1,0,1,1.3327,0.2268,1.1059,13,3,10,806,272,534,92.06,75.74,98,89,9,707,203,41,28,4,11,0.076,0.0,3,0,15,10,74.51,25.49,49.02,2,0,Home Win
3895266,2024-03-10,1. Bundesliga,2023/2024,Bayer Leverkusen,Wolfsburg,85,2,0,2,1.7859,0.2268,1.5592,19,3,16,927,284,643,92.45,76.06,102,114,-12,818,211,46,29,4,12,0.4533,0.0,6,0,4,25,81.36,18.64,62.73,2,0,Home Win
3895275,2024-03-17,1. Bundesliga,2023/2024,Freiburg,Bayer Leverkusen,15,1,1,0,0.077,0.1111,-0.0341,1,2,-1,68,151,-83,76.47,90.73,26,16,10,48,127,6,7,4,1,0.077,0.0252,1,1,18,11,50.67,49.33,1.34,2,3,Away Win
3895275,2024-03-17,1. Bundesliga,2023/2024,Freiburg,Bayer Leverkusen,30,1,1,0,0.4691,0.1198,0.3493,6,3,3,115,309,-194,80.0,92.23,42,38,4,88,268,12,13,5,1,0.37,0.0087,4,1,10,15,58.24,41.76,16.48,2,3,Away Win
3895275,2024-03-17,1. Bundesliga,2023/2024,Freiburg,Bayer Leverkusen,45,1,2,-1,0.4988,1.3294,-0.8305,7,7,0,167,451,-284,77.84,92.9,60,59,1,132,395,24,23,6,2,0.0297,1.2096,1,4,11,18,23.11,76.89,-53.77,2,3,Away Win
3895275,2024-03-17,1. Bundesliga,2023/2024,Freiburg,Bayer Leverkusen,60,1,3,-2,0.5909,1.6543,-1.0634,8,12,-4,216,569,-353,77.78,92.79,79,68,11,168,496,30,27,6,3,0.0921,0.1561,1,3,12,6,36.19,63.81,-27.61,2,3,Away Win
3895275,2024-03-17,1. Bundesliga,2023/2024,Freiburg,Bayer Leverkusen,75,1,3,-2,0.5909,2.0153,-1.4243,8,15,-7,273,674,-401,78.75,92.14,105,88,17,216,590,39,35,8,3,0.0,0.361,0,3,18,11,28.11,71.89,-43.78,2,3,Away Win
3895275,2024-03-17,1. Bundesliga,2023/2024,Freiburg,Bayer Leverkusen,85,2,3,-1,0.8223,2.45,-1.6277,10,16,-6,320,743,-423,79.06,92.06,120,107,13,250,645,42,43,8,4,0.2314,0.4348,2,1,15,19,46.8,53.2,-6.4,2,3,Away Win
3895286,2024-03-30,1. Bundesliga,2023/2024,Bayer Leverkusen,Hoffenheim,15,0,0,0,0.1609,0.0,0.1609,2,0,2,155,95,60,89.03,76.84,25,27,-2,126,50,10,4,1,2,0.1201,0.0,1,0,13,17,69.84,30.16,39.69,2,1,Home Win
3895286,2024-03-30,1. Bundesliga,2023/2024,Bayer Leverkusen,Hoffenheim,30,0,0,0,0.2359,0.0,0.2359,5,0,5,272,195,77,87.87,81.03,61,53,8,212,133,16,15,2,5,0.0,0.0,0,0,29,11,52.79,47.21,5.59,2,1,Home Win
3895286,2024-03-30,1. Bundesliga,2023/2024,Bayer Leverkusen,Hoffenheim,45,0,1,-1,0.4208,0.5062,-0.0854,9,3,6,420,230,190,88.33,81.3,77,77,0,326,153,24,18,3,8,0.1661,0.1841,3,2,12,19,58.08,41.92,16.17,2,1,Home Win
3895286,2024-03-30,1. Bundesliga,2023/2024,Bayer Leverkusen,Hoffenheim,60,0,1,-1,0.9395,0.5295,0.41,16,4,12,563,278,285,87.39,79.5,92,109,-17,440,184,35,20,6,13,0.1853,0.0,4,0,8,16,78.12,21.88,56.24,2,1,Home Win
3895286,2024-03-30,1. Bundesliga,2023/2024,Bayer Leverkusen,Hoffenheim,75,0,1,-1,1.6063,0.5596,1.0467,25,5,20,671,303,368,87.18,78.88,107,133,-26,530,198,48,25,8,14,0.5263,0.0301,6,1,11,20,76.55,23.45,53.09,2,1,Home Win
3895286,2024-03-30,1. Bundesliga,2023/2024,Bayer Leverkusen,Hoffenheim,85,0,1,-1,1.8154,0.6492,1.1662,29,6,23,726,336,390,86.91,78.57,120,149,-29,571,215,55,27,9,16,0.2091,0.0896,4,1,13,16,68.62,31.38,37.25,2,1,Home Win
3895292,2024-04-06,1. Bundesliga,2023/2024,Union Berlin,Bayer Leverkusen,15,0,0,0,0.0,0.3389,-0.3389,0,5,-5,56,116,-60,75.0,89.66,25,12,13,37,99,7,8,1,0,0.0,0.2116,0,3,8,7,21.66,78.34,-56.68,0,1,Away Win
3895292,2024-04-06,1. Bundesliga,2023/2024,Union Berlin,Bayer Leverkusen,30,0,0,0,0.0488,0.4579,-0.4091,1,6,-5,119,255,-136,78.15,91.37,53,29,24,91,215,17,14,3,0,0.0488,0.1191,1,1,18,14,45.93,54.07,-8.15,0,1,Away Win
3895292,2024-04-06,1. Bundesliga,2023/2024,Union Berlin,Bayer Leverkusen,45,0,0,0,0.1927,0.5304,-0.3377,3,8,-5,182,373,-191,78.02,89.01,66,46,20,143,313,27,25,6,1,0.0825,0.0724,1,2,12,12,36.48,63.52,-27.04,0,1,Away Win
3895292,2024-04-06,1. Bundesliga,2023/2024,Union Berlin,Bayer Leverkusen,60,0,1,-1,0.218,1.8303,-1.6123,4,15,-11,221,500,-279,74.66,88.6,98,64,34,171,420,35,36,6,3,0.0253,1.055,1,4,21,15,27.45,72.55,-45.11,0,1,Away Win
3895292,2024-04-06,1. Bundesliga,2023/2024,Union Berlin,Bayer Leverkusen,75,0,1,-1,0.265,1.8303,-1.5652,6,15,-9,286,588,-302,76.22,88.44,122,93,29,226,502,43,42,7,4,0.0149,0.0,1,0,20,25,50.51,49.49,1.02,0,1,Away Win
3895292,2024-04-06,1. Bundesliga,2023/2024,Union Berlin,Bayer Leverkusen,85,0,1,-1,0.3435,2.1277,-1.7842,7,17,-10,319,637,-318,75.86,88.7,137,107,30,254,551,49,45,8,7,0.0785,0.2974,1,2,15,14,39.82,60.18,-20.37,0,1,Away Win
3895302,2024-04-14,1. Bundesliga,2023/2024,Bayer Leverkusen,Werder Bremen,15,0,0,0,0.1962,0.0948,0.1013,2,2,0,133,100,33,88.72,91.0,49,41,8,122,90,7,9,1,2,0.1962,0.0948,2,2,26,20,56.29,43.71,12.57,5,0,Home Win
3895302,2024-04-14,1. Bundesliga,2023/2024,Bayer Leverkusen,Werder Bremen,30,1,0,1,1.5137,0.1771,1.3366,8,3,5,210,180,30,87.62,89.44,76,71,5,190,157,13,13,4,3,1.2666,0.0,4,0,18,8,85.7,14.3,71.39,5,0,Home Win
3895302,2024-04-14,1. Bundesliga,2023/2024,Bayer Leverkusen,Werder Bremen,45,1,0,1,1.7508,0.5529,1.198,11,4,7,325,278,47,88.0,89.21,115,110,5,296,246,25,17,4,6,0.1417,0.3757,2,1,33,30,53.69,46.31,7.38,5,0,Home Win
3895302,2024-04-14,1. Bundesliga,2023/2024,Bayer Leverkusen,Werder Bremen,60,2,0,2,1.8065,0.6013,1.2052,13,5,8,453,383,70,88.96,87.99,162,159,3,411,338,37,26,5,8,0.0557,0.0,2,0,26,28,58.77,41.23,17.54,5,0,Home Win
3895302,2024-04-14,1. Bundesliga,2023/2024,Bayer Leverkusen,Werder Bremen,75,3,0,3,2.2075,0.6837,1.5237,17,7,10,576,445,131,89.06,86.29,190,194,-4,516,383,49,34,5,9,0.3248,0.0825,3,2,17,29,58.02,41.98,16.04,5,0,Home Win
3895302,2024-04-14,1. Bundesliga,2023/2024,Bayer Leverkusen,Werder Bremen,85,4,0,4,2.7142,0.6837,2.0305,19,7,12,623,512,111,89.57,86.52,212,202,10,559,427,51,36,7,9,0.5068,0.0,2,0,22,8,74.88,25.12,49.75,5,0,Home Win
3895309,2024-04-21,1. Bundesliga,2023/2024,Borussia Dortmund,Bayer Leverkusen,15,0,0,0,0.0283,0.2955,-0.2672,1,3,-2,96,149,-53,87.5,92.62,34,28,6,78,134,9,10,2,0,0.0283,0.288,1,2,15,21,37.28,62.72,-25.44,1,1,Draw
3895309,2024-04-21,1. Bundesliga,2023/2024,Borussia Dortmund,Bayer Leverkusen,30,0,0,0,0.0546,0.361,-0.3064,2,4,-2,178,256,-78,87.64,90.62,71,45,26,153,227,16,14,4,2,0.0,0.0,0,0,23,11,58.99,41.01,17.99,1,1,Draw
3895309,2024-04-21,1. Bundesliga,2023/2024,Borussia Dortmund,Bayer Leverkusen,45,0,0,0,0.1342,0.4916,-0.3574,3,7,-4,243,337,-94,86.83,89.91,103,79,24,205,290,26,20,6,2,0.0795,0.1041,1,2,17,24,43.27,56.73,-13.47,1,1,Draw
3895309,2024-04-21,1. Bundesliga,2023/2024,Borussia Dortmund,Bayer Leverkusen,60,0,0,0,0.3905,0.5316,-0.1411,7,9,-2,365,402,-37,86.85,88.06,129,106,23,292,348,37,32,8,3,0.0221,0.04,1,2,11,17,45.99,54.01,-8.03,1,1,Draw
3895309,2024-04-21,1. Bundesliga,2023/2024,Borussia Dortmund,Bayer Leverkusen,75,0,0,0,0.3905,1.2117,-0.8211,7,11,-4,451,488,-37,87.14,87.7,168,129,39,351,423,45,38,9,4,0.0,0.6801,0,2,23,12,33.58,66.42,-32.84,1,1,Draw
3895309,2024-04-21,1. Bundesliga,2023/2024,Borussia Dortmund,Bayer Leverkusen,85,1,0,1,0.5548,1.2117,-0.6568,8,11,-3,491,534,-43,85.95,86.89,185,140,45,373,460,48,43,10,5,0.1643,0.0,1,0,17,11,62.25,37.75,24.5,1,1,Draw
3895320,2024-04-27,1. Bundesliga,2023/2024,Bayer Leverkusen,VfB Stuttgart,15,0,0,0,0.252,0.1594,0.0926,2,2,0,108,134,-26,87.04,87.31,22,45,-23,86,114,9,4,2,1,0.225,0.1594,1,2,12,24,37.01,62.99,-25.99,2,2,Draw
3895320,2024-04-27,1. Bundesliga,2023/2024,Bayer Leverkusen,VfB Stuttgart,30,0,0,0,0.9554,0.1594,0.796,6,2,4,167,216,-49,84.43,87.96,44,67,-23,128,191,15,8,2,4,0.6313,0.0,3,0,14,15,73.32,26.68,46.64,2,2,Draw
3895320,2024-04-27,1. Bundesliga,2023/2024,Bayer Leverkusen,VfB Stuttgart,45,0,0,0,0.9672,0.1594,0.8078,7,2,5,255,332,-77,82.35,87.05,66,94,-28,192,297,23,19,2,6,0.0118,0.0,1,0,9,19,45.79,54.21,-8.41,2,2,Draw
3895320,2024-04-27,1. Bundesliga,2023/2024,Bayer Leverkusen,VfB Stuttgart,60,1,2,-1,1.0903,0.6742,0.4161,9,8,1,345,399,-54,82.9,85.96,92,127,-35,265,353,29,26,4,8,0.0601,0.3038,1,3,18,24,38.54,61.46,-22.92,2,2,Draw
3895320,2024-04-27,1. Bundesliga,2023/2024,Bayer Leverkusen,VfB Stuttgart,75,1,2,-1,1.4406,1.37,0.0707,13,10,3,414,459,-45,81.64,84.97,116,151,-35,318,407,43,35,4,9,0.1002,0.6958,2,2,17,16,43.97,56.03,-12.06,2,2,Draw
3895320,2024-04-27,1. Bundesliga,2023/2024,Bayer Leverkusen,VfB Stuttgart,85,1,2,-1,1.4406,1.37,0.0707,13,10,3,473,506,-33,80.97,83.79,135,176,-41,360,447,50,41,5,10,0.0,0.0,0,0,19,25,47.51,52.49,-4.97,2,2,Draw
3895333,2024-05-05,1. Bundesliga,2023/2024,Eintracht Frankfurt,Bayer Leverkusen,15,0,1,-1,0.0,0.0572,-0.0572,0,2,-2,86,106,-20,76.74,83.96,33,18,15,58,90,7,7,3,1,0.0,0.0572,0,2,24,10,36.39,63.61,-27.23,1,5,Away Win
3895333,2024-05-05,1. Bundesliga,2023/2024,Eintracht Frankfurt,Bayer Leverkusen,30,0,1,-1,0.0,0.2922,-0.2922,0,4,-4,163,212,-49,80.37,87.74,71,37,34,114,180,8,10,6,1,0.0,0.0407,0,1,22,14,43.51,56.49,-12.98,1,5,Away Win
3895333,2024-05-05,1. Bundesliga,2023/2024,Eintracht Frankfurt,Bayer Leverkusen,45,1,2,-1,0.5642,0.5403,0.0239,5,6,-1,274,293,-19,85.04,87.37,97,61,36,201,240,16,14,7,3,0.4283,0.2481,4,2,21,17,59.86,40.14,19.73,1,5,Away Win
3895333,2024-05-05,1. Bundesliga,2023/2024,Eintracht Frankfurt,Bayer Leverkusen,60,1,3,-2,0.8979,1.3238,-0.4258,9,7,2,340,344,-4,84.12,86.05,119,81,38,258,278,22,18,11,3,0.1071,0.7835,2,1,11,9,46.46,53.54,-7.07,1,5,Away Win
3895333,2024-05-05,1. Bundesliga,2023/2024,Eintracht Frankfurt,Bayer Leverkusen,75,1,3,-2,1.0329,1.3238,-0.2909,13,7,6,437,399,38,83.75,85.21,142,114,28,351,322,36,23,14,4,0.0968,0.0,3,0,18,16,73.4,26.6,46.79,1,5,Away Win
3895333,2024-05-05,1. Bundesliga,2023/2024,Eintracht Frankfurt,Bayer Leverkusen,85,1,4,-3,1.2255,1.8023,-0.5768,16,8,8,490,423,67,82.65,84.63,158,132,26,394,338,44,25,15,5,0.1926,0.4785,3,1,16,18,59.93,40.07,19.87,1,5,Away Win
3895340,2024-05-12,1. Bundesliga,2023/2024,Bochum,Bayer Leverkusen,15,0,0,0,0.1239,0.0719,0.0519,1,1,0,69,65,4,72.46,76.92,20,15,5,47,47,6,4,2,0,0.1239,0.0719,1,1,7,10,52.4,47.6,4.8,0,5,Away Win
3895340,2024-05-12,1. Bundesliga,2023/2024,Bochum,Bayer Leverkusen,30,0,0,0,0.1239,0.169,-0.0452,1,4,-3,98,195,-97,66.33,86.15,35,22,13,66,163,11,10,6,0,0.0,0.0971,0,3,10,4,16.87,83.13,-66.26,0,5,Away Win
3895340,2024-05-12,1. Bundesliga,2023/2024,Bochum,Bayer Leverkusen,45,0,1,-1,0.1239,0.3559,-0.2321,1,8,-7,134,346,-212,64.18,89.88,56,26,30,87,301,16,17,8,2,0.0,0.1209,0,3,16,4,24.84,75.16,-50.32,0,5,Away Win
3895340,2024-05-12,1. Bundesliga,2023/2024,Bochum,Bayer Leverkusen,60,0,2,-2,0.1625,1.4971,-1.3346,2,13,-11,208,432,-224,73.08,90.05,78,43,35,146,387,20,29,10,4,0.0387,0.2119,1,2,16,10,40.2,59.8,-19.6,0,5,Away Win
3895340,2024-05-12,1. Bundesliga,2023/2024,Bochum,Bayer Leverkusen,75,0,3,-3,0.3141,2.2703,-1.9562,3,19,-16,261,537,-276,73.95,89.94,94,57,37,191,482,27,38,12,6,0.1516,0.748,1,5,6,11,24.04,75.96,-51.93,0,5,Away Win
3895340,2024-05-12,1. Bundesliga,2023/2024,Bochum,Bayer Leverkusen,85,0,4,-4,0.3141,3.1106,-2.7965,3,24,-21,295,596,-301,73.9,89.6,104,67,37,211,531,28,48,12,6,0.0,0.8403,0,5,10,10,13.77,86.23,-72.47,0,5,Away Win
3895348,2024-05-18,1. Bundesliga,2023/2024,Bayer Leverkusen,Augsburg,15,1,0,1,0.8075,0.0,0.8075,2,0,2,176,54,122,92.05,79.63,25,46,-21,173,49,5,6,2,2,0.8075,0.0,2,0,13,28,67.76,32.24,35.51,2,1,Home Win
3895348,2024-05-18,1. Bundesliga,2023/2024,Bayer Leverkusen,Augsburg,30,2,0,2,1.2025,0.0,1.2025,5,0,5,341,120,221,91.5,82.5,40,79,-39,324,106,14,11,4,5,0.3951,0.0,3,0,10,18,72.07,27.93,44.14,2,1,Home Win
3895348,2024-05-18,1. Bundesliga,2023/2024,Bayer Leverkusen,Augsburg,45,2,0,2,1.2328,0.2169,1.0159,6,3,3,439,196,243,91.57,83.67,68,94,-26,413,175,19,20,5,6,0.0303,0.1274,1,2,17,7,50.86,49.14,1.72,2,1,Home Win
3895348,2024-05-18,1. Bundesliga,2023/2024,Bayer Leverkusen,Augsburg,60,2,0,2,1.4726,0.3431,1.1295,10,6,4,555,284,271,91.53,85.56,85,112,-27,518,255,25,25,5,8,0.0832,0.1261,2,3,12,6,47.25,52.75,-5.51,2,1,Home Win
3895348,2024-05-18,1. Bundesliga,2023/2024,Bayer Leverkusen,Augsburg,75,2,1,1,1.9444,0.4474,1.497,16,7,9,658,340,318,90.88,84.41,99,135,-36,609,303,37,31,7,10,0.2412,0.0,4,0,5,16,76.8,23.2,53.61,2,1,Home Win
3895348,2024-05-18,1. Bundesliga,2023/2024,Bayer Leverkusen,Augsburg,85,2,1,1,1.9745,0.6888,1.2856,17,9,8,721,382,339,90.98,83.25,115,149,-34,668,337,43,39,8,10,0.0301,0.2414,1,2,16,14,45.88,54.12,-8.25,2,1,Home Win
3930158,2024-06-14,UEFA Euro,2024,Germany,Scotland,15,1,0,1,0.0642,0.0,0.0642,1,0,1,149,61,88,92.62,75.41,35,33,2,114,48,5,8,1,1,0.0642,0.0,1,0,24,25,63.92,36.08,27.83,5,1,Home Win
3930158,2024-06-14,UEFA Euro,2024,Germany,Scotland,30,2,0,2,0.2196,0.0,0.2196,3,0,3,245,111,134,93.47,79.28,50,57,-7,189,82,9,10,2,1,0.0619,0.0,1,0,13,15,62.86,37.14,25.72,5,1,Home Win
3930158,2024-06-14,UEFA Euro,2024,Germany,Scotland,45,3,0,3,1.0852,0.0,1.0852,5,0,5,342,152,190,91.81,76.32,65,72,-7,268,110,13,14,3,4,0.8656,0.0,2,0,7,7,83.08,16.92,66.15,5,1,Home Win
3930158,2024-06-14,UEFA Euro,2024,Germany,Scotland,60,3,0,3,1.5058,0.0,1.5058,13,0,13,515,197,318,92.23,75.13,93,98,-5,411,137,24,22,4,5,0.4145,0.0,7,0,13,17,85.13,14.87,70.26,5,1,Home Win
3930158,2024-06-14,UEFA Euro,2024,Germany,Scotland,75,4,0,4,1.7162,0.0,1.7162,16,0,16,599,235,364,91.99,75.74,107,112,-5,481,162,29,24,5,6,0.114,0.0,1,0,6,12,71.65,28.35,43.29,5,1,Home Win
3930158,2024-06-14,UEFA Euro,2024,Germany,Scotland,85,4,0,4,1.7946,0.0,1.7946,19,0,19,647,267,380,91.5,75.28,120,122,-2,516,184,32,26,5,6,0.0785,0.0,3,0,13,10,77.01,22.99,54.02,5,1,Home Win
3930159,2024-06-15,UEFA Euro,2024,Hungary,Switzerland,15,0,1,-1,0.1409,0.3886,-0.2478,2,1,1,68,91,-23,76.47,81.32,20,18,2,37,66,2,6,3,1,0.0448,0.3886,1,1,12,9,42.02,57.98,-15.96,1,3,Away Win
3930159,2024-06-15,UEFA Euro,2024,Hungary,Switzerland,30,0,1,-1,0.1409,0.9058,-0.765,2,4,-2,127,191,-64,73.23,83.77,48,38,10,75,150,9,13,6,4,0.0,0.0705,0,2,21,18,33.75,66.25,-32.49,1,3,Away Win
3930159,2024-06-15,UEFA Euro,2024,Hungary,Switzerland,45,0,2,-2,0.2845,0.9414,-0.6569,3,5,-2,205,306,-101,77.07,84.31,78,66,12,126,245,11,20,9,6,0.1436,0.0356,1,1,21,23,49.57,50.43,-0.87,1,3,Away Win
3930159,2024-06-15,UEFA Euro,2024,Hungary,Switzerland,60,0,2,-2,0.2845,1.2675,-0.9831,3,9,-6,310,376,-66,79.03,84.31,103,102,1,203,296,21,26,10,8,0.0,0.1563,0,2,14,21,34.82,65.18,-30.37,1,3,Away Win
3930159,2024-06-15,UEFA Euro,2024,Hungary,Switzerland,75,1,2,-1,1.1028,1.4401,-0.3372,6,11,-5,383,427,-44,79.37,84.07,130,115,15,249,333,24,33,12,10,0.0841,0.1725,1,2,21,10,46.63,53.37,-6.74,1,3,Away Win
3930159,2024-06-15,UEFA Euro,2024,Hungary,Switzerland,85,1,2,-1,1.1028,1.5884,-0.4855,6,12,-6,437,460,-23,79.41,83.48,147,140,7,300,364,31,38,13,10,0.0,0.1483,0,1,17,25,41.1,58.9,-17.8,1,3,Away Win
3930160,2024-06-15,UEFA Euro,2024,Spain,Croatia,15,0,0,0,0.1018,0.0,0.1018,2,0,2,116,106,10,86.21,83.96,35,50,-15,96,75,8,4,2,3,0.1018,0.0,2,0,21,28,56.2,43.8,12.39,3,0,Home Win
3930160,2024-06-15,UEFA Euro,2024,Spain,Croatia,30,1,0,1,0.5271,0.1127,0.4144,3,2,1,166,214,-48,82.53,85.98,74,72,2,126,162,12,10,3,3,0.4253,0.1127,1,2,25,13,50.26,49.74,0.53,3,0,Home Win
3930160,2024-06-15,UEFA Euro,2024,Spain,Croatia,45,2,0,2,0.6916,0.3796,0.312,5,7,-2,231,292,-61,82.25,87.33,111,100,11,172,228,18,14,3,3,0.0,0.0827,0,3,33,17,39.37,60.63,-21.25,3,0,Home Win
3930160,2024-06-15,UEFA Euro,2024,Spain,Croatia,60,3,0,3,1.527,1.6373,-0.1103,9,12,-3,308,367,-59,84.09,87.19,145,142,3,237,292,26,22,3,5,0.5344,1.2392,3,4,17,23,40.7,59.3,-18.59,3,0,Home Win
3930160,2024-06-15,UEFA Euro,2024,Spain,Croatia,75,3,0,3,1.5544,1.6373,-0.0828,10,12,-2,413,463,-50,84.5,85.53,184,187,-3,324,371,32,32,3,8,0.0274,0.0,1,0,23,36,50.66,49.34,1.32,3,0,Home Win
3930160,2024-06-15,UEFA Euro,2024,Spain,Croatia,85,3,0,3,1.5544,2.463,-0.9086,10,15,-5,444,487,-43,83.56,85.63,192,201,-9,344,393,33,34,3,10,0.0,0.8258,0,3,8,14,16.47,83.53,-67.05,3,0,Home Win
3930161,2024-06-15,UEFA Euro,2024,Italy,Albania,15,2,1,1,0.5082,0.1592,0.349,6,3,3,114,46,68,88.6,67.39,9,18,-9,98,27,5,3,2,2,0.2914,0.073,4,2,8,11,65.16,34.84,30.31,2,1,Home Win
3930161,2024-06-15,UEFA Euro,2024,Italy,Albania,30,2,1,1,0.7662,0.1592,0.6071,9,3,6,275,110,165,91.64,80.0,18,34,-16,248,81,7,5,2,3,0.0506,0.0,1,0,7,12,67.71,32.29,35.42,2,1,Home Win
3930161,2024-06-15,UEFA Euro,2024,Italy,Albania,45,2,1,1,1.1724,0.1824,0.9901,12,4,8,424,172,252,92.45,82.56,28,51,-23,388,126,10,7,3,4,0.1867,0.0232,2,1,9,11,67.18,32.82,34.36,2,1,Home Win
3930161,2024-06-15,UEFA Euro,2024,Italy,Albania,60,2,1,1,1.3641,0.191,1.1731,15,5,10,565,248,317,92.39,83.06,43,67,-24,519,190,17,11,4,9,0.0346,0.0086,1,1,9,9,57.04,42.96,14.07,2,1,Home Win
3930161,2024-06-15,UEFA Euro,2024,Italy,Albania,75,2,1,1,1.44,0.2199,1.2201,16,6,10,693,303,390,92.06,82.18,53,85,-32,639,232,23,16,6,11,0.0759,0.0289,1,1,5,12,56.37,43.63,12.74,2,1,Home Win
3930161,2024-06-15,UEFA Euro,2024,Italy,Albania,85,2,1,1,1.4498,0.2199,1.2299,17,6,11,806,347,459,92.43,83.57,60,99,-39,743,268,24,17,6,13,0.0098,0.0,1,0,7,14,66.5,33.5,32.99,2,1,Home Win
3930162,2024-06-16,UEFA Euro,2024,Slovenia,Denmark,15,0,0,0,0.023,0.0738,-0.0509,1,2,-1,60,158,-98,76.67,87.97,38,20,18,41,120,6,15,2,1,0.023,0.0738,1,2,23,13,45.29,54.71,-9.42,1,1,Draw
3930162,2024-06-16,UEFA Euro,2024,Slovenia,Denmark,30,0,1,-1,0.0658,0.4526,-0.3868,3,4,-1,136,243,-107,79.41,86.42,60,42,18,97,173,11,22,4,1,0.0,0.1021,0,1,15,20,38.36,61.64,-23.28,1,1,Draw
3930162,2024-06-16,UEFA Euro,2024,Slovenia,Denmark,45,0,1,-1,0.0658,0.6882,-0.6224,3,8,-5,187,413,-226,78.61,88.38,90,55,35,129,308,13,34,5,1,0.0,0.1635,0,3,25,8,27.12,72.88,-45.77,1,1,Draw
3930162,2024-06-16,UEFA Euro,2024,Slovenia,Denmark,60,0,1,-1,0.0658,0.7851,-0.7193,3,10,-7,226,513,-287,74.34,88.11,118,69,49,152,375,19,40,6,1,0.0,0.097,0,2,19,7,32.83,67.17,-34.34,1,1,Draw
3930162,2024-06-16,UEFA Euro,2024,Slovenia,Denmark,75,0,1,-1,0.6289,1.4503,-0.8214,6,14,-8,286,599,-313,76.22,88.65,145,85,60,199,440,24,48,8,2,0.3673,0.1607,2,2,15,12,54.31,45.69,8.62,1,1,Draw
3930162,2024-06-16,UEFA Euro,2024,Slovenia,Denmark,85,1,1,0,0.9586,1.5112,-0.5526,10,16,-6,312,654,-342,75.96,88.53,163,94,69,211,476,26,51,8,3,0.3298,0.061,4,2,18,9,62.15,37.85,24.31,1,1,Draw
3930163,2024-06-16,UEFA Euro,2024,Serbia,England,15,0,1,-1,0.0,0.2891,-0.2891,0,1,-1,30,195,-165,66.67,94.87,33,8,25,20,183,5,5,1,1,0.0,0.2891,0,1,18,5,29.6,70.4,-40.8,0,1,Away Win
3930163,2024-06-16,UEFA Euro,2024,Serbia,England,30,0,1,-1,0.1328,0.3685,-0.2357,2,3,-1,117,286,-169,81.2,91.26,53,34,19,88,263,11,11,2,5,0.0372,0.0535,1,1,12,15,47.08,52.92,-5.83,0,1,Away Win
3930163,2024-06-16,UEFA Euro,2024,Serbia,England,45,0,1,-1,0.1328,0.3685,-0.2357,2,3,-1,277,336,-59,89.17,90.48,69,60,9,224,309,14,14,2,6,0.0,0.0,0,0,13,17,57.65,42.35,15.31,0,1,Away Win
3930163,2024-06-16,UEFA Euro,2024,Serbia,England,60,0,1,-1,0.1328,0.3915,-0.2587,2,4,-2,380,460,-80,87.37,90.65,103,83,20,302,415,21,26,3,7,0.0,0.023,0,1,16,9,36.77,63.23,-26.45,0,1,Away Win
3930163,2024-06-16,UEFA Euro,2024,Serbia,England,75,0,1,-1,0.1328,0.3915,-0.2587,2,4,-2,456,524,-68,85.96,89.69,126,93,33,354,468,25,33,3,7,0.0,0.0,0,0,12,3,51.95,48.05,3.9,0,1,Away Win
3930163,2024-06-16,UEFA Euro,2024,Serbia,England,85,0,1,-1,0.2111,0.5588,-0.3477,4,5,-1,499,568,-69,84.77,88.38,139,98,41,383,498,29,38,5,7,0.0784,0.1673,2,1,13,5,59.37,40.63,18.74,0,1,Away Win
3938637,2024-06-16,UEFA Euro,2024,Poland,Netherlands,15,1,0,1,0.1343,0.2538,-0.1195,3,4,-1,69,98,-29,81.16,86.73,22,28,-6,41,87,5,7,1,2,0.1343,0.1297,3,2,13,19,50.7,49.3,1.4,1,2,Away Win
3938637,2024-06-16,UEFA Euro,2024,Poland,Netherlands,30,1,1,0,0.1343,0.7243,-0.59,3,11,-8,100,228,-128,80.0,89.91,45,42,3,62,202,8,14,1,2,0.0,0.437,0,6,13,9,14.62,85.38,-70.75,1,2,Away Win
3938637,2024-06-16,UEFA Euro,2024,Poland,Netherlands,45,1,1,0,0.1529,1.0019,-0.849,4,14,-10,172,353,-181,80.81,89.8,68,62,6,127,312,16,23,3,3,0.0,0.2776,0,3,17,8,25.76,74.24,-48.48,1,2,Away Win
3938637,2024-06-16,UEFA Euro,2024,Poland,Netherlands,60,1,1,0,0.2496,1.1125,-0.8629,6,18,-12,231,446,-215,79.22,89.24,94,87,7,177,400,26,27,4,4,0.0968,0.0467,2,1,10,19,55.3,44.7,10.6,1,2,Away Win
3938637,2024-06-16,UEFA Euro,2024,Poland,Netherlands,75,1,1,0,0.4227,1.2181,-0.7954,7,20,-13,269,567,-298,78.44,89.59,114,100,14,207,514,30,29,6,5,0.0,0.0688,0,1,9,5,23.63,76.37,-52.74,1,2,Away Win
3938637,2024-06-16,UEFA Euro,2024,Poland,Netherlands,85,1,2,-1,0.7176,1.3128,-0.5952,8,21,-13,284,601,-317,77.82,89.35,125,103,22,215,545,30,32,7,6,0.2949,0.0946,1,1,11,3,54.08,45.92,8.15,1,2,Away Win
3930164,2024-06-17,UEFA Euro,2024,Belgium,Slovakia,15,0,1,-1,0.725,0.2293,0.4957,3,2,1,73,83,-10,89.04,80.72,24,28,-4,73,59,6,4,2,2,0.0278,0.2293,1,2,12,14,40.81,59.19,-18.38,0,1,Away Win
3930164,2024-06-17,UEFA Euro,2024,Belgium,Slovakia,30,0,1,-1,0.7536,0.3408,0.4128,4,4,0,173,178,-5,85.55,81.46,54,52,2,155,140,12,16,3,7,0.0,0.1115,0,2,23,18,40.88,59.12,-18.24,0,1,Away Win
3930164,2024-06-17,UEFA Euro,2024,Belgium,Slovakia,45,0,1,-1,0.9041,0.4417,0.4624,6,5,1,283,239,44,86.57,80.33,70,83,-13,248,186,16,23,3,7,0.0,0.1009,0,1,10,25,40.97,59.03,-18.07,0,1,Away Win
3930164,2024-06-17,UEFA Euro,2024,Belgium,Slovakia,60,0,1,-1,1.2854,0.5404,0.745,10,8,2,407,286,121,86.24,78.67,91,119,-28,346,224,22,32,3,11,0.3813,0.0062,4,1,15,22,67.27,32.73,34.55,0,1,Away Win
3930164,2024-06-17,UEFA Euro,2024,Belgium,Slovakia,75,0,1,-1,1.5147,0.6635,0.8512,12,9,3,506,338,168,85.97,78.7,111,152,-41,430,269,32,40,3,12,0.034,0.1231,1,1,13,28,46.46,53.54,-7.07,0,1,Away Win
3930164,2024-06-17,UEFA Euro,2024,Belgium,Slovakia,85,0,1,-1,1.5962,0.7111,0.8851,14,10,4,557,372,185,85.82,78.49,120,168,-48,470,296,34,42,3,13,0.0815,0.0476,2,1,9,16,55.59,44.41,11.18,0,1,Away Win
3930165,2024-06-17,UEFA Euro,2024,Austria,France,15,0,0,0,0.0,0.1012,-0.1012,0,2,-2,82,109,-27,82.93,86.24,59,21,38,57,88,2,11,3,0,0.0,0.1012,0,2,33,19,43.51,56.49,-12.97,0,1,Away Win
3930165,2024-06-17,UEFA Euro,2024,Austria,France,30,0,0,0,0.0,0.2249,-0.2249,0,4,-4,159,180,-21,81.13,87.78,94,40,54,120,150,8,16,4,3,0.0,0.0,0,0,24,16,55.86,44.14,11.73,0,1,Away Win
3930165,2024-06-17,UEFA Euro,2024,Austria,France,45,0,1,-1,0.5087,0.2737,0.235,2,5,-3,246,288,-42,80.89,86.11,134,59,75,188,225,14,25,5,4,0.0374,0.0,1,0,28,12,66.0,34.0,32.0,0,1,Away Win
3930165,2024-06-17,UEFA Euro,2024,Austria,France,60,0,1,-1,0.5304,0.678,-0.1476,3,6,-3,341,346,-5,82.11,84.97,153,76,77,265,264,21,31,6,6,0.0,0.4043,0,1,14,14,41.48,58.52,-17.05,0,1,Away Win
3930165,2024-06-17,UEFA Euro,2024,Austria,France,75,0,1,-1,0.5304,1.5894,-1.059,3,11,-8,431,420,11,82.37,84.76,180,102,78,336,323,25,39,7,7,0.0,0.1273,0,2,24,18,40.04,59.96,-19.92,0,1,Away Win
3930165,2024-06-17,UEFA Euro,2024,Austria,France,85,0,1,-1,0.728,1.87,-1.1419,4,13,-9,456,458,-2,82.02,84.93,203,116,87,362,350,32,43,8,8,0.1977,0.2806,1,2,23,14,47.96,52.04,-4.07,0,1,Away Win
3938638,2024-06-17,UEFA Euro,2024,Romania,Ukraine,15,0,0,0,0.025,0.0745,-0.0495,1,2,-1,57,153,-96,73.68,88.89,37,9,28,42,140,8,12,2,1,0.025,0.0745,1,2,22,7,43.43,56.57,-13.14,3,0,Home Win
3938638,2024-06-17,UEFA Euro,2024,Romania,Ukraine,30,1,0,1,0.0712,0.1156,-0.0443,2,3,-1,104,275,-171,73.08,88.0,53,23,30,84,245,15,18,3,1,0.0463,0.0411,1,1,12,11,49.57,50.43,-0.86,3,0,Home Win
3938638,2024-06-17,UEFA Euro,2024,Romania,Ukraine,45,1,0,1,0.1264,0.1794,-0.053,5,4,1,151,355,-204,71.52,87.04,71,34,37,119,306,23,25,3,2,0.0551,0.0638,3,1,13,8,57.56,42.44,15.13,3,0,Home Win
3938638,2024-06-17,UEFA Euro,2024,Romania,Ukraine,60,3,0,3,1.1139,0.2185,0.8953,9,6,3,207,462,-255,72.46,86.36,86,53,33,159,400,32,30,4,3,0.9875,0.0311,4,1,7,9,71.54,28.46,43.07,3,0,Home Win
3938638,2024-06-17,UEFA Euro,2024,Romania,Ukraine,75,3,0,3,1.1211,0.3103,0.8107,10,8,2,240,533,-293,73.33,85.93,107,68,39,185,464,37,36,6,4,0.0072,0.0388,1,1,15,13,46.34,53.66,-7.32,3,0,Home Win
3938638,2024-06-17,UEFA Euro,2024,Romania,Ukraine,85,3,0,3,1.1211,0.5079,0.6132,10,11,-1,262,574,-312,71.76,85.37,114,85,29,200,502,45,40,6,5,0.0,0.1975,0,3,7,17,19.12,80.88,-61.75,3,0,Home Win
3930166,2024-06-18,UEFA Euro,2024,Portugal,Czech Republic,15,0,0,0,0.0544,0.0605,-0.0062,1,1,0,155,58,97,87.74,75.86,24,29,-5,131,45,7,8,1,1,0.0544,0.0,1,0,12,22,61.59,38.41,23.17,2,1,Home Win
3930166,2024-06-18,UEFA Euro,2024,Portugal,Czech Republic,30,0,0,0,0.1271,0.0605,0.0666,5,1,4,293,101,192,88.05,74.26,41,58,-17,248,75,18,11,1,4,0.0656,0.0,3,0,15,19,71.57,28.43,43.15,2,1,Home Win
3930166,2024-06-18,UEFA Euro,2024,Portugal,Czech Republic,45,0,0,0,0.9102,0.0605,0.8496,10,1,9,442,154,288,86.88,71.43,58,85,-27,378,113,33,21,2,9,0.1015,0.0,2,0,13,17,67.95,32.05,35.9,2,1,Home Win
3930166,2024-06-18,UEFA Euro,2024,Portugal,Czech Republic,60,0,0,0,1.0952,0.0605,1.0346,14,1,13,551,175,376,86.75,67.43,65,102,-37,469,124,43,27,3,10,0.185,0.0,4,0,4,9,86.41,13.59,72.81,2,1,Home Win
3930166,2024-06-18,UEFA Euro,2024,Portugal,Czech Republic,75,1,1,0,1.2078,0.1367,1.0711,16,3,13,657,219,438,86.61,66.21,91,119,-28,563,154,51,34,4,13,0.1126,0.0,2,0,20,14,74.45,25.55,48.89,2,1,Home Win
3930166,2024-06-18,UEFA Euro,2024,Portugal,Czech Republic,85,1,1,0,1.2475,0.3148,0.9327,18,5,13,730,249,481,86.3,66.27,109,138,-29,625,175,57,36,5,15,0.0397,0.178,2,2,18,19,54.28,45.72,8.56,2,1,Home Win
3938639,2024-06-18,UEFA Euro,2024,Turkey,Georgia,15,0,0,0,0.2949,0.0584,0.2365,5,2,3,162,46,116,91.98,60.87,11,32,-21,143,32,9,8,1,0,0.1856,0.0584,4,2,8,17,65.05,34.95,30.11,3,1,Home Win
3938639,2024-06-18,UEFA Euro,2024,Turkey,Georgia,30,1,0,1,0.7283,0.0672,0.6611,9,3,6,261,143,118,90.8,77.62,20,52,-32,227,101,17,13,2,0,0.393,0.0088,3,1,6,13,60.49,39.51,20.98,3,1,Home Win
3938639,2024-06-18,UEFA Euro,2024,Turkey,Georgia,45,1,1,0,1.2014,0.4677,0.7337,12,6,6,363,236,127,90.36,83.47,35,69,-34,311,177,25,19,2,1,0.4731,0.0446,3,1,11,16,63.62,36.38,27.24,3,1,Home Win
3938639,2024-06-18,UEFA Euro,2024,Turkey,Georgia,60,1,1,0,1.3994,0.5496,0.8498,17,8,9,482,299,183,89.42,82.61,48,104,-56,413,229,34,24,2,3,0.1089,0.0712,4,1,8,26,63.54,36.46,27.08,3,1,Home Win
3938639,2024-06-18,UEFA Euro,2024,Turkey,Georgia,75,2,1,1,1.7721,1.106,0.6661,20,11,9,570,382,188,89.65,84.03,64,120,-56,491,298,41,33,3,5,0.354,0.4284,2,2,12,12,47.38,52.62,-5.24,3,1,Home Win
3938639,2024-06-18,UEFA Euro,2024,Turkey,Georgia,85,2,1,1,1.7721,1.106,0.6661,20,11,9,590,433,157,88.81,84.76,71,130,-59,506,340,44,34,3,5,0.0,0.0,0,0,7,10,36.09,63.91,-27.83,3,1,Home Win
3930167,2024-06-19,UEFA Euro,2024,Croatia,Albania,15,0,1,-1,0.0,0.2219,-0.2219,0,3,-3,128,75,53,88.28,81.33,31,16,15,108,66,5,15,4,2,0.0,0.2219,0,3,17,7,37.98,62.02,-24.04,2,2,Draw
3930167,2024-06-19,UEFA Euro,2024,Croatia,Albania,30,0,1,-1,0.2126,0.7079,-0.4953,3,5,-2,240,123,117,85.83,77.24,46,38,8,196,106,12,24,4,5,0.1519,0.486,1,2,12,18,41.48,58.52,-17.05,2,2,Draw
3930167,2024-06-19,UEFA Euro,2024,Croatia,Albania,45,0,1,-1,0.2785,0.8328,-0.5544,5,7,-2,386,162,224,88.34,78.4,66,59,7,328,138,17,32,7,6,0.0659,0.125,2,2,18,16,57.86,42.14,15.71,2,2,Draw
3930167,2024-06-19,UEFA Euro,2024,Croatia,Albania,60,0,1,-1,1.0735,0.8328,0.2407,14,7,7,485,205,280,89.07,76.59,79,93,-14,411,168,27,35,7,7,0.5879,0.0,6,0,8,22,78.14,21.86,56.27,2,2,Draw
3930167,2024-06-19,UEFA Euro,2024,Croatia,Albania,75,2,1,1,1.5948,0.9814,0.6134,17,10,7,603,244,359,88.89,75.0,95,145,-50,516,202,41,39,9,11,0.5213,0.1014,3,2,7,32,57.93,42.07,15.86,2,2,Draw
3930167,2024-06-19,UEFA Euro,2024,Croatia,Albania,85,2,1,1,1.7091,0.9814,0.7277,18,10,8,663,289,374,88.84,76.12,115,168,-53,572,239,46,43,11,11,0.1142,0.0,1,0,20,23,59.61,40.39,19.22,2,2,Draw
3930168,2024-06-19,UEFA Euro,2024,Germany,Hungary,15,0,0,0,0.3074,0.5363,-0.229,3,3,0,128,68,60,91.41,80.88,18,27,-9,122,49,7,5,1,1,0.2351,0.06,2,1,7,14,60.85,39.15,21.71,2,0,Home Win
3930168,2024-06-19,UEFA Euro,2024,Germany,Hungary,30,1,0,1,0.5607,0.6531,-0.0924,5,7,-2,227,133,94,90.31,81.2,42,44,-2,216,97,15,12,2,1,0.2534,0.1168,2,4,20,12,46.49,53.51,-7.03,2,0,Home Win
3930168,2024-06-19,UEFA Euro,2024,Germany,Hungary,45,1,0,1,0.6699,0.6531,0.0168,9,7,2,410,167,243,89.76,79.64,58,66,-8,386,118,23,15,2,4,0.1092,0.0,4,0,10,17,80.96,19.04,61.93,2,0,Home Win
3930168,2024-06-19,UEFA Euro,2024,Germany,Hungary,60,1,0,1,0.7267,0.944,-0.2173,10,10,0,542,217,325,89.85,77.42,90,87,3,501,152,29,27,5,4,0.0567,0.2908,1,3,26,11,51.86,48.14,3.73,2,0,Home Win
3930168,2024-06-19,UEFA Euro,2024,Germany,Hungary,75,2,0,2,1.146,0.944,0.202,15,10,5,645,261,384,90.85,78.54,111,112,-1,602,188,34,31,7,4,0.3822,0.0,4,0,10,21,77.51,22.49,55.03,2,0,Home Win
3930168,2024-06-19,UEFA Euro,2024,Germany,Hungary,85,2,0,2,1.2017,0.944,0.2577,17,10,7,720,306,414,90.83,78.1,128,135,-7,674,222,41,33,7,6,0.0557,0.0,2,0,17,23,65.64,34.36,31.28,2,0,Home Win
3930169,2024-06-19,UEFA Euro,2024,Scotland,Switzerland,15,1,0,1,0.0625,0.0357,0.0268,1,1,0,50,90,-40,56.0,84.44,40,26,14,29,70,4,5,0,1,0.0625,0.0357,1,1,28,13,50.7,49.3,1.39,1,1,Draw
3930169,2024-06-19,UEFA Euro,2024,Scotland,Switzerland,30,1,1,0,0.0625,0.2156,-0.1531,1,4,-3,99,177,-78,69.7,85.31,62,46,16,66,143,7,12,0,3,0.0,0.1799,0,3,15,18,26.33,73.67,-47.35,1,1,Draw
3930169,2024-06-19,UEFA Euro,2024,Scotland,Switzerland,45,1,1,0,0.2325,0.4769,-0.2445,3,6,-3,214,246,-32,79.44,81.71,83,73,10,158,194,14,19,1,4,0.1699,0.039,2,1,11,18,59.02,40.98,18.05,1,1,Draw
3930169,2024-06-19,UEFA Euro,2024,Scotland,Switzerland,60,1,1,0,0.2325,0.7977,-0.5653,3,8,-5,300,308,-8,79.33,80.84,101,97,4,225,241,20,25,2,5,0.0,0.3208,0,2,13,16,29.77,70.23,-40.47,1,1,Draw
3930169,2024-06-19,UEFA Euro,2024,Scotland,Switzerland,75,1,1,0,0.5448,0.8459,-0.3011,7,9,-2,344,369,-25,77.91,80.22,123,123,0,253,279,22,27,4,6,0.2868,0.0,3,0,14,14,73.29,26.71,46.59,1,1,Draw
3930169,2024-06-19,UEFA Euro,2024,Scotland,Switzerland,85,1,1,0,0.7279,0.8804,-0.1526,10,10,0,379,412,-33,77.84,80.34,144,137,7,278,314,28,29,4,6,0.1831,0.0346,3,1,21,14,64.93,35.07,29.86,1,1,Draw
3930170,2024-06-20,UEFA Euro,2024,Slovenia,Serbia,15,0,0,0,0.1861,0.0,0.1861,2,0,2,77,125,-48,79.22,84.0,31,24,7,72,98,10,6,0,0,0.1448,0.0,1,0,17,10,62.42,37.58,24.85,1,1,Draw
3930170,2024-06-20,UEFA Euro,2024,Slovenia,Serbia,30,0,0,0,0.2796,0.0683,0.2113,4,1,3,173,222,-49,80.92,85.59,60,44,16,157,186,20,14,1,0,0.0,0.0683,0,1,22,9,43.49,56.51,-13.02,1,1,Draw
3930170,2024-06-20,UEFA Euro,2024,Slovenia,Serbia,45,0,0,0,1.1821,0.5644,0.6177,9,6,3,247,312,-65,78.95,86.54,84,59,25,223,272,30,29,4,4,0.9025,0.4961,5,5,17,6,53.3,46.7,6.59,1,1,Draw
3930170,2024-06-20,UEFA Euro,2024,Slovenia,Serbia,60,0,0,0,1.2039,0.8727,0.3312,10,8,2,314,403,-89,79.62,86.1,105,75,30,281,355,35,39,5,5,0.0218,0.0,1,0,10,13,57.94,42.06,15.88,1,1,Draw
3930170,2024-06-20,UEFA Euro,2024,Slovenia,Serbia,75,1,0,1,1.5422,1.2096,0.3326,11,11,0,356,489,-133,79.21,86.71,124,92,32,318,427,40,46,7,5,0.3383,0.2784,1,2,11,13,40.17,59.83,-19.67,1,1,Draw
3930170,2024-06-20,UEFA Euro,2024,Slovenia,Serbia,85,1,0,1,1.5522,1.2867,0.2655,12,13,-1,376,545,-169,78.19,86.24,144,95,49,327,473,44,51,7,5,0.01,0.0771,1,2,20,3,44.96,55.04,-10.07,1,1,Draw
3930171,2024-06-20,UEFA Euro,2024,Denmark,England,15,0,0,0,0.0258,0.1015,-0.0757,1,1,0,98,148,-50,85.71,88.51,25,12,13,83,113,5,5,0,1,0.0,0.1015,0,1,14,6,46.87,53.13,-6.26,1,1,Draw
3930171,2024-06-20,UEFA Euro,2024,Denmark,England,30,0,1,-1,0.1454,0.6308,-0.4854,4,4,0,232,208,24,87.93,87.98,47,30,17,204,166,13,14,2,2,0.1196,0.0217,3,1,16,13,69.82,30.18,39.65,1,1,Draw
3930171,2024-06-20,UEFA Euro,2024,Denmark,England,45,1,1,0,0.273,0.656,-0.383,9,5,4,320,303,17,85.94,86.14,72,43,29,275,236,21,16,5,3,0.0702,0.0252,3,1,21,11,63.94,36.06,27.87,1,1,Draw
3930171,2024-06-20,UEFA Euro,2024,Denmark,England,60,1,1,0,0.3181,1.0584,-0.7402,10,11,-1,418,406,12,85.65,87.19,113,60,53,358,324,25,23,6,3,0.0,0.3611,0,4,25,7,32.77,67.23,-34.46,1,1,Draw
3930171,2024-06-20,UEFA Euro,2024,Denmark,England,75,1,1,0,0.3851,1.1727,-0.7876,13,12,1,495,488,7,85.05,85.86,135,80,55,427,380,33,30,8,4,0.0401,0.1143,2,1,13,11,57.07,42.93,14.14,1,1,Draw
3930171,2024-06-20,UEFA Euro,2024,Denmark,England,85,1,1,0,0.7333,1.1727,-0.4394,16,12,4,551,537,14,84.75,85.66,144,99,45,469,415,34,31,9,5,0.3482,0.0,3,0,9,19,68.22,31.78,36.44,1,1,Draw
3930172,2024-06-20,UEFA Euro,2024,Spain,Italy,15,0,0,0,0.4204,0.0,0.4204,3,0,3,103,89,14,93.2,83.15,33,36,-3,100,70,5,8,5,0,0.2116,0.0,2,0,21,20,65.68,34.32,31.36,1,0,Home Win
3930172,2024-06-20,UEFA Euro,2024,Spain,Italy,30,0,0,0,0.6046,0.0,0.6046,7,0,7,248,148,100,91.53,77.03,57,87,-30,231,110,12,15,5,3,0.1842,0.0,4,0,22,27,70.14,29.86,40.28,1,0,Home Win
3930172,2024-06-20,UEFA Euro,2024,Spain,Italy,45,0,0,0,0.6794,0.0287,0.6507,9,1,8,343,211,132,90.96,79.15,73,124,-51,314,160,17,20,6,4,0.0749,0.0287,2,1,14,26,53.0,47.0,5.99,1,0,Home Win
3930172,2024-06-20,UEFA Euro,2024,Spain,Italy,60,1,0,1,1.1085,0.0287,1.0797,15,1,14,468,259,209,90.17,77.99,96,165,-69,435,187,32,23,6,7,0.429,0.0,6,0,14,33,76.04,23.96,52.08,1,0,Home Win
3930172,2024-06-20,UEFA Euro,2024,Spain,Italy,75,1,0,1,1.1186,0.07,1.0485,16,2,14,550,358,192,90.55,80.73,119,199,-80,513,269,38,28,7,9,0.0101,0.0413,1,1,19,17,45.94,54.06,-8.11,1,0,Home Win
3930172,2024-06-20,UEFA Euro,2024,Spain,Italy,85,1,0,1,1.2909,0.1153,1.1757,18,3,15,574,420,154,90.77,82.14,136,209,-73,539,317,41,30,8,9,0.1724,0.0452,2,1,17,10,57.58,42.42,15.16,1,0,Home Win
3930173,2024-06-21,UEFA Euro,2024,Netherlands,France,15,0,0,0,0.1464,0.1044,0.0421,2,2,0,105,131,-26,88.57,89.31,17,38,-21,89,114,2,6,2,0,0.0497,0.0959,1,1,11,30,39.27,60.73,-21.47,0,0,Draw
3930173,2024-06-21,UEFA Euro,2024,Netherlands,France,30,0,0,0,0.171,0.1615,0.0095,3,3,0,173,250,-77,86.13,87.6,33,57,-24,137,212,5,9,5,1,0.0246,0.0571,1,1,6,14,41.28,58.72,-17.44,0,0,Draw
3930173,2024-06-21,UEFA Euro,2024,Netherlands,France,45,0,0,0,0.2774,0.2733,0.0041,5,5,0,228,366,-138,86.84,89.07,50,69,-19,182,318,6,15,8,3,0.0,0.1118,0,2,9,6,25.13,74.87,-49.74,0,0,Draw
3930173,2024-06-21,UEFA Euro,2024,Netherlands,France,60,0,0,0,0.3312,0.6273,-0.2961,6,10,-4,287,469,-182,87.11,89.55,69,81,-12,228,411,11,19,9,4,0.0538,0.3054,1,4,10,7,31.78,68.22,-36.44,0,0,Draw
3930173,2024-06-21,UEFA Euro,2024,Netherlands,France,75,0,0,0,0.7132,1.1413,-0.428,8,14,-6,325,552,-227,87.69,89.86,85,87,-2,255,485,15,22,10,4,0.382,0.0526,2,1,6,4,68.15,31.85,36.3,0,0,Draw
3930173,2024-06-21,UEFA Euro,2024,Netherlands,France,85,0,0,0,0.7382,1.1413,-0.4031,9,14,-5,386,636,-250,87.82,90.88,97,93,4,301,564,18,24,10,4,0.0249,0.0,1,0,12,6,56.22,43.78,12.43,0,0,Draw
3938640,2024-06-21,UEFA Euro,2024,Slovakia,Ukraine,15,0,0,0,0.2095,0.0258,0.1837,3,1,2,136,80,56,88.97,86.25,14,25,-11,111,73,5,6,0,1,0.2095,0.0258,3,1,6,16,60.88,39.12,21.77,1,2,Away Win
3938640,2024-06-21,UEFA Euro,2024,Slovakia,Ukraine,30,1,0,1,0.4317,0.4598,-0.0281,5,5,0,244,151,93,90.16,85.43,27,43,-16,195,138,5,10,0,3,0.0,0.434,0,4,11,12,26.51,73.49,-46.97,1,2,Away Win
3938640,2024-06-21,UEFA Euro,2024,Slovakia,Ukraine,45,1,0,1,0.5256,0.6012,-0.0756,7,7,0,330,239,91,89.09,86.19,37,57,-20,256,213,6,13,1,3,0.0939,0.0077,2,1,4,11,55.72,44.28,11.44,1,2,Away Win
3938640,2024-06-21,UEFA Euro,2024,Slovakia,Ukraine,60,1,1,0,0.5343,1.1604,-0.6261,8,9,-1,409,328,81,88.51,85.06,55,76,-21,321,291,12,22,2,5,0.0087,0.2398,1,1,14,13,41.92,58.08,-16.16,1,2,Away Win
3938640,2024-06-21,UEFA Euro,2024,Slovakia,Ukraine,75,1,1,0,0.5592,1.3071,-0.7478,9,11,-2,466,410,56,87.55,85.37,69,94,-25,369,361,19,26,2,7,0.025,0.1467,1,2,12,12,39.54,60.46,-20.92,1,2,Away Win
3938640,2024-06-21,UEFA Euro,2024,Slovakia,Ukraine,85,1,2,-1,0.6863,1.7317,-1.0454,12,13,-1,526,442,84,88.02,85.29,76,102,-26,413,390,24,30,2,8,0.127,0.4246,3,2,7,8,53.54,46.46,7.08,1,2,Away Win
3938641,2024-06-21,UEFA Euro,2024,Poland,Austria,15,0,1,-1,0.0,0.245,-0.245,0,3,-3,49,122,-73,57.14,84.43,43,23,20,26,111,7,14,1,4,0.0,0.2391,0,2,27,15,32.0,68.0,-36.01,1,3,Away Win
3938641,2024-06-21,UEFA Euro,2024,Poland,Austria,30,1,1,0,0.9694,0.3116,0.6578,6,4,2,135,202,-67,71.11,83.17,57,65,-8,101,172,19,18,2,8,0.7573,0.0,4,0,9,29,70.8,29.2,41.59,1,3,Away Win
3938641,2024-06-21,UEFA Euro,2024,Poland,Austria,45,1,1,0,1.0119,0.4679,0.544,7,6,1,214,304,-90,73.83,84.54,82,99,-17,167,260,26,24,3,11,0.0425,0.1563,1,2,18,26,41.64,58.36,-16.72,1,3,Away Win
3938641,2024-06-21,UEFA Euro,2024,Poland,Austria,60,1,1,0,1.2305,0.5954,0.6351,12,9,3,263,371,-108,76.43,85.18,110,128,-18,207,318,29,29,4,14,0.1707,0.038,4,1,10,25,60.84,39.16,21.68,1,3,Away Win
3938641,2024-06-21,UEFA Euro,2024,Poland,Austria,75,1,2,-1,1.3034,0.8343,0.4691,13,12,1,345,415,-70,78.55,84.82,129,166,-37,276,348,32,34,4,18,0.0729,0.0965,1,2,13,31,41.52,58.48,-16.96,1,3,Away Win
3938641,2024-06-21,UEFA Euro,2024,Poland,Austria,85,1,3,-2,1.3034,1.8217,-0.5183,13,15,-2,390,429,-39,78.46,84.15,136,182,-46,308,365,35,39,4,19,0.0,0.9874,0,3,7,16,18.7,81.3,-62.59,1,3,Away Win
3939969,2024-06-21,Copa America,2024,Argentina,Canada,15,0,0,0,0.4277,0.0697,0.358,3,2,1,149,88,61,91.28,84.09,31,45,-14,130,78,7,6,0,2,0.3855,0.0539,1,1,19,28,55.92,44.08,11.85,2,0,Home Win
3939969,2024-06-21,Copa America,2024,Argentina,Canada,30,0,0,0,0.4833,0.285,0.1983,4,5,-1,264,139,125,91.67,85.61,55,73,-18,217,124,11,16,1,3,0.0,0.2153,0,3,17,16,35.35,64.65,-29.3,2,0,Home Win
3939969,2024-06-21,Copa America,2024,Argentina,Canada,45,0,0,0,0.6689,0.7269,-0.058,7,7,0,412,206,206,91.5,84.47,79,109,-30,335,177,16,25,3,5,0.1857,0.4419,3,2,23,27,52.91,47.09,5.82,2,0,Home Win
3939969,2024-06-21,Copa America,2024,Argentina,Canada,60,1,0,1,1.0636,0.7269,0.3367,10,7,3,518,254,264,90.93,83.07,104,160,-56,420,217,22,29,4,8,0.0264,0.0,1,0,14,34,53.07,46.93,6.15,2,0,Home Win
3939969,2024-06-21,Copa America,2024,Argentina,Canada,75,1,0,1,1.5167,0.957,0.5597,12,9,3,589,304,285,90.49,83.22,120,189,-69,477,266,28,35,4,9,0.0,0.2301,0,2,11,19,25.95,74.05,-48.1,2,0,Home Win
3939969,2024-06-21,Copa America,2024,Argentina,Canada,85,1,0,1,3.0615,0.957,2.1045,17,9,8,613,334,279,90.38,83.23,131,203,-72,500,285,32,39,8,9,1.5447,0.0,5,0,11,14,84.01,15.99,68.02,2,0,Home Win
3930174,2024-06-22,UEFA Euro,2024,Turkey,Portugal,15,0,0,0,0.4985,0.177,0.3215,2,4,-2,72,119,-47,77.78,87.39,22,29,-7,59,90,10,5,1,0,0.0,0.1051,0,2,7,14,25.62,74.38,-48.76,0,3,Away Win
3930174,2024-06-22,UEFA Euro,2024,Turkey,Portugal,30,0,2,-2,0.5982,0.5312,0.0671,3,6,-3,131,228,-97,77.86,88.16,53,44,9,97,169,13,12,3,1,0.0997,0.037,1,1,17,5,54.37,45.63,8.74,0,3,Away Win
3930174,2024-06-22,UEFA Euro,2024,Turkey,Portugal,45,0,2,-2,0.7076,0.6597,0.0479,6,8,-2,210,313,-103,80.48,87.54,74,75,-1,154,231,19,14,6,5,0.0391,0.0568,1,1,14,18,45.75,54.25,-8.5,0,3,Away Win
3930174,2024-06-22,UEFA Euro,2024,Turkey,Portugal,60,0,3,-3,0.734,1.5116,-0.7776,8,9,-1,281,436,-155,80.78,88.3,100,101,-1,222,337,26,23,7,6,0.0265,0.8519,2,1,14,17,41.58,58.42,-16.83,0,3,Away Win
3930174,2024-06-22,UEFA Euro,2024,Turkey,Portugal,75,0,3,-3,0.76,1.7089,-0.9489,9,10,-1,344,529,-185,82.56,88.66,116,118,-2,275,420,32,32,9,6,0.0,0.0,0,0,10,14,36.31,63.69,-27.38,0,3,Away Win
3930174,2024-06-22,UEFA Euro,2024,Turkey,Portugal,85,0,3,-3,0.7748,1.7089,-0.9341,10,10,0,408,570,-162,82.84,88.07,132,137,-5,338,456,39,38,10,6,0.0148,0.0,1,0,16,19,60.22,39.78,20.45,0,3,Away Win
3930175,2024-06-22,UEFA Euro,2024,Belgium,Romania,15,1,0,1,0.2267,0.1242,0.1024,3,2,1,106,52,54,86.79,73.08,13,53,-40,99,39,9,6,1,1,0.1699,0.0,2,0,7,33,60.47,39.53,20.94,2,0,Home Win
3930175,2024-06-22,UEFA Euro,2024,Belgium,Romania,30,1,0,1,0.4665,0.1921,0.2744,8,4,4,206,75,131,86.41,72.0,29,82,-53,184,54,14,12,1,1,0.0346,0.0309,2,1,11,23,59.29,40.71,18.58,2,0,Home Win
3930175,2024-06-22,UEFA Euro,2024,Belgium,Romania,45,1,0,1,0.5955,0.3585,0.237,10,7,3,318,155,163,86.79,76.13,50,108,-58,287,118,24,19,2,4,0.0974,0.1663,1,3,12,14,42.65,57.35,-14.7,2,0,Home Win
3930175,2024-06-22,UEFA Euro,2024,Belgium,Romania,60,1,0,1,0.9877,0.515,0.4727,14,9,5,381,213,168,85.56,77.46,68,136,-68,339,162,32,27,4,5,0.3922,0.0392,4,1,8,19,65.45,34.55,30.9,2,0,Home Win
3930175,2024-06-22,UEFA Euro,2024,Belgium,Romania,75,1,0,1,1.3271,0.8429,0.4841,17,11,6,445,290,155,84.49,79.66,90,166,-76,396,222,38,32,6,6,0.0252,0.328,1,2,19,16,38.99,61.01,-22.01,2,0,Home Win
3930175,2024-06-22,UEFA Euro,2024,Belgium,Romania,85,2,0,2,1.5375,1.2303,0.3072,19,13,6,460,347,113,83.48,80.4,100,170,-70,408,263,43,37,6,6,0.2104,0.3873,2,2,10,4,45.4,54.6,-9.21,2,0,Home Win
3938642,2024-06-22,UEFA Euro,2024,Georgia,Czech Republic,15,0,0,0,0.0,0.5267,-0.5267,0,8,-8,62,112,-50,79.03,82.14,15,24,-9,59,88,12,14,2,0,0.0,0.1886,0,4,14,13,25.24,74.76,-49.52,1,1,Draw
3938642,2024-06-22,UEFA Euro,2024,Georgia,Czech Republic,30,0,0,0,0.0,1.4392,-1.4392,0,12,-12,136,190,-54,81.62,81.58,29,44,-15,125,147,18,19,4,2,0.0,0.9125,0,4,11,12,22.16,77.84,-55.68,1,1,Draw
3938642,2024-06-22,UEFA Euro,2024,Georgia,Czech Republic,45,0,0,0,0.013,1.4392,-1.4262,1,12,-11,206,238,-32,82.04,80.67,42,70,-28,188,180,23,21,6,2,0.0,0.0,0,0,8,13,40.11,59.89,-19.79,1,1,Draw
3938642,2024-06-22,UEFA Euro,2024,Georgia,Czech Republic,60,1,1,0,0.8499,2.5515,-1.7016,3,18,-15,258,335,-77,79.46,80.6,58,93,-35,234,253,34,33,6,3,0.0535,0.9479,1,4,8,13,24.97,75.03,-50.07,1,1,Draw
3938642,2024-06-22,UEFA Euro,2024,Georgia,Czech Republic,75,1,1,0,0.8735,2.6767,-1.8033,4,22,-18,298,433,-135,77.85,81.52,74,108,-34,269,334,41,38,6,4,0.0235,0.0296,1,2,9,4,36.78,63.22,-26.44,1,1,Draw
3938642,2024-06-22,UEFA Euro,2024,Georgia,Czech Republic,85,1,1,0,0.8735,2.8164,-1.943,4,25,-21,325,498,-173,77.23,81.33,83,118,-35,294,383,45,43,7,4,0.0,0.1397,0,3,9,10,22.14,77.86,-55.71,1,1,Draw
3939970,2024-06-22,Copa America,2024,Peru,Chile,15,0,0,0,0.0,0.5324,-0.5324,0,1,-1,53,93,-40,60.38,84.95,33,22,11,38,78,8,6,0,2,0.0,0.5324,0,1,24,15,38.03,61.97,-23.94,0,0,Draw
3939970,2024-06-22,Copa America,2024,Peru,Chile,30,0,0,0,0.0278,0.7201,-0.6923,1,4,-3,104,174,-70,65.38,81.03,82,37,45,76,144,13,15,3,3,0.0,0.1877,0,3,26,11,36.19,63.81,-27.62,0,0,Draw
3939970,2024-06-22,Copa America,2024,Peru,Chile,45,0,0,0,0.1303,0.7201,-0.5898,3,4,-1,154,296,-142,68.18,84.46,129,54,75,118,254,17,23,4,3,0.0902,0.0,1,0,29,11,59.69,40.31,19.37,0,0,Draw
3939970,2024-06-22,Copa America,2024,Peru,Chile,60,0,0,0,0.393,0.8375,-0.4445,4,7,-3,225,377,-152,69.78,82.49,150,79,71,176,318,24,31,5,4,0.2627,0.0941,1,2,11,19,44.31,55.69,-11.37,0,0,Draw
3939970,2024-06-22,Copa America,2024,Peru,Chile,75,0,0,0,0.3987,0.89,-0.4913,5,8,-3,267,462,-195,67.04,81.6,168,98,70,200,380,30,38,6,4,0.0,0.0525,0,1,14,13,36.12,63.88,-27.77,0,0,Draw
3939970,2024-06-22,Copa America,2024,Peru,Chile,85,0,0,0,0.6773,0.9165,-0.2393,7,9,-2,296,489,-193,67.91,81.6,174,112,62,223,401,34,43,6,4,0.2785,0.0265,2,1,6,14,56.44,43.56,12.87,0,0,Draw
3939972,2024-06-22,Copa America,2024,Ecuador,Venezuela,15,0,0,0,0.0908,0.054,0.0367,2,2,0,99,61,38,83.84,73.77,29,31,-2,87,59,14,16,2,1,0.0908,0.054,2,2,19,17,52.22,47.78,4.45,1,2,Away Win
3939972,2024-06-22,Copa America,2024,Ecuador,Venezuela,30,0,0,0,0.3053,0.7754,-0.4701,3,6,-3,133,121,12,79.7,80.99,48,42,6,110,109,19,25,4,2,0.0,0.7214,0,4,17,4,17.66,82.34,-64.68,1,2,Away Win
3939972,2024-06-22,Copa America,2024,Ecuador,Venezuela,45,1,0,1,0.4796,0.971,-0.4914,6,10,-4,160,235,-75,73.75,81.7,65,51,14,126,193,25,32,5,2,0.0881,0.1378,1,3,13,7,33.37,66.63,-33.27,1,2,Away Win
3939972,2024-06-22,Copa America,2024,Ecuador,Venezuela,60,1,0,1,0.5406,0.971,-0.4304,8,10,-2,205,350,-145,70.73,81.71,92,72,20,161,287,38,44,6,6,0.0536,0.0,1,0,19,12,54.8,45.2,9.6,1,2,Away Win
3939972,2024-06-22,Copa America,2024,Ecuador,Venezuela,75,1,2,-1,0.5406,1.532,-0.9914,8,13,-5,231,430,-199,70.13,81.4,101,84,17,183,342,46,50,8,6,0.0,0.5087,0,2,8,9,19.97,80.03,-60.07,1,2,Away Win
3939972,2024-06-22,Copa America,2024,Ecuador,Venezuela,85,1,2,-1,0.7356,1.532,-0.7964,9,13,-4,257,504,-247,69.65,82.74,116,93,23,201,401,53,53,9,6,0.195,0.0,1,0,15,9,58.09,41.91,16.19,1,2,Away Win
3930176,2024-06-23,UEFA Euro,2024,Switzerland,Germany,15,0,0,0,0.0,0.2138,-0.2138,0,3,-3,50,178,-128,68.0,92.13,46,28,18,34,164,7,6,2,3,0.0,0.1245,0,2,30,13,34.15,65.85,-31.7,1,1,Draw
3930176,2024-06-23,UEFA Euro,2024,Switzerland,Germany,30,1,0,1,0.2276,0.2138,0.0138,2,3,-1,115,269,-154,77.39,91.45,73,41,32,83,247,10,11,2,6,0.2276,0.0,2,0,22,13,63.81,36.19,27.62,1,1,Draw
3930176,2024-06-23,UEFA Euro,2024,Switzerland,Germany,45,1,0,1,0.2276,0.4102,-0.1826,2,7,-5,187,376,-189,77.01,89.89,102,69,33,130,345,17,21,4,8,0.0,0.1749,0,3,21,15,28.46,71.54,-43.08,1,1,Draw
3930176,2024-06-23,UEFA Euro,2024,Switzerland,Germany,60,1,0,1,0.2276,0.6878,-0.4603,2,10,-8,253,495,-242,79.84,87.88,137,106,31,192,442,23,32,6,8,0.0,0.0421,0,1,17,21,38.29,61.71,-23.43,1,1,Draw
3930176,2024-06-23,UEFA Euro,2024,Switzerland,Germany,75,1,0,1,0.2516,1.1612,-0.9095,3,15,-12,301,588,-287,78.07,87.93,169,125,44,229,523,30,41,7,10,0.0241,0.3251,1,2,21,17,42.13,57.87,-15.73,1,1,Draw
3930176,2024-06-23,UEFA Euro,2024,Switzerland,Germany,85,1,0,1,0.2516,1.3788,-1.1272,3,17,-14,340,655,-315,77.65,87.33,181,141,40,258,575,35,46,9,11,0.0,0.2176,0,2,12,16,27.47,72.53,-45.06,1,1,Draw
3930177,2024-06-23,UEFA Euro,2024,Scotland,Hungary,15,0,0,0,0.0,0.0157,-0.0157,0,1,-1,153,45,108,90.85,71.11,14,55,-41,137,28,7,3,0,0,0.0,0.0157,0,1,11,25,45.59,54.41,-8.82,0,1,Away Win
3930177,2024-06-23,UEFA Euro,2024,Scotland,Hungary,30,0,0,0,0.0,0.0157,-0.0157,0,1,-1,237,98,139,87.76,72.45,33,92,-59,195,68,11,9,2,0,0.0,0.0,0,0,11,21,43.84,56.16,-12.32,0,1,Away Win
3930177,2024-06-23,UEFA Euro,2024,Scotland,Hungary,45,0,0,0,0.0,0.2442,-0.2442,0,5,-5,313,192,121,85.62,73.96,59,121,-62,246,138,14,18,5,0,0.0,0.1836,0,2,15,26,33.05,66.95,-33.9,0,1,Away Win
3930177,2024-06-23,UEFA Euro,2024,Scotland,Hungary,60,0,0,0,0.0205,0.3405,-0.32,1,7,-6,393,250,143,83.72,70.0,75,155,-80,305,170,23,23,6,2,0.0205,0.0385,1,1,12,30,45.53,54.47,-8.94,0,1,Away Win
3930177,2024-06-23,UEFA Euro,2024,Scotland,Hungary,75,0,0,0,0.0205,0.3977,-0.3772,1,8,-7,438,287,151,84.47,70.73,85,170,-85,343,202,28,25,6,2,0.0,0.0,0,0,7,2,55.04,44.96,10.08,0,1,Away Win
3930177,2024-06-23,UEFA Euro,2024,Scotland,Hungary,85,0,0,0,0.0205,0.3977,-0.3772,1,8,-7,481,354,127,83.16,71.75,100,189,-89,376,254,33,31,6,3,0.0,0.0,0,0,15,19,42.07,57.93,-15.87,0,1,Away Win
3939971,2024-06-23,Copa America,2024,Mexico,Jamaica,15,0,0,0,0.2459,0.0713,0.1745,2,2,0,127,57,70,79.53,66.67,24,16,8,84,39,13,12,1,3,0.1502,0.0381,1,1,10,9,57.16,42.84,14.32,1,0,Home Win
3939971,2024-06-23,Copa America,2024,Mexico,Jamaica,30,0,0,0,0.2459,0.2687,-0.0228,2,6,-4,176,109,67,80.11,75.23,44,27,17,120,85,17,22,2,4,0.0,0.0804,0,3,13,6,26.1,73.9,-47.8,1,0,Home Win
3939971,2024-06-23,Copa America,2024,Mexico,Jamaica,45,0,0,0,0.3401,0.3463,-0.0062,5,8,-3,290,182,108,80.69,73.63,70,46,24,204,127,30,31,6,6,0.0685,0.0776,2,2,20,13,54.76,45.24,9.52,1,0,Home Win
3939971,2024-06-23,Copa America,2024,Mexico,Jamaica,60,0,0,0,0.6666,0.4088,0.2578,11,10,1,411,253,158,81.02,71.54,101,75,26,297,181,49,40,6,9,0.2146,0.0624,4,2,14,20,62.64,37.36,25.29,1,0,Home Win
3939971,2024-06-23,Copa America,2024,Mexico,Jamaica,75,1,0,1,1.1133,0.4088,0.7045,18,10,8,509,301,208,82.32,69.77,117,101,16,388,216,63,49,9,10,0.1473,0.0,3,0,7,19,70.44,29.56,40.87,1,0,Home Win
3939971,2024-06-23,Copa America,2024,Mexico,Jamaica,85,1,0,1,1.1361,0.4606,0.6755,20,11,9,543,334,209,81.95,70.06,126,110,16,413,242,65,54,10,10,0.0228,0.0518,2,1,9,9,55.76,44.24,11.53,1,0,Home Win
3939974,2024-06-23,Copa America,2024,United States,Bolivia,15,1,0,1,0.2811,0.0338,0.2473,5,2,3,102,80,22,79.41,78.75,31,39,-8,79,58,17,9,1,0,0.2357,0.0264,3,1,18,30,59.33,40.67,18.66,2,0,Home Win
3939974,2024-06-23,Copa America,2024,United States,Bolivia,30,1,0,1,0.3505,0.0338,0.3167,6,2,4,201,127,74,81.09,74.8,45,62,-17,149,92,20,14,2,1,0.0694,0.0,1,0,3,19,59.5,40.5,19.0,2,0,Home Win
3939974,2024-06-23,Copa America,2024,United States,Bolivia,45,2,0,2,0.4216,0.0338,0.3878,7,2,5,307,207,100,79.8,75.85,63,96,-33,224,139,31,22,2,3,0.071,0.0,1,0,11,19,58.12,41.88,16.25,2,0,Home Win
3939974,2024-06-23,Copa America,2024,United States,Bolivia,60,2,0,2,0.5702,0.0876,0.4826,10,4,6,385,279,106,80.52,77.42,84,123,-39,288,200,36,31,4,5,0.0602,0.0271,1,1,10,21,45.25,54.75,-9.5,2,0,Home Win
3939974,2024-06-23,Copa America,2024,United States,Bolivia,75,2,0,2,1.1271,0.1231,1.0039,14,5,9,469,325,144,81.24,76.62,102,150,-48,355,234,42,38,5,9,0.2564,0.0355,3,1,11,17,64.28,35.72,28.57,2,0,Home Win
3939974,2024-06-23,Copa America,2024,United States,Bolivia,85,2,0,2,1.3158,0.1497,1.1661,18,6,12,551,352,199,82.21,75.57,118,173,-55,418,253,45,42,5,9,0.1887,0.0265,4,1,16,23,67.16,32.84,34.32,2,0,Home Win
3930178,2024-06-24,UEFA Euro,2024,Croatia,Italy,15,0,0,0,0.0215,0.0406,-0.0192,1,1,0,174,88,86,94.25,88.64,31,42,-11,164,76,6,9,4,2,0.0,0.0406,0,1,26,25,46.62,53.38,-6.76,1,1,Draw
3930178,2024-06-24,UEFA Euro,2024,Croatia,Italy,30,0,0,0,0.0416,0.3743,-0.3328,2,5,-3,271,172,99,92.62,87.79,61,68,-7,242,149,13,17,4,3,0.0201,0.2189,1,3,16,18,41.11,58.89,-17.78,1,1,Draw
3930178,2024-06-24,UEFA Euro,2024,Croatia,Italy,45,0,0,0,0.0416,0.4019,-0.3603,2,6,-4,382,279,103,90.05,86.74,95,90,5,330,244,18,23,5,3,0.0,0.0,0,0,25,15,56.85,43.15,13.7,1,1,Draw
3930178,2024-06-24,UEFA Euro,2024,Croatia,Italy,60,1,0,1,1.4832,0.6246,0.8586,6,8,-2,442,332,110,90.05,86.14,114,108,6,387,290,23,30,7,3,1.4417,0.2227,4,2,10,8,68.2,31.8,36.4,1,1,Draw
3930178,2024-06-24,UEFA Euro,2024,Croatia,Italy,75,1,0,1,1.4832,0.861,0.6222,6,11,-5,465,469,-4,88.39,86.35,140,117,23,398,409,26,38,7,3,0.0,0.2364,0,3,17,6,20.84,79.16,-58.32,1,1,Draw
3930178,2024-06-24,UEFA Euro,2024,Croatia,Italy,85,1,0,1,1.4832,0.861,0.6222,6,11,-5,501,544,-43,87.23,86.03,164,127,37,426,471,31,42,9,3,0.0,0.0,0,0,24,10,52.5,47.5,4.99,1,1,Draw
3930179,2024-06-24,UEFA Euro,2024,Albania,Spain,15,0,1,-1,0.0,0.1892,-0.1892,0,3,-3,65,106,-41,75.38,87.74,23,29,-6,55,88,8,7,4,1,0.0,0.1892,0,3,13,15,25.59,74.41,-48.82,0,1,Away Win
3930179,2024-06-24,UEFA Euro,2024,Albania,Spain,30,0,1,-1,0.0,0.2461,-0.2461,0,5,-5,165,192,-27,80.61,86.46,37,60,-23,140,162,12,13,5,6,0.0,0.0466,0,1,9,24,37.47,62.53,-25.05,0,1,Away Win
3930179,2024-06-24,UEFA Euro,2024,Albania,Spain,45,0,1,-1,0.0279,0.4959,-0.468,1,9,-8,209,328,-119,78.47,85.67,61,78,-17,175,274,14,25,9,9,0.0279,0.1457,1,3,15,12,31.19,68.81,-37.62,0,1,Away Win
3930179,2024-06-24,UEFA Euro,2024,Albania,Spain,60,0,1,-1,0.0729,0.7564,-0.6835,2,12,-10,303,466,-163,80.86,87.55,84,109,-25,265,402,20,33,13,10,0.0,0.0,0,0,18,19,38.81,61.19,-22.38,0,1,Away Win
3930179,2024-06-24,UEFA Euro,2024,Albania,Spain,75,0,1,-1,0.2294,0.765,-0.5356,5,13,-8,360,551,-191,80.83,87.66,112,134,-22,312,476,25,40,14,10,0.0086,0.0087,1,1,25,15,48.81,51.19,-2.38,0,1,Away Win
3930179,2024-06-24,UEFA Euro,2024,Albania,Spain,85,0,1,-1,0.345,0.9517,-0.6067,8,16,-8,398,611,-213,80.9,87.73,132,155,-23,345,530,32,45,16,10,0.1156,0.1867,3,3,20,21,47.2,52.8,-5.59,0,1,Away Win
3939973,2024-06-24,Copa America,2024,Uruguay,Panama,15,1,0,1,0.3148,0.0285,0.2864,7,1,6,85,54,31,82.35,74.07,18,32,-14,65,41,9,12,1,1,0.1528,0.0285,3,1,12,20,59.53,40.47,19.07,3,1,Home Win
3939973,2024-06-24,Copa America,2024,Uruguay,Panama,30,1,0,1,0.8028,0.0285,0.7743,12,1,11,188,109,79,81.38,70.64,38,63,-25,153,80,20,19,3,2,0.1798,0.0,1,0,11,18,63.76,36.24,27.52,3,1,Home Win
3939973,2024-06-24,Copa America,2024,Uruguay,Panama,45,1,0,1,0.9407,0.1171,0.8235,13,3,10,264,178,86,81.06,71.91,63,85,-22,213,128,25,28,4,3,0.1379,0.0886,1,2,22,12,45.71,54.29,-8.58,3,1,Home Win
3939973,2024-06-24,Copa America,2024,Uruguay,Panama,60,1,0,1,0.945,0.3893,0.5558,14,8,6,321,258,63,79.13,73.26,91,97,-6,252,191,30,41,6,5,0.0,0.2721,0,5,17,6,22.79,77.21,-54.41,3,1,Home Win
3939973,2024-06-24,Copa America,2024,Uruguay,Panama,75,1,0,1,1.1581,0.3893,0.7688,17,8,9,397,307,90,80.1,74.27,114,116,-2,320,231,36,45,7,7,0.1923,0.0,2,0,15,13,71.56,28.44,43.11,3,1,Home Win
3939973,2024-06-24,Copa America,2024,Uruguay,Panama,85,2,0,2,1.2891,0.4649,0.8243,19,9,10,425,353,72,79.76,75.35,127,121,6,344,265,41,49,9,7,0.131,0.0756,2,1,13,5,60.7,39.3,21.41,3,1,Home Win
3939975,2024-06-24,Copa America,2024,Colombia,Paraguay,15,0,0,0,0.0456,0.3882,-0.3425,2,2,0,112,46,66,86.61,63.04,19,35,-16,87,31,7,12,1,1,0.0314,0.3645,1,1,10,19,45.52,54.48,-8.96,2,1,Home Win
3939975,2024-06-24,Copa America,2024,Colombia,Paraguay,30,0,0,0,0.15,0.5747,-0.4247,4,7,-3,191,69,122,86.91,59.42,35,62,-27,150,48,16,19,2,2,0.0,0.0398,0,2,9,20,38.92,61.08,-22.16,2,1,Home Win
3939975,2024-06-24,Copa America,2024,Colombia,Paraguay,45,2,0,2,0.294,0.5747,-0.2807,6,7,-1,285,126,159,84.91,63.49,54,89,-35,216,87,24,27,5,4,0.0654,0.0,1,0,16,17,58.52,41.48,17.05,2,1,Home Win
3939975,2024-06-24,Copa America,2024,Colombia,Paraguay,60,2,0,2,0.345,0.5979,-0.2529,7,8,-1,392,204,188,84.18,64.71,80,125,-45,296,133,34,38,8,5,0.051,0.0232,1,1,12,20,50.33,49.67,0.65,2,1,Home Win
3939975,2024-06-24,Copa America,2024,Colombia,Paraguay,75,2,1,1,0.4256,0.8073,-0.3817,9,10,-1,482,247,235,83.61,65.59,97,153,-56,367,167,42,44,8,8,0.0806,0.185,2,1,8,15,54.64,45.36,9.28,2,1,Home Win
3939975,2024-06-24,Copa America,2024,Colombia,Paraguay,85,2,1,1,0.5202,0.8073,-0.287,10,10,0,517,265,252,83.37,64.91,102,169,-67,396,176,44,46,8,8,0.0947,0.0,1,0,5,16,59.04,40.96,18.09,2,1,Home Win
3930180,2024-06-25,UEFA Euro,2024,Netherlands,Austria,15,0,1,-1,0.1426,0.0,0.1426,1,0,1,78,112,-34,73.08,79.46,31,27,4,51,95,10,10,2,2,0.1426,0.0,1,0,18,20,61.45,38.55,22.89,2,3,Away Win
3930180,2024-06-25,UEFA Euro,2024,Netherlands,Austria,30,0,1,-1,0.4933,0.0677,0.4256,2,2,0,158,210,-52,77.22,81.9,56,47,9,105,179,12,15,3,4,0.3508,0.0677,1,2,14,13,45.57,54.43,-8.86,2,3,Away Win
3930180,2024-06-25,UEFA Euro,2024,Netherlands,Austria,45,0,1,-1,0.9857,0.6461,0.3396,5,6,-1,235,291,-56,79.15,82.13,84,71,13,160,249,18,28,5,4,0.4477,0.5784,2,4,19,18,40.58,59.42,-18.83,2,3,Away Win
3930180,2024-06-25,UEFA Euro,2024,Netherlands,Austria,60,1,2,-1,1.2526,0.9255,0.3271,7,8,-1,303,327,-24,80.2,81.35,103,102,1,216,276,24,33,5,7,0.1408,0.1798,1,1,14,19,47.48,52.52,-5.04,2,3,Away Win
3930180,2024-06-25,UEFA Euro,2024,Netherlands,Austria,75,2,2,0,1.3948,0.9255,0.4693,9,8,1,375,359,16,81.87,79.94,114,132,-18,275,300,29,37,8,9,0.1422,0.0,2,0,10,25,61.44,38.56,22.88,2,3,Away Win
3930180,2024-06-25,UEFA Euro,2024,Netherlands,Austria,85,2,3,-1,1.4753,1.0579,0.4174,10,9,1,403,388,15,81.39,79.9,123,146,-23,291,318,31,39,9,9,0.0805,0.1324,1,1,9,14,44.75,55.25,-10.51,2,3,Away Win
3930181,2024-06-25,UEFA Euro,2024,England,Slovenia,15,0,0,0,0.0,0.0689,-0.0689,0,1,-1,162,60,102,88.89,73.33,22,33,-11,134,44,4,6,0,1,0.0,0.0,0,0,13,21,60.05,39.95,20.1,0,0,Draw
3930181,2024-06-25,UEFA Euro,2024,England,Slovenia,30,0,0,0,0.0908,0.1117,-0.0208,3,2,1,277,109,168,87.36,74.31,39,61,-22,231,86,11,12,2,3,0.0908,0.0,3,0,9,21,71.44,28.56,42.88,0,0,Draw
3930181,2024-06-25,UEFA Euro,2024,England,Slovenia,45,0,0,0,0.5299,0.137,0.3929,6,3,3,411,183,228,89.54,77.6,57,88,-31,348,145,14,16,3,3,0.4179,0.0,2,0,14,17,70.57,29.43,41.14,0,0,Draw
3930181,2024-06-25,UEFA Euro,2024,England,Slovenia,60,0,0,0,0.613,0.137,0.476,8,3,5,567,213,354,89.24,75.12,65,128,-63,485,162,25,17,4,5,0.0716,0.0,1,0,6,25,62.07,37.93,24.13,0,0,Draw
3930181,2024-06-25,UEFA Euro,2024,England,Slovenia,75,0,0,0,0.6482,0.1649,0.4833,9,4,5,678,251,427,89.97,75.3,74,158,-84,584,189,28,20,4,5,0.0351,0.0,1,0,4,22,58.3,41.7,16.6,0,0,Draw
3930181,2024-06-25,UEFA Euro,2024,England,Slovenia,85,0,0,0,0.6865,0.1649,0.5215,10,4,6,746,278,468,89.41,74.1,82,173,-91,646,205,36,25,4,6,0.0383,0.0,1,0,8,15,65.43,34.57,30.85,0,0,Draw
3930182,2024-06-25,UEFA Euro,2024,Denmark,Serbia,15,0,0,0,0.1843,0.0,0.1843,1,0,1,127,99,28,88.98,84.85,29,34,-5,117,82,4,6,2,1,0.1843,0.0,1,0,26,21,58.36,41.64,16.73,0,0,Draw
3930182,2024-06-25,UEFA Euro,2024,Denmark,Serbia,30,0,0,0,0.251,0.0619,0.1891,3,1,2,218,178,40,85.78,83.15,44,53,-9,193,136,11,8,3,2,0.0126,0.0619,1,1,10,12,46.97,53.03,-6.05,0,0,Draw
3930182,2024-06-25,UEFA Euro,2024,Denmark,Serbia,45,0,0,0,0.4054,0.0619,0.3435,5,1,4,373,259,114,87.94,83.01,66,73,-7,329,198,16,13,4,5,0.1086,0.0,1,0,13,14,69.63,30.37,39.26,0,0,Draw
3930182,2024-06-25,UEFA Euro,2024,Denmark,Serbia,60,0,0,0,0.4659,0.0619,0.4039,7,1,6,479,314,165,85.39,78.98,80,102,-22,421,227,27,19,7,6,0.0207,0.0,1,0,7,21,57.32,42.68,14.65,0,0,Draw
3930182,2024-06-25,UEFA Euro,2024,Denmark,Serbia,75,0,0,0,0.5515,0.0619,0.4896,10,1,9,567,424,143,85.19,80.42,104,126,-22,496,315,32,22,7,7,0.0189,0.0,1,0,13,14,53.34,46.66,6.69,0,0,Draw
3930182,2024-06-25,UEFA Euro,2024,Denmark,Serbia,85,0,0,0,0.5515,0.1591,0.3925,10,3,7,586,476,110,84.3,80.46,118,135,-17,510,359,36,29,8,7,0.0,0.0972,0,2,14,9,28.43,71.57,-43.14,0,0,Draw
3938643,2024-06-25,UEFA Euro,2024,France,Poland,15,0,0,0,0.0828,0.1456,-0.0627,1,3,-2,129,88,41,89.92,89.77,29,42,-13,119,81,3,6,1,1,0.0828,0.1238,1,2,17,23,46.29,53.71,-7.42,1,1,Draw
3938643,2024-06-25,UEFA Euro,2024,France,Poland,30,0,0,0,0.3282,0.162,0.1661,2,4,-2,196,175,21,87.76,87.43,63,60,3,176,161,8,12,2,3,0.0,0.0,0,0,26,7,54.74,45.26,9.48,1,1,Draw
3938643,2024-06-25,UEFA Euro,2024,France,Poland,45,0,0,0,0.683,0.2619,0.421,8,6,2,340,210,130,87.94,84.76,81,93,-12,295,190,17,18,2,8,0.3413,0.0174,5,1,8,21,72.74,27.26,45.49,1,1,Draw
3938643,2024-06-25,UEFA Euro,2024,France,Poland,60,1,0,1,1.623,0.2619,1.3611,14,6,8,430,272,158,88.6,85.66,96,121,-25,381,240,21,21,2,8,0.8031,0.0,2,0,10,12,74.2,25.8,48.39,1,1,Draw
3938643,2024-06-25,UEFA Euro,2024,France,Poland,75,1,0,1,1.6671,0.2858,1.3813,15,7,8,496,363,133,87.3,85.4,122,152,-30,435,325,27,27,5,9,0.0,0.0239,0,1,15,21,36.47,63.53,-27.05,1,1,Draw
3938643,2024-06-25,UEFA Euro,2024,France,Poland,85,1,1,0,1.7691,1.1791,0.59,16,10,6,536,404,132,87.13,84.9,132,165,-33,468,360,30,32,6,10,0.102,0.8933,1,3,10,13,29.81,70.19,-40.38,1,1,Draw
3939976,2024-06-25,Copa America,2024,Brazil,Costa Rica,15,0,0,0,0.1784,0.0,0.1784,3,0,3,182,33,149,90.11,66.67,22,40,-18,154,25,8,9,3,0,0.1784,0.0,3,0,7,30,70.21,29.79,40.41,0,0,Draw
3939976,2024-06-25,Copa America,2024,Brazil,Costa Rica,30,0,0,0,0.6977,0.0,0.6977,7,0,7,255,99,156,90.2,77.78,37,68,-31,215,78,13,19,5,0,0.5193,0.0,4,0,7,17,74.76,25.24,49.51,0,0,Draw
3939976,2024-06-25,Copa America,2024,Brazil,Costa Rica,45,0,0,0,0.7528,0.0,0.7528,8,0,8,401,126,275,88.78,75.4,53,104,-51,343,101,24,26,6,3,0.0551,0.0,1,0,9,22,67.33,32.67,34.66,0,0,Draw
3939976,2024-06-25,Copa America,2024,Brazil,Costa Rica,60,0,0,0,1.1264,0.0,1.1264,12,0,12,513,160,353,88.3,71.88,70,134,-64,432,124,29,30,7,5,0.2466,0.0,2,0,5,18,70.38,29.62,40.76,0,0,Draw
3939976,2024-06-25,Copa America,2024,Brazil,Costa Rica,75,0,0,0,1.2223,0.0367,1.1856,14,2,12,609,240,369,87.85,75.42,103,161,-58,513,200,37,45,8,8,0.0762,0.0367,1,2,17,17,45.14,54.86,-9.72,0,0,Draw
3939976,2024-06-25,Copa America,2024,Brazil,Costa Rica,85,0,0,0,1.4698,0.0367,1.433,18,2,16,688,254,434,88.37,74.8,118,177,-59,589,215,42,51,9,8,0.2475,0.0,4,0,15,16,79.76,20.24,59.51,0,0,Draw
3939978,2024-06-25,Copa America,2024,Peru,Canada,15,0,0,0,0.0384,0.0,0.0384,1,0,1,70,118,-48,74.29,86.44,40,33,7,57,86,8,10,2,0,0.0384,0.0,1,0,19,16,56.84,43.16,13.68,0,1,Away Win
3939978,2024-06-25,Copa America,2024,Peru,Canada,30,0,0,0,0.2778,0.0,0.2778,3,0,3,135,144,-9,75.56,83.33,57,56,1,104,107,15,16,2,1,0.2394,0.0,2,0,11,16,71.23,28.77,42.46,0,1,Away Win
3939978,2024-06-25,Copa America,2024,Peru,Canada,45,0,0,0,0.4078,0.107,0.3007,5,1,4,195,181,14,73.85,79.01,75,81,-6,147,133,19,22,4,1,0.0503,0.0,1,0,10,22,55.44,44.56,10.88,0,1,Away Win
3939978,2024-06-25,Copa America,2024,Peru,Canada,60,0,0,0,0.4113,0.107,0.3043,6,1,5,239,238,1,73.22,76.47,98,103,-5,179,164,27,32,6,1,0.0,0.0,0,0,11,6,57.17,42.83,14.34,0,1,Away Win
3939978,2024-06-25,Copa America,2024,Peru,Canada,75,0,1,-1,0.4113,0.5015,-0.0902,6,3,3,299,320,-21,71.24,77.5,125,127,-2,210,232,32,42,9,2,0.0,0.3944,0,2,20,13,29.0,71.0,-42.0,0,1,Away Win
3939978,2024-06-25,Copa America,2024,Peru,Canada,85,0,1,-1,0.4329,0.5015,-0.0685,7,3,4,339,380,-41,70.5,77.89,144,145,-1,238,282,38,48,11,2,0.0216,0.0,1,0,19,18,53.83,46.17,7.66,0,1,Away Win
3930183,2024-06-26,UEFA Euro,2024,Slovakia,Romania,15,0,0,0,0.3323,0.1337,0.1986,5,3,2,124,66,58,79.84,72.73,15,30,-15,78,50,9,11,2,2,0.1051,0.1337,2,3,5,15,42.19,57.81,-15.62,1,1,Draw
3930183,2024-06-26,UEFA Euro,2024,Slovakia,Romania,30,1,0,1,0.6582,0.1437,0.5144,8,4,4,203,120,83,81.28,73.33,29,47,-18,136,92,14,17,6,4,0.3259,0.01,3,1,7,10,69.59,30.41,39.18,1,1,Draw
3930183,2024-06-26,UEFA Euro,2024,Slovakia,Romania,45,1,1,0,0.6746,1.0103,-0.3357,9,7,2,256,196,60,80.08,76.02,43,57,-14,171,160,17,24,8,5,0.0164,0.8291,1,2,11,9,32.06,67.94,-35.88,1,1,Draw
3930183,2024-06-26,UEFA Euro,2024,Slovakia,Romania,60,1,1,0,0.6872,1.1219,-0.4347,10,9,1,348,273,75,80.46,75.46,52,76,-24,245,221,26,32,11,7,0.0126,0.1116,1,2,5,11,40.5,59.5,-19.0,1,1,Draw
3930183,2024-06-26,UEFA Euro,2024,Slovakia,Romania,75,1,1,0,0.8447,1.1219,-0.2772,13,9,4,444,337,107,79.73,74.18,65,90,-25,310,268,31,40,12,9,0.0065,0.0,1,0,13,9,58.01,41.99,16.03,1,1,Draw
3930183,2024-06-26,UEFA Euro,2024,Slovakia,Romania,85,1,1,0,0.8447,1.1219,-0.2772,13,9,4,479,350,129,79.12,72.86,70,99,-29,331,277,32,45,12,9,0.0,0.0,0,0,5,9,47.08,52.92,-5.84,1,1,Draw
3930184,2024-06-26,UEFA Euro,2024,Czech Republic,Turkey,15,0,0,0,0.0384,0.0353,0.0031,2,2,0,62,104,-42,69.35,83.65,40,25,15,49,78,14,5,3,2,0.0066,0.0353,1,2,24,18,45.78,54.22,-8.43,1,2,Away Win
3930184,2024-06-26,UEFA Euro,2024,Czech Republic,Turkey,30,0,0,0,0.3755,0.3194,0.0561,4,5,-1,101,236,-135,76.24,89.41,64,44,20,80,191,18,10,3,2,0.0792,0.2841,1,3,14,9,30.02,69.98,-39.96,1,2,Away Win
3930184,2024-06-26,UEFA Euro,2024,Czech Republic,Turkey,45,0,0,0,0.4486,0.3904,0.0582,5,8,-3,130,316,-186,72.31,87.97,81,55,26,102,256,23,15,5,2,0.0731,0.071,1,3,10,9,33.9,66.1,-32.2,1,2,Away Win
3930184,2024-06-26,UEFA Euro,2024,Czech Republic,Turkey,60,0,1,-1,0.4813,0.8182,-0.3369,6,14,-8,172,388,-216,72.09,86.6,97,64,33,132,315,29,23,6,2,0.0,0.0,0,0,7,5,53.1,46.9,6.2,1,2,Away Win
3930184,2024-06-26,UEFA Euro,2024,Czech Republic,Turkey,75,1,1,0,1.2032,0.9873,0.2159,9,15,-6,197,432,-235,70.56,85.88,112,73,39,152,348,38,26,6,3,0.0,0.1691,0,1,13,5,39.21,60.79,-21.59,1,2,Away Win
3930184,2024-06-26,UEFA Euro,2024,Czech Republic,Turkey,85,1,1,0,1.3837,0.9873,0.3964,11,15,-4,231,487,-256,70.13,85.83,126,83,43,177,397,42,30,6,4,0.1805,0.0,2,0,14,10,65.24,34.76,30.48,1,2,Away Win
3938644,2024-06-26,UEFA Euro,2024,Georgia,Portugal,15,1,0,1,0.1451,0.0,0.1451,2,0,2,64,164,-100,82.81,90.24,27,28,-1,61,151,5,10,2,0,0.0084,0.0,1,0,14,18,46.71,53.29,-6.58,2,0,Home Win
3938644,2024-06-26,UEFA Euro,2024,Georgia,Portugal,30,1,0,1,0.1451,0.4373,-0.2922,2,8,-6,113,298,-185,78.76,90.94,50,43,7,93,269,8,19,2,0,0.0,0.1521,0,4,16,9,19.68,80.32,-60.64,2,0,Home Win
3938644,2024-06-26,UEFA Euro,2024,Georgia,Portugal,45,1,0,1,0.1589,0.6204,-0.4615,3,12,-9,177,410,-233,79.1,90.98,75,68,7,151,369,15,27,3,0,0.0,0.1244,0,3,21,14,30.54,69.46,-38.92,2,0,Home Win
3938644,2024-06-26,UEFA Euro,2024,Georgia,Portugal,60,2,0,2,1.1868,1.0396,0.1472,5,14,-9,223,491,-268,77.58,89.82,86,90,-4,193,435,22,35,3,1,0.7835,0.0,1,0,4,13,67.12,32.88,34.24,2,0,Home Win
3938644,2024-06-26,UEFA Euro,2024,Georgia,Portugal,75,2,0,2,1.2564,1.0792,0.1772,6,15,-9,246,604,-358,76.42,89.74,99,100,-1,211,530,23,41,5,1,0.0695,0.0,1,0,11,1,54.16,45.84,8.32,2,0,Home Win
3938644,2024-06-26,UEFA Euro,2024,Georgia,Portugal,85,2,0,2,1.3455,1.2935,0.052,7,17,-10,274,685,-411,75.18,89.93,115,115,0,234,603,27,48,6,2,0.0891,0.2143,1,2,16,15,35.79,64.21,-28.42,2,0,Home Win
3938645,2024-06-26,UEFA Euro,2024,Ukraine,Belgium,15,0,0,0,0.0,0.2745,-0.2745,0,1,-1,68,150,-82,77.94,90.0,61,14,47,49,135,6,5,1,1,0.0,0.2745,0,1,37,5,49.43,50.57,-1.14,0,0,Draw
3938645,2024-06-26,UEFA Euro,2024,Ukraine,Belgium,30,0,0,0,0.2376,0.2827,-0.0451,5,2,3,142,256,-114,85.21,86.72,96,20,76,111,230,9,14,5,1,0.1665,0.0082,3,1,26,4,64.42,35.58,28.84,0,0,Draw
3938645,2024-06-26,UEFA Euro,2024,Ukraine,Belgium,45,0,0,0,0.2951,0.3155,-0.0204,7,4,3,205,336,-131,87.8,87.5,119,26,93,160,300,12,17,6,1,0.0075,0.027,1,1,16,3,54.1,45.9,8.19,0,0,Draw
3938645,2024-06-26,UEFA Euro,2024,Ukraine,Belgium,60,0,0,0,0.2951,0.4163,-0.1212,7,7,0,264,459,-195,85.98,87.58,157,40,117,208,414,17,26,9,1,0.0,0.1008,0,3,18,8,27.23,72.77,-45.53,0,0,Draw
3938645,2024-06-26,UEFA Euro,2024,Ukraine,Belgium,75,0,0,0,0.3493,0.5636,-0.2143,8,10,-2,327,545,-218,84.71,87.71,185,51,134,258,499,23,33,10,1,0.0542,0.1146,1,2,24,4,48.53,51.47,-2.94,0,0,Draw
3938645,2024-06-26,UEFA Euro,2024,Ukraine,Belgium,85,0,0,0,0.4659,0.5636,-0.0977,12,10,2,368,574,-206,84.51,86.59,193,56,137,287,517,25,36,13,2,0.1166,0.0,4,0,8,5,83.69,16.31,67.39,0,0,Draw
3939977,2024-06-26,Copa America,2024,Chile,Argentina,15,0,0,0,0.0,0.0218,-0.0218,0,1,-1,76,135,-59,81.58,91.85,47,32,15,74,118,10,7,5,3,0.0,0.0218,0,1,29,21,43.01,56.99,-13.99,0,1,Away Win
3939977,2024-06-26,Copa America,2024,Chile,Argentina,30,0,0,0,0.0,0.4834,-0.4834,0,7,-7,141,221,-80,79.43,90.05,75,53,22,129,189,17,11,5,3,0.0,0.4615,0,6,18,14,22.71,77.29,-54.57,0,1,Away Win
3939977,2024-06-26,Copa America,2024,Chile,Argentina,45,0,0,0,0.0,0.7178,-0.7178,0,12,-12,214,343,-129,81.31,90.96,118,76,42,190,301,23,18,5,4,0.0,0.1948,0,4,35,17,34.71,65.29,-30.58,0,1,Away Win
3939977,2024-06-26,Copa America,2024,Chile,Argentina,60,0,0,0,0.0,1.3893,-1.3893,0,17,-17,282,424,-142,79.79,89.39,161,100,61,240,364,32,24,6,7,0.0,0.4333,0,2,18,16,34.01,65.99,-31.99,0,1,Away Win
3939977,2024-06-26,Copa America,2024,Chile,Argentina,75,0,0,0,0.1208,1.3893,-1.2684,2,17,-15,321,536,-215,78.5,88.62,193,118,75,278,462,45,30,6,9,0.1208,0.0,2,0,21,16,60.02,39.98,20.05,0,1,Away Win
3939977,2024-06-26,Copa America,2024,Chile,Argentina,85,0,0,0,0.131,1.5435,-1.4125,3,19,-16,357,583,-226,77.59,88.16,219,132,87,306,501,50,34,8,10,0.0101,0.1542,1,2,26,14,46.98,53.02,-6.03,0,1,Away Win
3939980,2024-06-26,Copa America,2024,Ecuador,Jamaica,15,1,0,1,0.5664,0.0,0.5664,5,0,5,85,43,42,75.29,65.12,18,22,-4,58,27,10,2,1,4,0.2693,0.0,3,0,8,13,78.6,21.4,57.19,3,1,Home Win
3939980,2024-06-26,Copa America,2024,Ecuador,Jamaica,30,1,0,1,0.6719,0.0555,0.6164,8,1,7,129,100,29,75.19,70.0,43,41,2,97,74,23,15,2,4,0.0533,0.0,2,0,18,16,65.86,34.14,31.72,3,1,Home Win
3939980,2024-06-26,Copa America,2024,Ecuador,Jamaica,45,1,0,1,0.7582,0.0971,0.661,12,2,10,182,139,43,79.12,70.5,49,58,-9,138,99,34,18,2,4,0.059,0.0,2,0,1,12,72.89,27.11,45.78,3,1,Home Win
3939980,2024-06-26,Copa America,2024,Ecuador,Jamaica,60,2,1,1,1.6353,0.6605,0.9748,16,4,12,232,257,-25,79.31,75.88,79,78,1,175,190,41,26,2,6,0.0,0.5634,0,2,23,3,30.33,69.67,-39.35,3,1,Home Win
3939980,2024-06-26,Copa America,2024,Ecuador,Jamaica,75,2,1,1,1.8805,0.9246,0.9559,21,6,15,278,300,-22,78.06,74.33,95,97,-2,206,216,47,33,3,7,0.1891,0.264,4,2,9,12,58.1,41.9,16.2,3,1,Home Win
3939980,2024-06-26,Copa America,2024,Ecuador,Jamaica,85,2,1,1,1.895,0.9246,0.9704,22,6,16,306,342,-36,76.47,74.27,111,105,6,219,250,52,43,6,7,0.0146,0.0,1,0,16,8,58.98,41.02,17.97,3,1,Home Win
3939979,2024-06-27,Copa America,2024,Venezuela,Mexico,15,0,0,0,0.0288,0.2157,-0.187,1,4,-3,108,101,7,84.26,77.23,37,38,-1,81,75,10,11,2,2,0.0288,0.1615,1,3,14,24,39.64,60.36,-20.72,1,0,Home Win
3939979,2024-06-27,Copa America,2024,Venezuela,Mexico,30,0,0,0,0.0508,0.73,-0.6793,2,7,-5,175,178,-3,78.86,75.28,57,61,-4,125,128,16,21,3,3,0.0,0.1337,0,1,15,15,38.73,61.27,-22.54,1,0,Home Win
3939979,2024-06-27,Copa America,2024,Venezuela,Mexico,45,0,0,0,0.103,0.7516,-0.6486,3,8,-5,229,253,-24,75.55,75.89,85,80,5,161,185,23,34,6,3,0.0,0.0,0,0,14,12,47.73,52.27,-4.55,1,0,Home Win
3939979,2024-06-27,Copa America,2024,Venezuela,Mexico,60,1,0,1,1.0569,0.7516,0.3053,8,8,0,267,343,-76,76.4,79.88,99,100,-1,195,263,29,39,6,4,0.8519,0.0,3,0,5,12,75.65,24.35,51.31,1,0,Home Win
3939979,2024-06-27,Copa America,2024,Venezuela,Mexico,75,1,0,1,1.0808,0.7621,0.3187,9,9,0,323,424,-101,75.23,79.48,116,118,-2,230,326,34,49,8,7,0.0238,0.0105,1,1,10,10,44.23,55.77,-11.55,1,0,Home Win
3939979,2024-06-27,Copa America,2024,Venezuela,Mexico,85,1,0,1,1.1386,0.84,0.2986,10,11,-1,336,476,-140,74.4,80.67,126,126,0,243,368,40,53,9,7,0.0579,0.0779,1,2,10,8,38.23,61.77,-23.53,1,0,Home Win
3939981,2024-06-27,Copa America,2024,Panama,United States,15,0,0,0,0.063,0.0781,-0.0151,1,1,0,50,49,1,74.0,65.31,14,8,6,39,33,5,2,1,0,0.0,0.0,0,0,6,7,59.01,40.99,18.02,2,1,Home Win
3939981,2024-06-27,Copa America,2024,Panama,United States,30,1,1,0,0.3541,0.1252,0.2289,6,2,4,161,77,84,83.23,67.53,32,18,14,140,59,12,9,1,2,0.2911,0.047,5,1,13,9,77.14,22.86,54.28,2,1,Home Win
3939981,2024-06-27,Copa America,2024,Panama,United States,45,1,1,0,0.3755,0.2661,0.1095,7,3,4,276,99,177,83.7,65.66,43,32,11,244,74,18,11,1,5,0.0,0.1409,0,1,10,9,55.14,44.86,10.28,2,1,Home Win
3939981,2024-06-27,Copa America,2024,Panama,United States,60,1,1,0,0.4093,0.2661,0.1432,9,3,6,410,147,263,84.15,57.82,53,58,-5,351,98,24,18,1,7,0.0,0.0,0,0,4,15,51.22,48.78,2.43,2,1,Home Win
3939981,2024-06-27,Copa America,2024,Panama,United States,75,1,1,0,0.4752,0.2751,0.2001,10,4,6,511,169,342,84.74,56.21,63,78,-15,440,115,30,25,2,7,0.0659,0.009,1,1,10,14,56.65,43.35,13.3,2,1,Home Win
3939981,2024-06-27,Copa America,2024,Panama,United States,85,2,1,1,0.7308,0.813,-0.0822,13,5,8,583,205,378,84.22,59.51,71,94,-23,497,140,37,31,2,9,0.2556,0.5379,3,1,8,16,56.95,43.05,13.9,2,1,Home Win
3939982,2024-06-28,Copa America,2024,Uruguay,Bolivia,15,1,0,1,1.0563,0.0,1.0563,7,0,7,105,45,60,85.71,71.11,18,24,-6,86,32,12,6,1,2,0.9741,0.0,6,0,9,15,84.06,15.94,68.12,5,0,Home Win
3939982,2024-06-28,Copa America,2024,Uruguay,Bolivia,30,2,0,2,1.3561,0.0062,1.35,10,1,9,185,125,60,85.41,77.6,51,44,7,148,90,23,20,2,4,0.0718,0.0062,1,1,18,9,56.12,43.88,12.23,5,0,Home Win
3939982,2024-06-28,Copa America,2024,Uruguay,Bolivia,45,2,0,2,1.4828,0.0241,1.4587,13,3,10,312,194,118,85.9,78.87,68,72,-4,253,146,33,27,2,6,0.1105,0.0179,2,2,15,23,50.03,49.97,0.05,5,0,Home Win
3939982,2024-06-28,Copa America,2024,Uruguay,Bolivia,60,2,0,2,1.5106,0.0241,1.4865,14,3,11,397,260,137,84.89,79.62,93,94,-1,320,200,38,35,3,7,0.0278,0.0,1,0,14,12,58.88,41.12,17.75,5,0,Home Win
3939982,2024-06-28,Copa America,2024,Uruguay,Bolivia,75,2,0,2,1.7339,0.0508,1.6831,15,4,11,458,300,158,84.06,79.33,119,112,7,373,239,44,49,5,8,0.2233,0.0,1,0,18,17,63.44,36.56,26.88,5,0,Home Win
3939982,2024-06-28,Copa America,2024,Uruguay,Bolivia,85,4,0,4,2.0956,0.0508,2.0449,17,4,13,495,337,158,84.04,80.71,135,126,9,405,271,48,52,6,12,0.3618,0.0,2,0,16,14,70.28,29.72,40.57,5,0,Home Win
3939984,2024-06-28,Copa America,2024,Colombia,Costa Rica,15,0,0,0,0.1657,0.0,0.1657,2,0,2,112,50,62,84.82,62.0,14,37,-23,87,35,9,7,1,1,0.1011,0.0,1,0,4,20,63.71,36.29,27.42,3,0,Home Win
3939984,2024-06-28,Copa America,2024,Colombia,Costa Rica,30,1,0,1,1.3316,0.0814,1.2502,6,2,4,160,68,92,85.0,60.29,20,54,-34,117,46,12,12,1,1,1.0762,0.0814,3,2,2,6,66.54,33.46,33.09,3,0,Home Win
3939984,2024-06-28,Copa America,2024,Colombia,Costa Rica,45,1,0,1,2.1129,0.1011,2.0119,9,3,6,257,114,143,85.99,63.16,34,85,-51,184,74,19,18,1,1,0.7029,0.0,1,0,10,26,64.34,35.66,28.67,3,0,Home Win
3939984,2024-06-28,Copa America,2024,Colombia,Costa Rica,60,2,0,2,2.3706,0.1371,2.2336,12,4,8,335,201,134,84.78,71.14,68,115,-47,243,136,34,30,3,1,0.2577,0.0,3,0,21,13,69.08,30.92,38.16,3,0,Home Win
3939984,2024-06-28,Copa America,2024,Colombia,Costa Rica,75,3,0,3,2.8677,0.1371,2.7307,17,4,13,399,283,116,86.22,75.97,105,144,-39,297,200,46,35,4,1,0.3496,0.0,4,0,24,24,72.69,27.31,45.37,3,0,Home Win
3939984,2024-06-28,Copa America,2024,Colombia,Costa Rica,85,3,0,3,2.9023,0.1371,2.7653,18,4,14,510,322,188,87.45,76.4,122,179,-57,387,235,51,39,5,1,0.0346,0.0,1,0,17,35,56.19,43.81,12.37,3,0,Home Win
3939983,2024-06-29,Copa America,2024,Paraguay,Brazil,15,0,0,0,0.0455,0.2098,-0.1643,2,2,0,100,113,-13,82.0,84.07,31,26,5,75,97,9,10,2,0,0.0455,0.0,2,0,12,13,62.52,37.48,25.04,1,4,Away Win
3939983,2024-06-29,Copa America,2024,Paraguay,Brazil,30,0,0,0,0.1547,1.2719,-1.1172,5,6,-1,183,185,-2,86.34,85.95,55,60,-5,151,161,18,18,6,2,0.0808,0.9855,1,3,10,25,30.3,69.7,-39.4,1,4,Away Win
3939983,2024-06-29,Copa America,2024,Paraguay,Brazil,45,0,2,-2,0.4786,2.3912,-1.9126,8,10,-2,252,281,-29,84.92,88.26,75,88,-13,207,253,26,33,8,5,0.3238,0.8146,3,3,13,25,40.72,59.28,-18.56,1,4,Away Win
3939983,2024-06-29,Copa America,2024,Paraguay,Brazil,60,1,3,-2,0.5559,2.7365,-2.1806,12,12,0,344,336,8,83.14,86.01,95,107,-12,287,294,37,38,9,6,0.0049,0.0331,1,1,10,13,53.91,46.09,7.81,1,4,Away Win
3939983,2024-06-29,Copa America,2024,Paraguay,Brazil,75,1,4,-3,0.6455,3.7142,-3.0687,14,16,-2,389,404,-15,82.78,85.64,115,115,0,323,348,41,45,11,7,0.0896,0.1528,2,2,13,6,51.45,48.55,2.91,1,4,Away Win
3939983,2024-06-29,Copa America,2024,Paraguay,Brazil,85,1,4,-3,0.6917,3.7142,-3.0226,15,16,-1,414,457,-43,83.09,86.21,141,126,15,348,391,42,48,12,8,0.0461,0.0,1,0,26,11,63.53,36.47,27.05,1,4,Away Win
3940878,2024-06-29,UEFA Euro,2024,Switzerland,Italy,15,0,0,0,0.0496,0.0,0.0496,1,0,1,109,71,38,88.99,87.32,22,30,-8,95,45,8,5,0,1,0.0496,0.0,1,0,12,15,60.28,39.72,20.56,2,0,Home Win
3940878,2024-06-29,UEFA Euro,2024,Switzerland,Italy,30,0,0,0,0.3982,0.0601,0.3381,7,1,6,230,123,107,90.0,76.42,47,50,-3,203,74,17,14,2,2,0.3486,0.0601,6,1,22,10,78.38,21.62,56.76,2,0,Home Win
3940878,2024-06-29,UEFA Euro,2024,Switzerland,Italy,45,2,0,2,0.6096,0.0601,0.5495,11,1,10,320,226,94,90.62,83.63,61,69,-8,282,159,19,17,2,4,0.197,0.0,3,0,8,12,66.34,33.66,32.68,2,0,Home Win
3940878,2024-06-29,UEFA Euro,2024,Switzerland,Italy,60,2,0,2,0.6596,0.1552,0.5044,13,4,9,423,334,89,89.13,83.23,83,111,-28,365,240,27,26,4,8,0.0499,0.0951,2,3,13,30,41.08,58.92,-17.84,2,0,Home Win
3940878,2024-06-29,UEFA Euro,2024,Switzerland,Italy,75,2,0,2,0.7003,0.6953,0.0049,14,9,5,497,453,44,89.54,84.77,107,131,-24,431,339,33,33,4,8,0.0,0.5402,0,5,13,12,20.31,79.69,-59.39,2,0,Home Win
3940878,2024-06-29,UEFA Euro,2024,Switzerland,Italy,85,2,0,2,0.7824,0.717,0.0654,16,10,6,532,522,10,88.91,85.44,119,145,-26,455,396,36,38,5,8,0.0821,0.0216,2,1,12,14,49.77,50.23,-0.47,2,0,Home Win
3940983,2024-06-29,UEFA Euro,2024,Germany,Denmark,15,0,0,0,0.2633,0.0,0.2633,6,0,6,134,46,88,88.81,71.74,18,33,-15,113,34,6,6,2,3,0.2633,0.0,6,0,6,19,79.13,20.87,58.25,2,0,Home Win
3940983,2024-06-29,UEFA Euro,2024,Germany,Denmark,30,0,0,0,0.2633,0.3048,-0.0415,6,3,3,225,144,81,86.67,83.33,43,60,-17,193,120,9,11,3,3,0.0,0.1824,0,2,18,21,33.48,66.52,-33.04,2,0,Home Win
3940983,2024-06-29,UEFA Euro,2024,Germany,Denmark,45,0,0,0,0.4392,0.3135,0.1258,8,4,4,311,204,107,86.5,82.84,62,81,-19,266,166,17,16,3,5,0.176,0.0,2,0,10,12,68.59,31.41,37.17,2,0,Home Win
3940983,2024-06-29,UEFA Euro,2024,Germany,Denmark,60,1,0,1,1.648,0.856,0.7919,10,6,4,394,262,132,86.29,80.15,75,110,-35,336,197,20,19,4,5,1.2087,0.0,2,0,5,13,78.01,21.99,56.02,2,0,Home Win
3940983,2024-06-29,UEFA Euro,2024,Germany,Denmark,75,2,0,2,1.9044,0.9154,0.9889,11,7,4,505,350,155,87.52,80.86,95,127,-32,430,263,22,24,7,6,0.2564,0.0,1,0,5,10,71.43,28.57,42.85,2,0,Home Win
3940983,2024-06-29,UEFA Euro,2024,Germany,Denmark,85,2,0,2,1.9071,1.0119,0.8951,12,9,3,529,436,93,87.52,82.34,109,148,-39,457,338,24,31,8,6,0.0027,0.0965,1,2,14,21,31.7,68.3,-36.59,2,0,Home Win
3939985,2024-06-30,Copa America,2024,Canada,Chile,15,0,0,0,0.0424,0.0,0.0424,1,0,1,51,88,-37,68.63,81.82,34,19,15,33,70,9,4,3,1,0.0424,0.0,1,0,32,13,59.31,40.69,18.62,0,0,Draw
3939985,2024-06-30,Copa America,2024,Canada,Chile,30,0,0,0,0.1962,0.0416,0.1546,4,1,3,98,143,-45,72.45,81.82,47,33,14,67,115,15,9,6,2,0.0868,0.0,2,0,8,9,64.87,35.13,29.74,0,0,Draw
3939985,2024-06-30,Copa America,2024,Canada,Chile,45,0,0,0,0.4507,0.0639,0.3868,6,2,4,182,205,-23,76.92,79.02,75,47,28,138,161,22,16,7,3,0.2545,0.0223,2,1,17,10,63.34,36.66,26.69,0,0,Draw
3939985,2024-06-30,Copa America,2024,Canada,Chile,60,0,0,0,0.4838,0.4127,0.071,7,6,1,289,259,30,80.28,74.13,98,71,27,219,195,25,26,8,4,0.0331,0.1008,1,2,14,10,51.19,48.81,2.37,0,0,Draw
3939985,2024-06-30,Copa America,2024,Canada,Chile,75,0,0,0,0.5037,0.4269,0.0769,8,7,1,360,308,52,80.83,73.38,124,84,40,276,228,30,32,9,5,0.02,0.0141,1,1,19,11,58.74,41.26,17.47,0,0,Draw
3939985,2024-06-30,Copa America,2024,Canada,Chile,85,0,0,0,0.6995,0.4269,0.2726,9,7,2,432,332,100,80.79,72.59,128,103,25,333,238,34,33,10,7,0.1958,0.0,1,0,4,19,64.0,36.0,27.99,0,0,Draw
3939986,2024-06-30,Copa America,2024,Argentina,Peru,15,0,0,0,0.0482,0.0,0.0482,1,0,1,117,40,77,87.18,75.0,17,26,-9,88,30,3,8,2,0,0.0482,0.0,1,0,4,16,64.55,35.45,29.11,2,0,Home Win
3939986,2024-06-30,Copa America,2024,Argentina,Peru,30,0,0,0,0.0816,0.0224,0.0593,2,1,1,246,73,173,89.02,75.34,29,55,-26,190,54,8,10,2,4,0.0334,0.0,1,0,5,24,59.36,40.64,18.73,2,0,Home Win
3939986,2024-06-30,Copa America,2024,Argentina,Peru,45,0,0,0,0.2985,0.0299,0.2686,6,2,4,372,113,259,90.32,70.8,45,77,-32,306,77,12,15,3,5,0.2169,0.0076,4,1,12,10,74.4,25.6,48.8,2,0,Home Win
3939986,2024-06-30,Copa America,2024,Argentina,Peru,60,1,0,1,0.6416,0.0299,0.6117,7,2,5,455,152,303,89.45,69.74,58,92,-34,371,103,15,18,3,6,0.0,0.0,0,0,5,11,59.14,40.86,18.27,2,0,Home Win
3939986,2024-06-30,Copa America,2024,Argentina,Peru,75,1,0,1,1.5651,0.0742,1.4908,10,4,6,539,192,347,88.87,67.19,71,107,-36,439,133,20,29,4,7,0.9235,0.0235,3,1,8,10,71.24,28.76,42.49,2,0,Home Win
3939986,2024-06-30,Copa America,2024,Argentina,Peru,85,2,0,2,2.1058,0.0742,2.0315,12,4,8,639,214,425,89.36,67.76,84,121,-37,532,150,27,32,4,8,0.5407,0.0,2,0,13,14,79.85,20.15,59.7,2,0,Home Win
3941017,2024-06-30,UEFA Euro,2024,England,Slovakia,15,0,0,0,0.089,0.2252,-0.1361,1,3,-2,151,50,101,92.05,70.0,19,35,-16,130,41,6,9,0,3,0.089,0.1328,1,2,12,22,48.13,51.87,-3.75,2,1,Home Win
3941017,2024-06-30,UEFA Euro,2024,England,Slovakia,30,0,1,-1,0.1712,0.7532,-0.582,3,4,-1,273,101,172,90.84,73.27,39,50,-11,239,85,13,17,0,4,0.0822,0.528,2,1,11,10,58.06,41.94,16.11,2,1,Home Win
3941017,2024-06-30,UEFA Euro,2024,England,Slovakia,45,0,1,-1,0.2119,0.7532,-0.5413,4,4,0,406,132,274,89.41,68.18,55,81,-26,347,105,22,22,1,4,0.0407,0.0,1,0,11,20,67.56,32.44,35.12,2,1,Home Win
3941017,2024-06-30,UEFA Euro,2024,England,Slovakia,60,0,1,-1,0.5255,0.7817,-0.2562,9,5,4,539,161,378,88.68,68.32,68,109,-41,466,127,34,26,2,6,0.2441,0.0285,3,1,8,20,66.25,33.75,32.5,2,1,Home Win
3941017,2024-06-30,UEFA Euro,2024,England,Slovakia,75,0,1,-1,0.5255,0.7817,-0.2562,9,5,4,640,222,418,88.28,73.42,81,136,-55,554,177,39,31,2,7,0.0,0.0,0,0,10,21,50.12,49.88,0.25,2,1,Home Win
3941017,2024-06-30,UEFA Euro,2024,England,Slovakia,85,0,1,-1,0.8348,0.7817,0.0531,12,5,7,710,244,466,87.61,71.31,90,155,-65,612,193,46,35,5,8,0.3093,0.0,3,0,9,19,73.75,26.25,47.5,2,1,Home Win
3941018,2024-06-30,UEFA Euro,2024,Spain,Georgia,15,0,0,0,0.5201,0.0,0.5201,8,0,8,189,25,164,91.01,64.0,13,28,-15,155,13,8,5,0,1,0.2418,0.0,5,0,7,11,86.96,13.04,73.92,4,1,Home Win
3941018,2024-06-30,UEFA Euro,2024,Spain,Georgia,30,0,1,-1,0.6677,0.0507,0.617,13,1,12,319,79,240,90.6,73.42,50,59,-9,271,68,23,19,3,5,0.1476,0.0507,5,1,20,15,72.81,27.19,45.62,4,1,Home Win
3941018,2024-06-30,UEFA Euro,2024,Spain,Georgia,45,1,1,0,0.8517,0.0548,0.7969,17,2,15,421,129,292,89.31,75.19,71,78,-7,350,99,26,23,4,6,0.1684,0.0041,3,1,11,9,69.79,30.21,39.58,4,1,Home Win
3941018,2024-06-30,UEFA Euro,2024,Spain,Georgia,60,2,1,1,1.4749,0.0604,1.4145,24,3,21,609,154,455,90.64,74.68,84,106,-22,511,117,33,26,5,9,0.2248,0.0,4,0,12,19,79.36,20.64,58.71,4,1,Home Win
3941018,2024-06-30,UEFA Euro,2024,Spain,Georgia,75,3,1,2,1.7901,0.1131,1.677,27,4,23,739,192,547,91.61,76.04,99,126,-27,633,149,35,32,5,9,0.2395,0.0527,2,1,12,15,61.91,38.09,23.82,4,1,Home Win
3941018,2024-06-30,UEFA Euro,2024,Spain,Georgia,85,4,1,3,2.5527,0.1131,2.4396,31,4,27,801,254,547,92.01,79.13,112,141,-29,686,191,37,32,6,10,0.7626,0.0,4,0,13,15,76.81,23.19,53.62,4,1,Home Win
3939987,2024-07-01,Copa America,2024,Jamaica,Venezuela,15,0,0,0,0.0862,0.1522,-0.066,2,3,-1,92,83,9,84.78,84.34,20,20,0,77,70,9,6,2,2,0.0608,0.1522,1,3,12,8,36.82,63.18,-26.35,0,3,Away Win
3939987,2024-07-01,Copa America,2024,Jamaica,Venezuela,30,0,0,0,0.5772,0.2601,0.3171,4,5,-1,167,137,30,82.63,82.48,33,45,-12,133,107,16,10,4,4,0.0176,0.1079,1,2,9,19,40.17,59.83,-19.66,0,3,Away Win
3939987,2024-07-01,Copa America,2024,Jamaica,Venezuela,45,0,0,0,0.6456,0.3466,0.299,6,7,-1,214,224,-10,81.31,81.25,52,65,-13,175,176,27,20,6,5,0.0152,0.0864,1,2,14,7,41.33,58.67,-17.34,0,3,Away Win
3939987,2024-07-01,Copa America,2024,Jamaica,Venezuela,60,0,2,-2,0.6456,0.9918,-0.3463,6,12,-6,280,286,-6,81.43,81.82,71,86,-15,222,230,33,29,7,5,0.0,0.3384,0,3,12,11,24.31,75.69,-51.37,0,3,Away Win
3939987,2024-07-01,Copa America,2024,Jamaica,Venezuela,75,0,2,-2,0.6456,1.1925,-0.547,6,14,-8,344,374,-30,81.4,82.35,95,110,-15,271,300,44,39,7,6,0.0,0.1517,0,1,20,15,40.03,59.97,-19.94,0,3,Away Win
3939987,2024-07-01,Copa America,2024,Jamaica,Venezuela,85,0,3,-3,0.66,1.6725,-1.0124,7,16,-9,364,416,-52,80.22,81.97,102,114,-12,288,334,49,42,9,10,0.0145,0.4799,1,2,7,4,33.72,66.28,-32.56,0,3,Away Win
3939988,2024-07-01,Copa America,2024,Mexico,Ecuador,15,0,0,0,0.1618,0.0716,0.0901,5,2,3,72,66,6,76.39,65.15,31,27,4,52,47,9,11,1,1,0.0753,0.0716,2,2,20,8,52.09,47.91,4.19,0,0,Draw
3939988,2024-07-01,Copa America,2024,Mexico,Ecuador,30,0,0,0,0.2729,0.1912,0.0817,7,5,2,148,130,18,80.41,72.31,49,49,0,112,99,15,22,1,3,0.027,0.0586,1,1,13,16,46.1,53.9,-7.8,0,0,Draw
3939988,2024-07-01,Copa America,2024,Mexico,Ecuador,45,0,0,0,0.4654,0.2002,0.2652,10,6,4,228,206,22,82.02,73.79,70,89,-19,184,162,25,31,3,6,0.1431,0.009,2,1,17,22,53.05,46.95,6.11,0,0,Draw
3939988,2024-07-01,Copa America,2024,Mexico,Ecuador,60,0,0,0,0.7017,0.2002,0.5015,12,6,6,297,244,53,80.13,71.31,91,115,-24,237,189,36,42,4,7,0.2363,0.0,2,0,11,14,70.01,29.99,40.01,0,0,Draw
3939988,2024-07-01,Copa America,2024,Mexico,Ecuador,75,0,0,0,0.8492,0.2088,0.6404,18,7,11,345,269,76,78.84,69.89,98,136,-38,275,202,49,46,4,7,0.0397,0.0087,2,1,7,7,61.78,38.22,23.56,0,0,Draw
3939988,2024-07-01,Copa America,2024,Mexico,Ecuador,85,0,0,0,0.8492,0.3058,0.5434,18,9,9,396,291,105,79.29,69.42,111,152,-41,312,220,54,51,4,7,0.0,0.097,0,2,13,16,36.23,63.77,-27.54,0,0,Draw
3941019,2024-07-01,UEFA Euro,2024,France,Belgium,15,0,0,0,0.1434,0.0,0.1434,3,0,3,152,84,68,94.08,86.9,18,32,-14,139,68,5,2,1,0,0.0941,0.0,2,0,13,18,70.91,29.09,41.81,1,0,Home Win
3941019,2024-07-01,UEFA Euro,2024,France,Belgium,30,0,0,0,0.1943,0.1059,0.0884,5,1,4,241,175,66,92.53,89.14,32,52,-20,214,146,9,5,1,0,0.0,0.1059,0,1,11,16,30.21,69.79,-39.58,1,0,Home Win
3941019,2024-07-01,UEFA Euro,2024,France,Belgium,45,0,0,0,0.5289,0.1059,0.423,9,1,8,374,251,123,91.71,87.65,46,81,-35,327,194,16,7,3,1,0.2401,0.0,3,0,11,24,71.8,28.2,43.6,1,0,Home Win
3941019,2024-07-01,UEFA Euro,2024,France,Belgium,60,0,0,0,0.9507,0.2367,0.714,14,2,12,489,319,170,91.41,86.52,71,101,-30,434,248,25,13,7,3,0.2254,0.1307,2,1,15,16,61.89,38.11,23.78,1,0,Home Win
3941019,2024-07-01,UEFA Euro,2024,France,Belgium,75,0,0,0,1.1042,0.2748,0.8295,17,3,14,566,418,148,90.99,87.08,101,118,-17,501,334,28,21,9,5,0.0988,0.0381,2,1,20,13,55.81,44.19,11.63,1,0,Home Win
3941019,2024-07-01,UEFA Euro,2024,France,Belgium,85,1,0,1,1.262,0.3575,0.9045,19,4,15,637,467,170,91.37,87.58,114,121,-7,562,372,30,23,10,7,0.1578,0.0827,2,1,13,3,66.63,33.37,33.26,1,0,Home Win
3941020,2024-07-01,UEFA Euro,2024,Portugal,Slovenia,15,0,0,0,0.0489,0.0,0.0489,1,0,1,141,47,94,87.23,59.57,20,33,-13,127,33,14,11,1,2,0.0,0.0,0,0,13,23,59.06,40.94,18.13,0,0,Draw
3941020,2024-07-01,UEFA Euro,2024,Portugal,Slovenia,30,0,0,0,0.1199,0.0,0.1199,2,0,2,231,108,123,83.12,66.67,42,59,-17,201,76,21,18,7,4,0.071,0.0,1,0,12,23,55.59,44.41,11.18,0,0,Draw
3941020,2024-07-01,UEFA Euro,2024,Portugal,Slovenia,45,0,0,0,0.2101,0.0681,0.1419,4,2,2,282,156,126,81.91,66.67,49,84,-35,245,104,28,18,9,6,0.0067,0.0681,1,2,4,20,36.67,63.33,-26.66,0,0,Draw
3941020,2024-07-01,UEFA Euro,2024,Portugal,Slovenia,60,0,0,0,0.6002,0.3713,0.2289,11,5,6,412,190,222,84.22,65.26,61,122,-61,355,121,36,23,10,8,0.2609,0.2724,5,2,6,28,59.88,40.12,19.75,0,0,Draw
3941020,2024-07-01,UEFA Euro,2024,Portugal,Slovenia,75,0,0,0,0.6295,0.3713,0.2582,12,5,7,523,238,285,84.7,65.97,77,148,-71,450,154,42,33,11,10,0.0294,0.0,1,0,10,10,60.9,39.1,21.79,0,0,Draw
3941020,2024-07-01,UEFA Euro,2024,Portugal,Slovenia,85,0,0,0,0.6295,0.3713,0.2582,12,5,7,599,258,341,84.97,63.57,79,161,-82,517,162,49,38,12,10,0.0,0.0,0,0,2,13,58.92,41.08,17.85,0,0,Draw
3939989,2024-07-02,Copa America,2024,Bolivia,Panama,15,0,0,0,0.0,0.0277,-0.0277,0,2,-2,62,123,-61,72.58,81.3,40,23,17,39,102,6,6,2,3,0.0,0.0277,0,2,22,10,37.08,62.92,-25.85,1,3,Away Win
3939989,2024-07-02,Copa America,2024,Bolivia,Panama,30,0,1,-1,0.1435,0.1337,0.0098,3,3,0,115,174,-59,73.91,79.89,58,39,19,76,138,12,8,2,5,0.0565,0.1059,2,1,16,6,61.59,38.41,23.19,1,3,Away Win
3939989,2024-07-02,Copa America,2024,Bolivia,Panama,45,0,1,-1,0.1827,0.2825,-0.0998,4,5,-1,214,263,-49,78.97,82.51,88,61,27,160,210,16,11,5,8,0.0,0.0317,0,1,19,14,47.86,52.14,-4.28,1,3,Away Win
3939989,2024-07-02,Copa America,2024,Bolivia,Panama,60,0,1,-1,0.1827,0.3423,-0.1596,4,7,-3,289,333,-44,79.93,81.38,116,76,40,216,265,20,20,7,8,0.0,0.0,0,0,16,14,51.58,48.42,3.15,1,3,Away Win
3939989,2024-07-02,Copa America,2024,Bolivia,Panama,75,1,1,0,0.6869,0.9782,-0.2913,6,10,-4,386,394,-8,82.12,80.96,140,114,26,295,307,30,23,9,9,0.5042,0.4318,2,2,18,33,50.45,49.55,0.9,1,3,Away Win
3939989,2024-07-02,Copa America,2024,Bolivia,Panama,85,1,2,-1,0.7934,1.2296,-0.4362,7,12,-5,418,425,-7,81.34,80.71,147,120,27,316,332,33,28,9,11,0.1065,0.2514,1,2,7,6,39.4,60.6,-21.21,1,3,Away Win
3939990,2024-07-02,Copa America,2024,United States,Uruguay,15,0,0,0,0.0278,0.0,0.0278,1,0,1,88,51,37,78.41,64.71,24,40,-16,60,31,10,6,0,3,0.0278,0.0,1,0,14,19,59.39,40.61,18.77,0,1,Away Win
3939990,2024-07-02,Copa America,2024,United States,Uruguay,30,0,0,0,0.0278,0.0,0.0278,1,0,1,128,94,34,74.22,65.96,30,55,-25,80,59,14,10,2,4,0.0,0.0,0,0,5,9,35.33,64.67,-29.33,0,1,Away Win
3939990,2024-07-02,Copa America,2024,United States,Uruguay,45,0,0,0,0.0278,0.4448,-0.417,1,4,-3,166,181,-15,73.49,74.59,61,72,-11,105,134,17,26,2,8,0.0,0.2749,0,3,28,13,29.03,70.97,-41.94,0,1,Away Win
3939990,2024-07-02,Copa America,2024,United States,Uruguay,60,0,0,0,0.1243,0.4772,-0.3529,2,6,-4,242,263,-21,75.21,74.52,88,111,-23,140,194,20,37,2,8,0.0,0.0055,0,1,22,19,35.13,64.87,-29.74,0,1,Away Win
3939990,2024-07-02,Copa America,2024,United States,Uruguay,75,0,1,-1,0.2003,1.0588,-0.8584,3,9,-6,289,303,-14,73.7,73.93,105,125,-20,162,221,20,42,2,10,0.076,0.0044,1,1,8,9,53.08,46.92,6.15,0,1,Away Win
3939990,2024-07-02,Copa America,2024,United States,Uruguay,85,0,1,-1,0.2408,1.1003,-0.8594,4,10,-6,347,329,18,72.91,72.64,117,141,-24,200,239,26,49,2,11,0.0405,0.0415,1,1,12,16,51.68,48.32,3.37,0,1,Away Win
3941021,2024-07-02,UEFA Euro,2024,Romania,Netherlands,15,0,0,0,0.0392,0.0083,0.0309,1,1,0,64,72,-8,68.75,75.0,30,25,5,46,51,8,7,1,5,0.0392,0.0,1,0,19,19,59.26,40.74,18.53,0,3,Away Win
3941021,2024-07-02,UEFA Euro,2024,Romania,Netherlands,30,0,1,-1,0.1553,0.2867,-0.1315,3,6,-3,78,203,-125,66.67,83.74,53,27,26,50,158,8,13,3,6,0.1089,0.1186,1,2,16,2,36.48,63.52,-27.04,0,3,Away Win
3941021,2024-07-02,UEFA Euro,2024,Romania,Netherlands,45,0,1,-1,0.1553,0.4293,-0.2741,3,8,-5,124,317,-193,68.55,82.97,81,40,41,75,249,11,22,5,7,0.0,0.1426,0,2,26,11,33.61,66.39,-32.79,0,3,Away Win
3941021,2024-07-02,UEFA Euro,2024,Romania,Netherlands,60,0,1,-1,0.2677,1.4158,-1.1481,5,15,-10,196,415,-219,70.41,83.61,105,49,56,120,324,15,26,6,9,0.0557,0.7448,1,5,16,6,28.7,71.3,-42.59,0,3,Away Win
3941021,2024-07-02,UEFA Euro,2024,Romania,Netherlands,75,0,1,-1,0.2677,1.7154,-1.4477,5,19,-14,246,491,-245,70.33,84.11,126,56,70,152,392,21,34,7,12,0.0,0.1787,0,2,15,6,32.67,67.33,-34.66,0,3,Away Win
3941021,2024-07-02,UEFA Euro,2024,Romania,Netherlands,85,0,2,-2,0.2677,2.2748,-2.0071,5,23,-18,286,538,-252,70.98,84.39,143,66,77,176,431,21,40,8,12,0.0,0.5594,0,4,17,10,22.74,77.26,-54.53,0,3,Away Win
3941022,2024-07-02,UEFA Euro,2024,Austria,Turkey,15,0,1,-1,0.2673,0.4581,-0.1908,4,1,3,89,70,19,75.28,80.0,25,35,-10,66,54,13,6,1,0,0.224,0.0,3,0,19,19,68.7,31.3,37.41,1,2,Away Win
3941022,2024-07-02,UEFA Euro,2024,Austria,Turkey,30,0,1,-1,0.2673,0.5692,-0.3018,4,3,1,182,170,12,79.67,84.71,55,51,4,143,138,20,14,1,3,0.0,0.104,0,1,22,9,40.36,59.64,-19.28,1,2,Away Win
3941022,2024-07-02,UEFA Euro,2024,Austria,Turkey,45,0,1,-1,0.4442,0.5692,-0.1249,6,3,3,288,260,28,82.29,83.08,86,80,6,227,209,33,24,2,5,0.1687,0.0,1,0,19,19,59.53,40.47,19.06,1,2,Away Win
3941022,2024-07-02,UEFA Euro,2024,Austria,Turkey,60,0,2,-2,0.9567,0.7746,0.1821,10,5,5,375,317,58,81.87,82.02,101,114,-13,296,246,46,30,5,6,0.1712,0.2054,2,2,9,15,47.37,52.63,-5.26,1,2,Away Win
3941022,2024-07-02,UEFA Euro,2024,Austria,Turkey,75,1,2,-1,1.8284,0.7746,1.0538,16,5,11,484,380,104,81.4,80.26,122,132,-10,375,290,55,35,5,9,0.1778,0.0,4,0,17,13,77.86,22.14,55.71,1,2,Away Win
3941022,2024-07-02,UEFA Euro,2024,Austria,Turkey,85,1,2,-1,2.1533,0.7746,1.3787,19,5,14,554,406,148,81.23,79.06,128,152,-24,427,303,61,36,5,10,0.3248,0.0,3,0,6,20,73.34,26.66,46.67,1,2,Away Win
3939991,2024-07-03,Copa America,2024,Brazil,Colombia,15,1,0,1,0.1315,0.0867,0.0448,3,2,1,50,71,-21,76.0,85.92,28,27,1,41,53,10,7,3,1,0.1315,0.0867,3,2,15,11,56.47,43.53,12.94,1,1,Draw
3939991,2024-07-03,Copa America,2024,Brazil,Colombia,30,1,0,1,0.1315,0.1162,0.0153,3,3,0,103,125,-22,75.73,82.4,52,44,8,81,91,15,14,4,2,0.0,0.0295,0,1,22,12,47.67,52.33,-4.65,1,1,Draw
3939991,2024-07-03,Copa America,2024,Brazil,Colombia,45,1,0,1,0.1315,0.2275,-0.096,3,6,-3,176,210,-34,77.84,85.71,73,62,11,142,167,17,21,7,2,0.0,0.0,0,0,17,15,49.6,50.4,-0.81,1,1,Draw
3939991,2024-07-03,Copa America,2024,Brazil,Colombia,60,1,1,0,0.2648,1.0372,-0.7724,6,10,-4,274,285,-11,79.2,83.86,109,93,16,225,228,27,33,8,4,0.1169,0.0318,2,1,16,16,63.1,36.9,26.21,1,1,Draw
3939991,2024-07-03,Copa America,2024,Brazil,Colombia,75,1,1,0,0.2648,1.1397,-0.8749,6,11,-5,327,367,-40,78.9,83.38,141,108,33,266,295,31,42,9,6,0.0,0.1025,0,1,20,11,39.11,60.89,-21.77,1,1,Draw
3939991,2024-07-03,Copa America,2024,Brazil,Colombia,85,1,1,0,0.2648,1.503,-1.2382,6,13,-7,387,416,-29,80.1,83.65,158,124,34,319,336,37,44,10,7,0.0,0.3633,0,2,17,16,37.08,62.92,-25.84,1,1,Draw
3939992,2024-07-03,Copa America,2024,Costa Rica,Paraguay,15,2,0,2,0.2721,0.0315,0.2405,2,1,1,77,70,7,77.92,81.43,26,34,-8,60,57,13,5,3,2,0.0413,0.0315,1,1,17,21,48.08,51.92,-3.84,2,1,Home Win
3939992,2024-07-03,Copa America,2024,Costa Rica,Paraguay,30,2,0,2,0.2721,0.1191,0.153,2,4,-2,132,143,-11,73.48,81.12,41,67,-26,102,112,23,14,4,5,0.0,0.0572,0,2,11,24,26.71,73.29,-46.59,2,1,Home Win
3939992,2024-07-03,Copa America,2024,Costa Rica,Paraguay,45,2,0,2,0.2721,0.1191,0.153,2,4,-2,169,251,-82,69.23,82.87,66,91,-25,127,202,31,24,5,5,0.0,0.0,0,0,21,16,42.48,57.52,-15.03,2,1,Home Win
3939992,2024-07-03,Copa America,2024,Costa Rica,Paraguay,60,2,1,1,0.2721,0.4197,-0.1476,2,9,-7,213,347,-134,68.54,84.73,88,103,-15,152,288,33,29,5,7,0.0,0.1691,0,4,18,8,22.86,77.14,-54.28,2,1,Home Win
3939992,2024-07-03,Copa America,2024,Costa Rica,Paraguay,75,2,1,1,0.2721,0.5103,-0.2383,2,11,-9,268,443,-175,67.91,84.65,109,122,-13,193,368,42,37,8,13,0.0,0.0,0,0,16,15,43.78,56.22,-12.43,2,1,Home Win
3939992,2024-07-03,Copa America,2024,Costa Rica,Paraguay,85,2,1,1,0.2721,0.583,-0.311,2,12,-10,278,512,-234,67.63,85.55,119,126,-7,200,427,45,39,9,13,0.0,0.0727,0,1,10,4,27.14,72.86,-45.72,2,1,Home Win
3942226,2024-07-05,UEFA Euro,2024,Spain,Germany,15,0,0,0,0.2374,0.0,0.2374,4,0,4,60,68,-8,78.33,79.41,29,31,-2,52,59,10,9,1,0,0.12,0.0,3,0,20,18,65.66,34.34,31.32,2,1,Home Win
3942226,2024-07-05,UEFA Euro,2024,Spain,Germany,30,0,0,0,0.3269,0.0971,0.2298,6,2,4,98,179,-81,77.55,85.47,49,40,9,84,157,16,15,4,0,0.0209,0.0215,1,1,11,6,48.46,51.54,-3.07,2,1,Home Win
3942226,2024-07-05,UEFA Euro,2024,Spain,Germany,45,0,0,0,0.383,0.2514,0.1316,8,3,5,225,251,-26,84.44,84.46,71,66,5,200,219,25,21,4,1,0.0561,0.0,2,0,12,20,68.88,31.12,37.76,2,1,Home Win
3942226,2024-07-05,UEFA Euro,2024,Spain,Germany,60,1,0,1,0.8285,0.3403,0.4882,11,6,5,288,337,-49,83.68,82.79,102,88,14,254,288,37,32,7,3,0.2879,0.0689,2,2,21,16,52.31,47.69,4.62,2,1,Home Win
3942226,2024-07-05,UEFA Euro,2024,Spain,Germany,75,1,0,1,0.8285,0.6199,0.2086,11,10,1,375,418,-43,84.27,83.73,126,108,18,320,358,42,39,8,4,0.0,0.233,0,3,17,15,32.46,67.54,-35.08,2,1,Home Win
3942226,2024-07-05,UEFA Euro,2024,Spain,Germany,85,1,0,1,0.8783,0.8194,0.0589,12,13,-1,409,462,-53,84.35,83.98,136,124,12,350,396,44,44,10,4,0.0498,0.1994,1,3,10,16,32.14,67.86,-35.72,2,1,Home Win
3942228,2024-07-05,Copa America,2024,Argentina,Ecuador,15,0,0,0,0.0,0.2699,-0.2699,0,3,-3,109,76,33,88.99,73.68,26,23,3,99,62,5,10,3,2,0.0,0.2699,0,3,20,8,31.33,68.67,-37.34,1,1,Draw
3942228,2024-07-05,Copa America,2024,Argentina,Ecuador,30,0,0,0,0.0254,0.2699,-0.2445,1,3,-2,220,130,90,88.64,75.38,42,48,-6,200,109,11,15,5,3,0.0254,0.0,1,0,13,19,60.47,39.53,20.93,1,1,Draw
3942228,2024-07-05,Copa America,2024,Argentina,Ecuador,45,1,0,1,0.5681,0.2699,0.2982,4,3,1,285,176,109,87.37,76.14,53,80,-27,262,150,19,24,6,4,0.0793,0.0,1,0,9,21,50.63,49.37,1.26,1,1,Draw
3942228,2024-07-05,Copa America,2024,Argentina,Ecuador,60,1,0,1,0.6174,0.3232,0.2942,5,4,1,319,253,66,85.58,77.87,65,93,-28,287,215,23,28,7,4,0.0493,0.0533,1,1,5,5,49.17,50.83,-1.67,1,1,Draw
3942228,2024-07-05,Copa America,2024,Argentina,Ecuador,75,1,0,1,0.8586,1.1067,-0.2481,8,5,3,355,333,22,82.82,81.08,77,105,-28,314,279,31,32,7,5,0.2412,0.0,3,0,11,9,67.08,32.92,34.16,1,1,Draw
3942228,2024-07-05,Copa America,2024,Argentina,Ecuador,85,1,0,1,0.8586,1.1588,-0.3003,8,6,2,379,367,12,81.79,80.38,85,111,-26,332,311,36,35,8,6,0.0,0.0521,0,1,8,6,35.56,64.44,-28.88,1,1,Draw
3942349,2024-07-05,UEFA Euro,2024,Portugal,France,15,0,0,0,0.0274,0.0,0.0274,1,0,1,150,88,62,91.33,86.36,15,13,2,131,64,4,2,4,2,0.0274,0.0,1,0,4,6,78.23,21.77,56.47,0,0,Draw
3942349,2024-07-05,UEFA Euro,2024,Portugal,France,30,0,0,0,0.0274,0.0488,-0.0214,1,3,-2,235,187,48,90.64,88.77,41,25,16,202,145,8,13,4,2,0.0,0.0311,0,2,15,8,35.59,64.41,-28.83,0,0,Draw
3942349,2024-07-05,UEFA Euro,2024,Portugal,France,45,0,0,0,0.0669,0.0488,0.0181,2,3,-1,348,273,75,90.23,88.28,55,48,7,309,220,18,19,4,3,0.0395,0.0,1,0,8,18,61.04,38.96,22.07,0,0,Draw
3942349,2024-07-05,UEFA Euro,2024,Portugal,France,60,0,0,0,0.3017,0.1016,0.2001,5,5,0,453,351,102,89.18,88.03,72,70,2,395,279,27,25,5,5,0.2348,0.0,3,0,6,14,75.97,24.03,51.95,0,0,Draw
3942349,2024-07-05,UEFA Euro,2024,Portugal,France,75,0,0,0,0.7019,0.5192,0.1826,7,11,-4,566,426,140,90.46,88.5,87,81,6,487,344,29,29,6,5,0.0,0.2948,0,4,11,6,30.92,69.08,-38.17,0,0,Draw
3942349,2024-07-05,UEFA Euro,2024,Portugal,France,85,0,0,0,0.7192,0.5192,0.1999,9,11,-2,631,454,177,90.02,88.55,97,86,11,540,370,35,32,6,6,0.0173,0.0,2,0,10,5,78.34,21.66,56.68,0,0,Draw
3942227,2024-07-06,UEFA Euro,2024,England,Switzerland,15,0,0,0,0.081,0.0089,0.0721,2,1,1,121,98,23,91.74,89.8,35,29,6,107,92,4,5,1,1,0.081,0.0089,2,1,22,18,57.89,42.11,15.79,1,1,Draw
3942227,2024-07-06,UEFA Euro,2024,England,Switzerland,30,0,0,0,0.1058,0.0595,0.0463,3,2,1,214,183,31,87.85,89.07,64,56,8,181,166,10,7,1,1,0.0248,0.0506,1,1,19,22,48.86,51.14,-2.29,1,1,Draw
3942227,2024-07-06,UEFA Euro,2024,England,Switzerland,45,0,0,0,0.234,0.0595,0.1745,5,2,3,321,267,54,89.1,88.76,83,91,-8,279,239,20,9,1,2,0.1282,0.0,2,0,15,26,61.61,38.39,23.22,1,1,Draw
3942227,2024-07-06,UEFA Euro,2024,England,Switzerland,60,0,0,0,0.2777,0.2256,0.0521,6,4,2,406,340,66,88.42,88.24,117,114,3,350,307,26,17,1,3,0.0,0.1137,0,1,22,12,45.2,54.8,-9.6,1,1,Draw
3942227,2024-07-06,UEFA Euro,2024,England,Switzerland,75,0,1,-1,0.2777,0.954,-0.6763,6,6,0,467,424,43,88.44,89.39,131,135,-4,402,388,31,22,2,4,0.0,0.6736,0,1,10,16,28.19,71.81,-43.63,1,1,Draw
3942227,2024-07-06,UEFA Euro,2024,England,Switzerland,85,1,1,0,0.3485,0.954,-0.6055,8,6,2,534,458,76,88.95,89.74,152,145,7,462,422,34,24,2,5,0.0708,0.0,2,0,21,10,75.44,24.56,50.88,1,1,Draw
3942229,2024-07-06,Copa America,2024,Venezuela,Canada,15,0,1,-1,0.0788,0.2559,-0.1771,1,4,-3,68,87,-19,79.41,80.46,35,24,11,43,67,11,10,4,0,0.0788,0.2559,1,4,23,11,38.31,61.69,-23.37,1,1,Draw
3942229,2024-07-06,Copa America,2024,Venezuela,Canada,30,0,1,-1,0.4505,0.7293,-0.2788,7,7,0,153,150,3,79.08,76.67,64,53,11,109,117,21,20,6,1,0.2012,0.4734,4,3,23,15,53.14,46.86,6.28,1,1,Draw
3942229,2024-07-06,Copa America,2024,Venezuela,Canada,45,0,1,-1,0.5402,0.7293,-0.1891,8,7,1,232,184,48,76.29,73.37,81,80,1,162,138,30,30,6,1,0.0,0.0,0,0,16,22,52.26,47.74,4.51,1,1,Draw
3942229,2024-07-06,Copa America,2024,Venezuela,Canada,60,0,1,-1,0.727,0.8929,-0.1659,11,8,3,345,255,90,74.2,73.73,115,117,-2,236,186,45,41,9,4,0.1343,0.1636,2,1,20,20,58.9,41.1,17.8,1,1,Draw
3942229,2024-07-06,Copa America,2024,Venezuela,Canada,75,1,1,0,0.8006,1.0017,-0.2011,13,11,2,403,303,100,74.44,74.92,130,133,-3,276,228,49,51,9,6,0.0546,0.0509,1,2,11,11,41.32,58.68,-17.36,1,1,Draw
3942229,2024-07-06,Copa America,2024,Venezuela,Canada,85,1,1,0,0.9221,1.2257,-0.3037,15,14,1,449,347,102,74.16,74.93,144,142,2,306,262,55,57,10,6,0.1215,0.224,2,3,14,9,45.76,54.24,-8.47,1,1,Draw
3942382,2024-07-06,UEFA Euro,2024,Netherlands,Turkey,15,0,0,0,0.2338,0.0259,0.2079,3,1,2,136,65,71,88.97,78.46,14,32,-18,117,57,9,4,0,3,0.1032,0.0259,2,1,3,11,64.32,35.68,28.63,2,1,Home Win
3942382,2024-07-06,UEFA Euro,2024,Netherlands,Turkey,30,0,0,0,0.2338,0.148,0.0858,3,3,0,208,157,51,88.46,81.53,30,49,-19,179,139,16,10,3,5,0.0,0.1033,0,1,11,7,46.7,53.3,-6.6,2,1,Home Win
3942382,2024-07-06,UEFA Euro,2024,Netherlands,Turkey,45,0,1,-1,0.2592,0.4197,-0.1605,4,6,-2,294,242,52,87.76,80.58,53,71,-18,244,215,19,24,4,9,0.0255,0.0,1,0,19,18,56.64,43.36,13.28,2,1,Home Win
3942382,2024-07-06,UEFA Euro,2024,Netherlands,Turkey,60,0,1,-1,0.2883,0.4621,-0.1738,5,7,-2,410,289,121,87.32,80.28,70,89,-19,338,252,25,29,4,10,0.0291,0.0424,1,1,11,14,52.94,47.06,5.87,2,1,Home Win
3942382,2024-07-06,UEFA Euro,2024,Netherlands,Turkey,75,2,1,1,0.647,0.5006,0.1465,10,8,2,525,311,214,88.38,79.42,80,122,-42,443,266,32,33,5,11,0.32,0.0,4,0,7,23,76.06,23.94,52.12,2,1,Home Win
3942382,2024-07-06,UEFA Euro,2024,Netherlands,Turkey,85,2,1,1,0.647,0.865,-0.2179,10,11,-1,553,356,197,88.43,80.34,90,131,-41,465,306,34,37,6,12,0.0,0.3644,0,3,10,9,21.21,78.79,-57.58,2,1,Home Win
3942416,2024-07-06,Copa America,2024,Colombia,Panama,15,2,0,2,1.1697,0.0678,1.1019,2,1,1,74,33,41,86.49,84.85,18,15,3,55,22,1,5,0,0,1.1697,0.0678,2,1,3,5,76.65,23.35,53.3,5,0,Home Win
3942416,2024-07-06,Copa America,2024,Colombia,Panama,30,2,0,2,1.2046,0.2718,0.9328,3,4,-1,152,102,50,82.24,79.41,40,39,1,102,74,9,17,0,1,0.0349,0.0,1,0,15,19,55.26,44.74,10.53,5,0,Home Win
3942416,2024-07-06,Copa America,2024,Colombia,Panama,45,3,0,3,1.3575,0.3675,0.9899,4,7,-3,199,176,23,80.9,80.68,66,60,6,137,133,16,27,1,4,0.1529,0.0596,1,1,17,10,50.2,49.8,0.4,5,0,Home Win
3942416,2024-07-06,Copa America,2024,Colombia,Panama,60,3,0,3,1.3575,0.3807,0.9768,4,8,-4,296,264,32,81.42,80.3,103,97,6,214,206,22,39,3,6,0.0,0.0131,0,1,24,25,44.7,55.3,-10.61,5,0,Home Win
3942416,2024-07-06,Copa America,2024,Colombia,Panama,75,4,0,4,1.3969,0.4427,0.9542,6,10,-4,331,291,40,81.87,80.41,109,108,1,242,230,24,41,3,8,0.0156,0.0403,1,1,6,9,46.73,53.27,-6.53,5,0,Home Win
3942416,2024-07-06,Copa America,2024,Colombia,Panama,85,4,0,4,1.3969,0.61,0.787,6,14,-8,379,343,36,80.74,81.05,131,124,7,275,277,24,49,4,9,0.0,0.1673,0,4,22,16,28.07,71.93,-43.87,5,0,Home Win
3942415,2024-07-07,Copa America,2024,Uruguay,Brazil,15,0,0,0,0.0,0.0362,-0.0362,0,1,-1,65,75,-10,78.46,73.33,53,31,22,58,50,12,5,0,2,0.0,0.0362,0,1,38,20,55.47,44.53,10.94,0,0,Draw
3942415,2024-07-07,Copa America,2024,Uruguay,Brazil,30,0,0,0,0.2023,0.0362,0.1661,3,1,2,106,123,-17,71.7,73.98,76,48,28,84,78,17,6,2,4,0.0,0.0,0,0,20,12,55.31,44.69,10.63,0,0,Draw
3942415,2024-07-07,Copa America,2024,Uruguay,Brazil,45,0,0,0,0.381,0.4709,-0.0899,5,3,2,165,169,-4,70.91,73.37,105,68,37,132,110,28,15,4,5,0.0084,0.0563,1,1,23,18,54.98,45.02,9.96,0,0,Draw
3942415,2024-07-07,Copa America,2024,Uruguay,Brazil,60,0,0,0,0.596,0.574,0.022,10,4,6,235,243,-8,73.62,76.54,142,94,48,189,165,39,23,5,9,0.2003,0.0,4,0,25,11,77.36,22.64,54.72,0,0,Draw
3942415,2024-07-07,Copa America,2024,Uruguay,Brazil,75,0,0,0,0.6046,0.6304,-0.0258,11,6,5,261,311,-50,73.56,77.81,176,113,63,212,228,47,30,6,12,0.0,0.0564,0,2,23,6,37.61,62.39,-24.78,0,0,Draw
3942415,2024-07-07,Copa America,2024,Uruguay,Brazil,85,0,0,0,0.6046,0.6759,-0.0713,11,7,4,271,379,-108,72.69,79.42,204,119,85,218,286,52,33,8,12,0.0,0.0455,0,1,28,6,45.56,54.44,-8.87,0,0,Draw
3942752,2024-07-09,UEFA Euro,2024,Spain,France,15,0,1,-1,0.1933,0.3016,-0.1083,1,2,-1,92,77,15,88.04,87.01,29,25,4,88,52,9,4,1,2,0.0,0.3016,0,2,12,14,34.97,65.03,-30.06,2,1,Home Win
3942752,2024-07-09,UEFA Euro,2024,Spain,France,30,2,1,1,0.294,0.3828,-0.0889,3,3,0,187,121,66,86.1,80.99,41,59,-18,165,79,16,9,1,5,0.0739,0.0,1,0,6,26,55.54,44.46,11.08,2,1,Home Win
3942752,2024-07-09,UEFA Euro,2024,Spain,France,45,2,1,1,0.3671,0.3828,-0.0157,5,3,2,258,202,56,84.88,82.67,55,83,-28,225,146,17,14,1,6,0.0243,0.0,1,0,11,17,51.72,48.28,3.44,2,1,Home Win
3942752,2024-07-09,UEFA Euro,2024,Spain,France,60,2,1,1,0.3671,0.5011,-0.1339,5,5,0,336,271,65,86.61,83.03,78,116,-38,294,203,24,19,3,6,0.0,0.1182,0,2,11,21,27.8,72.2,-44.4,2,1,Home Win
3942752,2024-07-09,UEFA Euro,2024,Spain,France,75,2,1,1,0.3671,0.7193,-0.3522,5,7,-2,442,336,106,88.24,82.74,102,141,-39,389,260,28,29,4,6,0.0,0.1217,0,1,17,17,44.41,55.59,-11.19,2,1,Home Win
3942752,2024-07-09,UEFA Euro,2024,Spain,France,85,2,1,1,0.4215,0.819,-0.3974,6,8,-2,484,358,126,88.02,82.12,113,151,-38,423,280,33,32,4,6,0.0544,0.0996,1,1,11,10,54.08,45.92,8.16,2,1,Home Win
3942785,2024-07-10,Copa America,2024,Argentina,Canada,15,0,0,0,0.0375,0.0957,-0.0582,1,2,-1,131,77,54,87.02,84.42,42,28,14,109,57,7,9,3,4,0.0375,0.0744,1,1,28,14,59.37,40.63,18.75,2,0,Home Win
3942785,2024-07-10,Copa America,2024,Argentina,Canada,30,1,0,1,0.5919,0.1409,0.451,3,3,0,228,160,68,90.79,86.88,73,42,31,193,124,11,11,3,6,0.55,0.0,1,0,22,5,74.0,26.0,48.0,2,0,Home Win
3942785,2024-07-10,Copa America,2024,Argentina,Canada,45,1,0,1,0.8602,0.1409,0.7193,8,3,5,342,223,119,89.47,83.86,92,81,11,283,170,19,16,3,9,0.1488,0.0,2,0,15,31,59.85,40.15,19.71,2,0,Home Win
3942785,2024-07-10,Copa America,2024,Argentina,Canada,60,2,0,2,1.7542,0.3441,1.4101,11,5,6,404,300,104,88.61,84.67,114,107,7,329,239,24,24,4,10,0.1746,0.0373,1,1,12,17,47.86,52.14,-4.29,2,0,Home Win
3942785,2024-07-10,Copa America,2024,Argentina,Canada,75,2,0,2,1.7542,0.3863,1.3679,11,6,5,434,387,47,87.56,86.3,147,126,21,351,307,29,30,4,11,0.0,0.0,0,0,22,9,50.46,49.54,0.92,2,0,Home Win
3942785,2024-07-10,Copa America,2024,Argentina,Canada,85,2,0,2,1.7542,0.3863,1.3679,11,6,5,470,449,21,87.02,87.31,165,136,29,378,362,31,34,5,11,0.0,0.0,0,0,18,10,48.49,51.51,-3.02,2,0,Home Win
3942819,2024-07-10,UEFA Euro,2024,Netherlands,England,15,1,0,1,0.0489,0.1007,-0.0517,1,2,-1,49,93,-44,91.84,87.1,27,9,18,43,84,3,8,2,0,0.0489,0.1007,1,2,10,4,39.05,60.95,-21.91,1,2,Away Win
3942819,2024-07-10,UEFA Euro,2024,Netherlands,England,30,1,1,0,0.1519,1.0565,-0.9045,3,4,-1,111,193,-82,87.39,88.6,39,22,17,90,174,9,13,5,2,0.103,0.1723,2,1,11,9,48.92,51.08,-2.15,1,2,Away Win
3942819,2024-07-10,UEFA Euro,2024,Netherlands,England,45,1,1,0,0.1519,1.1496,-0.9977,3,7,-4,175,324,-149,88.0,90.74,54,30,24,143,296,11,18,6,3,0.0,0.0644,0,2,11,8,30.49,69.51,-39.02,1,2,Away Win
3942819,2024-07-10,UEFA Euro,2024,Netherlands,England,60,1,1,0,0.1519,1.1496,-0.9977,3,7,-4,259,472,-213,88.03,91.1,70,44,26,216,426,15,22,7,4,0.0,0.0,0,0,10,6,31.18,68.82,-37.63,1,2,Away Win
3942819,2024-07-10,UEFA Euro,2024,Netherlands,England,75,1,1,0,0.292,1.1496,-0.8576,5,7,-2,368,522,-154,89.67,91.19,77,58,19,309,470,18,24,7,6,0.0,0.0,0,0,6,10,59.95,40.05,19.89,1,2,Away Win
3942819,2024-07-10,UEFA Euro,2024,Netherlands,England,85,1,1,0,0.4122,1.1496,-0.7375,7,7,0,425,583,-158,90.35,90.91,81,73,8,357,518,19,28,9,6,0.1202,0.0,2,0,4,15,58.25,41.75,16.5,1,2,Away Win
3942852,2024-07-11,Copa America,2024,Uruguay,Colombia,15,0,0,0,0.0,0.0833,-0.0833,0,3,-3,70,97,-27,71.43,82.47,46,28,18,40,79,9,11,3,1,0.0,0.0546,0,2,31,20,40.73,59.27,-18.53,0,1,Away Win
3942852,2024-07-11,Copa America,2024,Uruguay,Colombia,30,0,0,0,0.3642,0.0833,0.2808,4,3,1,130,141,-11,78.46,80.14,67,60,7,96,113,19,18,5,3,0.1666,0.0,3,0,15,24,66.08,33.92,32.16,0,1,Away Win
3942852,2024-07-11,Copa America,2024,Uruguay,Colombia,45,0,1,-1,0.3642,0.3195,0.0446,4,6,-2,175,189,-14,78.86,80.95,84,72,12,133,144,23,22,7,4,0.0,0.1638,0,2,12,6,34.55,65.45,-30.9,0,1,Away Win
3942852,2024-07-11,Copa America,2024,Uruguay,Colombia,60,0,1,-1,0.3642,0.4256,-0.0615,4,8,-4,248,217,31,81.05,78.8,100,86,14,184,160,24,24,7,4,0.0,0.0,0,0,9,8,54.72,45.28,9.43,0,1,Away Win
3942852,2024-07-11,Copa America,2024,Uruguay,Colombia,75,0,1,-1,0.534,0.4256,0.1083,7,8,-1,327,248,79,81.35,76.21,121,112,9,253,176,35,27,9,5,0.1698,0.0,3,0,11,20,73.0,27.0,46.01,0,1,Away Win
3942852,2024-07-11,Copa America,2024,Uruguay,Colombia,85,0,1,-1,0.6284,0.4256,0.2028,9,8,1,399,261,138,82.46,74.33,130,126,4,315,187,41,32,9,5,0.0944,0.0,2,0,9,14,74.01,25.99,48.01,0,1,Away Win
3943043,2024-07-14,UEFA Euro,2024,Spain,England,15,0,0,0,0.1855,0.0,0.1855,2,0,2,124,50,74,88.71,72.0,25,22,3,101,38,6,3,0,1,0.1855,0.0,2,0,16,8,76.52,23.48,53.03,2,1,Home Win
3943043,2024-07-14,UEFA Euro,2024,Spain,England,30,0,0,0,0.2336,0.049,0.1846,3,1,2,229,102,127,86.03,73.53,54,51,3,183,82,9,10,1,1,0.0481,0.0,1,0,18,19,59.43,40.57,18.86,2,1,Home Win
3943043,2024-07-14,UEFA Euro,2024,Spain,England,45,0,0,0,0.3385,0.2771,0.0615,5,3,2,338,149,189,86.69,75.17,77,89,-12,278,121,19,16,1,2,0.0784,0.2281,1,2,15,25,44.15,55.85,-11.7,2,1,Home Win
3943043,2024-07-14,UEFA Euro,2024,Spain,England,60,1,0,1,1.0141,0.2771,0.737,10,3,7,435,238,197,88.51,78.99,115,118,-3,358,195,25,19,1,3,0.3175,0.0,3,0,28,21,71.04,28.96,42.08,2,1,Home Win
3943043,2024-07-14,UEFA Euro,2024,Spain,England,75,1,1,0,1.3445,0.446,0.8985,14,6,8,483,293,190,87.37,79.52,149,141,8,397,244,31,26,2,3,0.1682,0.1127,3,2,19,17,56.64,43.36,13.29,2,1,Home Win
3943043,2024-07-14,UEFA Euro,2024,Spain,England,85,2,1,1,1.7917,0.446,1.3457,16,6,10,585,309,276,88.38,79.61,156,162,-6,490,261,37,27,2,3,0.4473,0.0,2,0,7,21,73.93,26.07,47.85,2,1,Home Win
3943076,2024-07-14,Copa America,2024,Canada,Uruguay,15,0,1,-1,0.0,0.1569,-0.1569,0,3,-3,69,45,24,68.12,77.78,37,31,6,55,44,11,11,2,1,0.0,0.1569,0,3,25,19,35.83,64.17,-28.35,2,2,Draw
3943076,2024-07-14,Copa America,2024,Canada,Uruguay,30,1,1,0,0.3375,0.2563,0.0812,3,4,-1,136,107,29,72.79,74.77,60,60,0,107,95,18,18,3,3,0.3285,0.0,2,0,15,17,67.43,32.57,34.86,2,2,Draw
3943076,2024-07-14,Copa America,2024,Canada,Uruguay,45,1,1,0,1.5488,0.3391,1.2098,8,5,3,226,166,60,74.34,75.9,85,96,-11,176,140,31,24,6,5,1.0885,0.0828,4,1,15,20,71.79,28.21,43.58,2,2,Draw
3943076,2024-07-14,Copa America,2024,Canada,Uruguay,60,1,1,0,1.9,0.3391,1.561,9,5,4,288,222,66,72.57,75.68,101,124,-23,218,187,37,32,8,8,0.3512,0.0,1,0,14,20,57.25,42.75,14.5,2,2,Draw
3943076,2024-07-14,Copa America,2024,Canada,Uruguay,75,1,1,0,2.039,0.6158,1.4232,12,8,4,327,280,47,72.48,75.36,116,145,-29,252,225,44,38,13,8,0.0777,0.2767,2,3,7,13,38.4,61.6,-23.2,2,2,Draw
3943076,2024-07-14,Copa America,2024,Canada,Uruguay,85,2,1,1,2.2878,0.7513,1.5365,14,10,4,342,322,20,71.64,75.47,135,155,-20,264,255,48,43,14,8,0.2489,0.1355,2,2,19,10,52.49,47.51,4.97,2,2,Draw
3943077,2024-07-15,Copa America,2024,Argentina,Colombia,15,0,0,0,0.0721,0.2625,-0.1904,1,3,-2,86,109,-23,83.72,87.16,23,17,6,66,91,1,7,2,2,0.0,0.2328,0,2,15,5,32.04,67.96,-35.91,1,0,Home Win
3943077,2024-07-15,Copa America,2024,Argentina,Colombia,30,0,0,0,0.2235,0.3121,-0.0886,2,4,-2,162,223,-61,85.8,89.69,41,35,6,134,182,5,10,3,2,0.0,0.0496,0,1,15,9,34.27,65.73,-31.46,1,0,Home Win
3943077,2024-07-15,Copa America,2024,Argentina,Colombia,45,0,0,0,0.271,0.4442,-0.1732,3,8,-5,257,292,-35,86.77,89.38,63,65,-2,213,244,9,17,4,3,0.0475,0.0318,1,2,16,17,44.59,55.41,-10.82,1,0,Home Win
3943077,2024-07-15,Copa America,2024,Argentina,Colombia,60,0,0,0,0.406,0.6046,-0.1985,6,11,-5,335,353,-18,85.07,87.54,83,86,-3,269,289,16,22,4,4,0.0693,0.1384,2,2,15,12,52.53,47.47,5.06,1,0,Home Win
3943077,2024-07-15,Copa America,2024,Argentina,Colombia,75,0,0,0,0.406,0.6241,-0.2181,6,12,-6,373,403,-30,83.65,87.1,96,100,-4,292,331,17,27,5,4,0.0,0.0,0,0,10,11,42.67,57.33,-14.67,1,0,Home Win
3943077,2024-07-15,Copa America,2024,Argentina,Colombia,85,0,0,0,0.406,0.7201,-0.3141,6,14,-8,401,452,-51,82.29,86.95,107,108,-1,311,371,21,32,5,8,0.0,0.096,0,2,11,8,28.68,71.32,-42.63,1,0,Home Win
